id,familia,rf,rotulo,estado,variante,tamanhos,arquivo_fonte,prompt,prompt_negativo
LOGO,LOGO,—,Logo FashionAI,normal,full,"512,96",logo-normal.png,"A circular app icon badge in soft 3D clay-render style, front view, centered, on a pure white background. Outer ring: a thick dark espresso-brown disc (#2A211C) with a subtly beveled rim. On the disc: a network mesh of thin cream-colored threads forming triangles, connecting round glossy nodes in yellow, orange, green, blue and brown, larger nodes near the outer edge, smaller near the center. Behind the mesh, a vibrant orange halo (#F57C1F) surrounds a smooth matte cream medallion (#F5EBD7) in the center. On the medallion: a shopping tote bag with rounded handles, rendered as a single chunky matte-black object (#1E1B18) with rounded edges, soft studio lighting from the top-left, a short soft shadow on the cream medallion. The white bold sans-serif letters ""FAI"" sit on the object. Flat composition, no perspective tilt, no extra objects, no background scene, no watermark, crisp edges, high detail, 1024x1024.","text, letters, watermark, logo of real brands, photorealistic person, face, hands, gradient background, perspective, multiple objects, clutter, blur"
LOGO,LOGO,—,Logo FashionAI,normal,halfmesh,48,logo-normal-halfmesh.png,"A circular app icon badge in soft 3D clay-render style, front view, centered, on a pure white background. Outer ring: a thick dark espresso-brown disc (#2A211C) with a subtly beveled rim. On the disc: a sparse network mesh of thin cream-colored threads with half the usual number of round glossy nodes in yellow, orange, green, blue and brown, larger nodes near the outer edge. Behind the mesh, a vibrant orange halo (#F57C1F) surrounds a smooth matte cream medallion (#F5EBD7) in the center. On the medallion: a shopping tote bag with rounded handles, rendered as a single chunky matte-black object (#1E1B18) with rounded edges, soft studio lighting from the top-left, a short soft shadow on the cream medallion. The white bold sans-serif letters ""FAI"" sit on the object. Flat composition, no perspective tilt, no extra objects, no background scene, no watermark, crisp edges, high detail, 1024x1024.","text, letters, watermark, logo of real brands, photorealistic person, face, hands, gradient background, perspective, multiple objects, clutter, blur"
LOGO,LOGO,—,Logo FashionAI,normal,nomesh,24,logo-normal-nomesh.png,"A circular app icon badge in soft 3D clay-render style, front view, centered, on a pure white background. Outer ring: a thick dark espresso-brown disc (#2A211C) with a subtly beveled rim. The dark disc is plain, no network mesh, no nodes. Behind the mesh, a vibrant orange halo (#F57C1F) surrounds a smooth matte cream medallion (#F5EBD7) in the center. On the medallion: a shopping tote bag with rounded handles, rendered as a single chunky matte-black object (#1E1B18) with rounded edges, soft studio lighting from the top-left, a short soft shadow on the cream medallion. The white bold sans-serif letters ""FAI"" sit on the object. Flat composition, no perspective tilt, no extra objects, no background scene, no watermark, crisp edges, high detail, 1024x1024.","text, letters, watermark, logo of real brands, photorealistic person, face, hands, gradient background, perspective, multiple objects, clutter, blur"
SOC-01,SOC,RF7,Curtir,normal,full,"512,96",soc-01-normal.png,"A circular app icon badge in soft 3D clay-render style, front view, centered, on a pure white background. Outer ring: a thick dark espresso-brown disc (#2A211C) with a subtly beveled rim. On the disc: a network mesh of thin cream-colored threads forming triangles, connecting round glossy nodes in yellow, orange, green, blue and brown, larger nodes near the outer edge, smaller near the center. Behind the mesh, a vibrant orange halo (#F57C1F) surrounds a smooth matte cream medallion (#F5EBD7) in the center. On the medallion: a puffy heart made of quilted leather, like a quilted handbag panel, with visible diamond stitching, rendered as a single chunky matte-black object (#1E1B18) with rounded edges, soft studio lighting from the top-left, a short soft shadow on the cream medallion. No text, no letters, no numbers anywhere. Flat composition, no perspective tilt, no extra objects, no background scene, no watermark, crisp edges, high detail, 1024x1024.","text, letters, watermark, logo of real brands, photorealistic person, face, hands, gradient background, perspective, multiple objects, clutter, blur"
SOC-01,SOC,RF7,Curtir,normal,halfmesh,48,soc-01-normal-halfmesh.png,"A circular app icon badge in soft 3D clay-render style, front view, centered, on a pure white background. Outer ring: a thick dark espresso-brown disc (#2A211C) with a subtly beveled rim. On the disc: a sparse network mesh of thin cream-colored threads with half the usual number of round glossy nodes in yellow, orange, green, blue and brown, larger nodes near the outer edge. Behind the mesh, a vibrant orange halo (#F57C1F) surrounds a smooth matte cream medallion (#F5EBD7) in the center. On the medallion: a puffy heart made of quilted leather, like a quilted handbag panel, with visible diamond stitching, rendered as a single chunky matte-black object (#1E1B18) with rounded edges, soft studio lighting from the top-left, a short soft shadow on the cream medallion. No text, no letters, no numbers anywhere. Flat composition, no perspective tilt, no extra objects, no background scene, no watermark, crisp edges, high detail, 1024x1024.","text, letters, watermark, logo of real brands, photorealistic person, face, hands, gradient background, perspective, multiple objects, clutter, blur"
SOC-01,SOC,RF7,Curtir,normal,nomesh,24,soc-01-normal-nomesh.png,"A circular app icon badge in soft 3D clay-render style, front view, centered, on a pure white background. Outer ring: a thick dark espresso-brown disc (#2A211C) with a subtly beveled rim. The dark disc is plain, no network mesh, no nodes. Behind the mesh, a vibrant orange halo (#F57C1F) surrounds a smooth matte cream medallion (#F5EBD7) in the center. On the medallion: a puffy heart made of quilted leather, like a quilted handbag panel, with visible diamond stitching, rendered as a single chunky matte-black object (#1E1B18) with rounded edges, soft studio lighting from the top-left, a short soft shadow on the cream medallion. No text, no letters, no numbers anywhere. Flat composition, no perspective tilt, no extra objects, no background scene, no watermark, crisp edges, high detail, 1024x1024.","text, letters, watermark, logo of real brands, photorealistic person, face, hands, gradient background, perspective, multiple objects, clutter, blur"
SOC-01,SOC,RF7,Curtir,ativo,full,"512,96",soc-01-ativo.png,"A circular app icon badge in soft 3D clay-render style, front view, centered, on a pure white background. Outer ring: a thick dark espresso-brown disc (#2A211C) with a subtly beveled rim. On the disc: a network mesh of thin cream-colored threads forming triangles, connecting round glossy nodes in yellow, orange, green, blue and brown, larger nodes near the outer edge, smaller near the center. Behind the mesh, a vibrant orange halo (#F57C1F) surrounds a smooth matte cream medallion (#F5EBD7) in the center. On the medallion: a puffy heart made of quilted leather, like a quilted handbag panel, with visible diamond stitching, rendered as a single chunky matte-black object (#1E1B18) with rounded edges, soft studio lighting from the top-left, a short soft shadow on the cream medallion. With accent details in bright orange (#F57C1F): orange stitching on the heart. No text, no letters, no numbers anywhere. Flat composition, no perspective tilt, no extra objects, no background scene, no watermark, crisp edges, high detail, 1024x1024.","text, letters, watermark, logo of real brands, photorealistic person, face, hands, gradient background, perspective, multiple objects, clutter, blur"
SOC-01,SOC,RF7,Curtir,ativo,halfmesh,48,soc-01-ativo-halfmesh.png,"A circular app icon badge in soft 3D clay-render style, front view, centered, on a pure white background. Outer ring: a thick dark espresso-brown disc (#2A211C) with a subtly beveled rim. On the disc: a sparse network mesh of thin cream-colored threads with half the usual number of round glossy nodes in yellow, orange, green, blue and brown, larger nodes near the outer edge. Behind the mesh, a vibrant orange halo (#F57C1F) surrounds a smooth matte cream medallion (#F5EBD7) in the center. On the medallion: a puffy heart made of quilted leather, like a quilted handbag panel, with visible diamond stitching, rendered as a single chunky matte-black object (#1E1B18) with rounded edges, soft studio lighting from the top-left, a short soft shadow on the cream medallion. With accent details in bright orange (#F57C1F): orange stitching on the heart. No text, no letters, no numbers anywhere. Flat composition, no perspective tilt, no extra objects, no background scene, no watermark, crisp edges, high detail, 1024x1024.","text, letters, watermark, logo of real brands, photorealistic person, face, hands, gradient background, perspective, multiple objects, clutter, blur"
SOC-01,SOC,RF7,Curtir,ativo,nomesh,24,soc-01-ativo-nomesh.png,"A circular app icon badge in soft 3D clay-render style, front view, centered, on a pure white background. Outer ring: a thick dark espresso-brown disc (#2A211C) with a subtly beveled rim. The dark disc is plain, no network mesh, no nodes. Behind the mesh, a vibrant orange halo (#F57C1F) surrounds a smooth matte cream medallion (#F5EBD7) in the center. On the medallion: a puffy heart made of quilted leather, like a quilted handbag panel, with visible diamond stitching, rendered as a single chunky matte-black object (#1E1B18) with rounded edges, soft studio lighting from the top-left, a short soft shadow on the cream medallion. With accent details in bright orange (#F57C1F): orange stitching on the heart. No text, no letters, no numbers anywhere. Flat composition, no perspective tilt, no extra objects, no background scene, no watermark, crisp edges, high detail, 1024x1024.","text, letters, watermark, logo of real brands, photorealistic person, face, hands, gradient background, perspective, multiple objects, clutter, blur"
SOC-02,SOC,RF7,Comentar,normal,full,"512,96",soc-02-normal.png,"A circular app icon badge in soft 3D clay-render style, front view, centered, on a pure white background. Outer ring: a thick dark espresso-brown disc (#2A211C) with a subtly beveled rim. On the disc: a network mesh of thin cream-colored threads forming triangles, connecting round glossy nodes in yellow, orange, green, blue and brown, larger nodes near the outer edge, smaller near the center. Behind the mesh, a vibrant orange halo (#F57C1F) surrounds a smooth matte cream medallion (#F5EBD7) in the center. On the medallion: a speech bubble shaped like a sewn-in clothing label, with a stitched border and a tiny tail, rendered as a single chunky matte-black object (#1E1B18) with rounded edges, soft studio lighting from the top-left, a short soft shadow on the cream medallion. No text, no letters, no numbers anywhere. Flat composition, no perspective tilt, no extra objects, no background scene, no watermark, crisp edges, high detail, 1024x1024.","text, letters, watermark, logo of real brands, photorealistic person, face, hands, gradient background, perspective, multiple objects, clutter, blur"
SOC-02,SOC,RF7,Comentar,normal,halfmesh,48,soc-02-normal-halfmesh.png,"A circular app icon badge in soft 3D clay-render style, front view, centered, on a pure white background. Outer ring: a thick dark espresso-brown disc (#2A211C) with a subtly beveled rim. On the disc: a sparse network mesh of thin cream-colored threads with half the usual number of round glossy nodes in yellow, orange, green, blue and brown, larger nodes near the outer edge. Behind the mesh, a vibrant orange halo (#F57C1F) surrounds a smooth matte cream medallion (#F5EBD7) in the center. On the medallion: a speech bubble shaped like a sewn-in clothing label, with a stitched border and a tiny tail, rendered as a single chunky matte-black object (#1E1B18) with rounded edges, soft studio lighting from the top-left, a short soft shadow on the cream medallion. No text, no letters, no numbers anywhere. Flat composition, no perspective tilt, no extra objects, no background scene, no watermark, crisp edges, high detail, 1024x1024.","text, letters, watermark, logo of real brands, photorealistic person, face, hands, gradient background, perspective, multiple objects, clutter, blur"
SOC-02,SOC,RF7,Comentar,normal,nomesh,24,soc-02-normal-nomesh.png,"A circular app icon badge in soft 3D clay-render style, front view, centered, on a pure white background. Outer ring: a thick dark espresso-brown disc (#2A211C) with a subtly beveled rim. The dark disc is plain, no network mesh, no nodes. Behind the mesh, a vibrant orange halo (#F57C1F) surrounds a smooth matte cream medallion (#F5EBD7) in the center. On the medallion: a speech bubble shaped like a sewn-in clothing label, with a stitched border and a tiny tail, rendered as a single chunky matte-black object (#1E1B18) with rounded edges, soft studio lighting from the top-left, a short soft shadow on the cream medallion. No text, no letters, no numbers anywhere. Flat composition, no perspective tilt, no extra objects, no background scene, no watermark, crisp edges, high detail, 1024x1024.","text, letters, watermark, logo of real brands, photorealistic person, face, hands, gradient background, perspective, multiple objects, clutter, blur"
SOC-02,SOC,RF7,Comentar,ativo,full,"512,96",soc-02-ativo.png,"A circular app icon badge in soft 3D clay-render style, front view, centered, on a pure white background. Outer ring: a thick dark espresso-brown disc (#2A211C) with a subtly beveled rim. On the disc: a network mesh of thin cream-colored threads forming triangles, connecting round glossy nodes in yellow, orange, green, blue and brown, larger nodes near the outer edge, smaller near the center. Behind the mesh, a vibrant orange halo (#F57C1F) surrounds a smooth matte cream medallion (#F5EBD7) in the center. On the medallion: a speech bubble shaped like a sewn-in clothing label, with a stitched border and a tiny tail, rendered as a single chunky matte-black object (#1E1B18) with rounded edges, soft studio lighting from the top-left, a short soft shadow on the cream medallion. With accent details in bright orange (#F57C1F): three orange dots on the label. No text, no letters, no numbers anywhere. Flat composition, no perspective tilt, no extra objects, no background scene, no watermark, crisp edges, high detail, 1024x1024.","text, letters, watermark, logo of real brands, photorealistic person, face, hands, gradient background, perspective, multiple objects, clutter, blur"
SOC-02,SOC,RF7,Comentar,ativo,halfmesh,48,soc-02-ativo-halfmesh.png,"A circular app icon badge in soft 3D clay-render style, front view, centered, on a pure white background. Outer ring: a thick dark espresso-brown disc (#2A211C) with a subtly beveled rim. On the disc: a sparse network mesh of thin cream-colored threads with half the usual number of round glossy nodes in yellow, orange, green, blue and brown, larger nodes near the outer edge. Behind the mesh, a vibrant orange halo (#F57C1F) surrounds a smooth matte cream medallion (#F5EBD7) in the center. On the medallion: a speech bubble shaped like a sewn-in clothing label, with a stitched border and a tiny tail, rendered as a single chunky matte-black object (#1E1B18) with rounded edges, soft studio lighting from the top-left, a short soft shadow on the cream medallion. With accent details in bright orange (#F57C1F): three orange dots on the label. No text, no letters, no numbers anywhere. Flat composition, no perspective tilt, no extra objects, no background scene, no watermark, crisp edges, high detail, 1024x1024.","text, letters, watermark, logo of real brands, photorealistic person, face, hands, gradient background, perspective, multiple objects, clutter, blur"
SOC-02,SOC,RF7,Comentar,ativo,nomesh,24,soc-02-ativo-nomesh.png,"A circular app icon badge in soft 3D clay-render style, front view, centered, on a pure white background. Outer ring: a thick dark espresso-brown disc (#2A211C) with a subtly beveled rim. The dark disc is plain, no network mesh, no nodes. Behind the mesh, a vibrant orange halo (#F57C1F) surrounds a smooth matte cream medallion (#F5EBD7) in the center. On the medallion: a speech bubble shaped like a sewn-in clothing label, with a stitched border and a tiny tail, rendered as a single chunky matte-black object (#1E1B18) with rounded edges, soft studio lighting from the top-left, a short soft shadow on the cream medallion. With accent details in bright orange (#F57C1F): three orange dots on the label. No text, no letters, no numbers anywhere. Flat composition, no perspective tilt, no extra objects, no background scene, no watermark, crisp edges, high detail, 1024x1024.","text, letters, watermark, logo of real brands, photorealistic person, face, hands, gradient background, perspective, multiple objects, clutter, blur"
SOC-03,SOC,RF7,Compartilhar,normal,full,"512,96",soc-03-normal.png,"A circular app icon badge in soft 3D clay-render style, front view, centered, on a pure white background. Outer ring: a thick dark espresso-brown disc (#2A211C) with a subtly beveled rim. On the disc: a network mesh of thin cream-colored threads forming triangles, connecting round glossy nodes in yellow, orange, green, blue and brown, larger nodes near the outer edge, smaller near the center. Behind the mesh, a vibrant orange halo (#F57C1F) surrounds a smooth matte cream medallion (#F5EBD7) in the center. On the medallion: a paper airplane folded from a clothing swing tag, with the tag's round eyelet hole visible, rendered as a single chunky matte-black object (#1E1B18) with rounded edges, soft studio lighting from the top-left, a short soft shadow on the cream medallion. No text, no letters, no numbers anywhere. Flat composition, no perspective tilt, no extra objects, no background scene, no watermark, crisp edges, high detail, 1024x1024.","text, letters, watermark, logo of real brands, photorealistic person, face, hands, gradient background, perspective, multiple objects, clutter, blur"
SOC-03,SOC,RF7,Compartilhar,normal,halfmesh,48,soc-03-normal-halfmesh.png,"A circular app icon badge in soft 3D clay-render style, front view, centered, on a pure white background. Outer ring: a thick dark espresso-brown disc (#2A211C) with a subtly beveled rim. On the disc: a sparse network mesh of thin cream-colored threads with half the usual number of round glossy nodes in yellow, orange, green, blue and brown, larger nodes near the outer edge. Behind the mesh, a vibrant orange halo (#F57C1F) surrounds a smooth matte cream medallion (#F5EBD7) in the center. On the medallion: a paper airplane folded from a clothing swing tag, with the tag's round eyelet hole visible, rendered as a single chunky matte-black object (#1E1B18) with rounded edges, soft studio lighting from the top-left, a short soft shadow on the cream medallion. No text, no letters, no numbers anywhere. Flat composition, no perspective tilt, no extra objects, no background scene, no watermark, crisp edges, high detail, 1024x1024.","text, letters, watermark, logo of real brands, photorealistic person, face, hands, gradient background, perspective, multiple objects, clutter, blur"
SOC-03,SOC,RF7,Compartilhar,normal,nomesh,24,soc-03-normal-nomesh.png,"A circular app icon badge in soft 3D clay-render style, front view, centered, on a pure white background. Outer ring: a thick dark espresso-brown disc (#2A211C) with a subtly beveled rim. The dark disc is plain, no network mesh, no nodes. Behind the mesh, a vibrant orange halo (#F57C1F) surrounds a smooth matte cream medallion (#F5EBD7) in the center. On the medallion: a paper airplane folded from a clothing swing tag, with the tag's round eyelet hole visible, rendered as a single chunky matte-black object (#1E1B18) with rounded edges, soft studio lighting from the top-left, a short soft shadow on the cream medallion. No text, no letters, no numbers anywhere. Flat composition, no perspective tilt, no extra objects, no background scene, no watermark, crisp edges, high detail, 1024x1024.","text, letters, watermark, logo of real brands, photorealistic person, face, hands, gradient background, perspective, multiple objects, clutter, blur"
SOC-03,SOC,RF7,Compartilhar,ativo,full,"512,96",soc-03-ativo.png,"A circular app icon badge in soft 3D clay-render style, front view, centered, on a pure white background. Outer ring: a thick dark espresso-brown disc (#2A211C) with a subtly beveled rim. On the disc: a network mesh of thin cream-colored threads forming triangles, connecting round glossy nodes in yellow, orange, green, blue and brown, larger nodes near the outer edge, smaller near the center. Behind the mesh, a vibrant orange halo (#F57C1F) surrounds a smooth matte cream medallion (#F5EBD7) in the center. On the medallion: a paper airplane folded from a clothing swing tag, with the tag's round eyelet hole visible, rendered as a single chunky matte-black object (#1E1B18) with rounded edges, soft studio lighting from the top-left, a short soft shadow on the cream medallion. With accent details in bright orange (#F57C1F): a short orange trail behind the airplane. No text, no letters, no numbers anywhere. Flat composition, no perspective tilt, no extra objects, no background scene, no watermark, crisp edges, high detail, 1024x1024.","text, letters, watermark, logo of real brands, photorealistic person, face, hands, gradient background, perspective, multiple objects, clutter, blur"
SOC-03,SOC,RF7,Compartilhar,ativo,halfmesh,48,soc-03-ativo-halfmesh.png,"A circular app icon badge in soft 3D clay-render style, front view, centered, on a pure white background. Outer ring: a thick dark espresso-brown disc (#2A211C) with a subtly beveled rim. On the disc: a sparse network mesh of thin cream-colored threads with half the usual number of round glossy nodes in yellow, orange, green, blue and brown, larger nodes near the outer edge. Behind the mesh, a vibrant orange halo (#F57C1F) surrounds a smooth matte cream medallion (#F5EBD7) in the center. On the medallion: a paper airplane folded from a clothing swing tag, with the tag's round eyelet hole visible, rendered as a single chunky matte-black object (#1E1B18) with rounded edges, soft studio lighting from the top-left, a short soft shadow on the cream medallion. With accent details in bright orange (#F57C1F): a short orange trail behind the airplane. No text, no letters, no numbers anywhere. Flat composition, no perspective tilt, no extra objects, no background scene, no watermark, crisp edges, high detail, 1024x1024.","text, letters, watermark, logo of real brands, photorealistic person, face, hands, gradient background, perspective, multiple objects, clutter, blur"
SOC-03,SOC,RF7,Compartilhar,ativo,nomesh,24,soc-03-ativo-nomesh.png,"A circular app icon badge in soft 3D clay-render style, front view, centered, on a pure white background. Outer ring: a thick dark espresso-brown disc (#2A211C) with a subtly beveled rim. The dark disc is plain, no network mesh, no nodes. Behind the mesh, a vibrant orange halo (#F57C1F) surrounds a smooth matte cream medallion (#F5EBD7) in the center. On the medallion: a paper airplane folded from a clothing swing tag, with the tag's round eyelet hole visible, rendered as a single chunky matte-black object (#1E1B18) with rounded edges, soft studio lighting from the top-left, a short soft shadow on the cream medallion. With accent details in bright orange (#F57C1F): a short orange trail behind the airplane. No text, no letters, no numbers anywhere. Flat composition, no perspective tilt, no extra objects, no background scene, no watermark, crisp edges, high detail, 1024x1024.","text, letters, watermark, logo of real brands, photorealistic person, face, hands, gradient background, perspective, multiple objects, clutter, blur"
SOC-04,SOC,RF7,Remixar,normal,full,"512,96",soc-04-normal.png,"A circular app icon badge in soft 3D clay-render style, front view, centered, on a pure white background. Outer ring: a thick dark espresso-brown disc (#2A211C) with a subtly beveled rim. On the disc: a network mesh of thin cream-colored threads forming triangles, connecting round glossy nodes in yellow, orange, green, blue and brown, larger nodes near the outer edge, smaller near the center. Behind the mesh, a vibrant orange halo (#F57C1F) surrounds a smooth matte cream medallion (#F5EBD7) in the center. On the medallion: two clothes hangers whose hooks curve into each other forming a circular loop of two arrows, rendered as a single chunky matte-black object (#1E1B18) with rounded edges, soft studio lighting from the top-left, a short soft shadow on the cream medallion. No text, no letters, no numbers anywhere. Flat composition, no perspective tilt, no extra objects, no background scene, no watermark, crisp edges, high detail, 1024x1024.","text, letters, watermark, logo of real brands, photorealistic person, face, hands, gradient background, perspective, multiple objects, clutter, blur"
SOC-04,SOC,RF7,Remixar,normal,halfmesh,48,soc-04-normal-halfmesh.png,"A circular app icon badge in soft 3D clay-render style, front view, centered, on a pure white background. Outer ring: a thick dark espresso-brown disc (#2A211C) with a subtly beveled rim. On the disc: a sparse network mesh of thin cream-colored threads with half the usual number of round glossy nodes in yellow, orange, green, blue and brown, larger nodes near the outer edge. Behind the mesh, a vibrant orange halo (#F57C1F) surrounds a smooth matte cream medallion (#F5EBD7) in the center. On the medallion: two clothes hangers whose hooks curve into each other forming a circular loop of two arrows, rendered as a single chunky matte-black object (#1E1B18) with rounded edges, soft studio lighting from the top-left, a short soft shadow on the cream medallion. No text, no letters, no numbers anywhere. Flat composition, no perspective tilt, no extra objects, no background scene, no watermark, crisp edges, high detail, 1024x1024.","text, letters, watermark, logo of real brands, photorealistic person, face, hands, gradient background, perspective, multiple objects, clutter, blur"
SOC-04,SOC,RF7,Remixar,normal,nomesh,24,soc-04-normal-nomesh.png,"A circular app icon badge in soft 3D clay-render style, front view, centered, on a pure white background. Outer ring: a thick dark espresso-brown disc (#2A211C) with a subtly beveled rim. The dark disc is plain, no network mesh, no nodes. Behind the mesh, a vibrant orange halo (#F57C1F) surrounds a smooth matte cream medallion (#F5EBD7) in the center. On the medallion: two clothes hangers whose hooks curve into each other forming a circular loop of two arrows, rendered as a single chunky matte-black object (#1E1B18) with rounded edges, soft studio lighting from the top-left, a short soft shadow on the cream medallion. No text, no letters, no numbers anywhere. Flat composition, no perspective tilt, no extra objects, no background scene, no watermark, crisp edges, high detail, 1024x1024.","text, letters, watermark, logo of real brands, photorealistic person, face, hands, gradient background, perspective, multiple objects, clutter, blur"
SOC-04,SOC,RF7,Remixar,ativo,full,"512,96",soc-04-ativo.png,"A circular app icon badge in soft 3D clay-render style, front view, centered, on a pure white background. Outer ring: a thick dark espresso-brown disc (#2A211C) with a subtly beveled rim. On the disc: a network mesh of thin cream-colored threads forming triangles, connecting round glossy nodes in yellow, orange, green, blue and brown, larger nodes near the outer edge, smaller near the center. Behind the mesh, a vibrant orange halo (#F57C1F) surrounds a smooth matte cream medallion (#F5EBD7) in the center. On the medallion: two clothes hangers whose hooks curve into each other forming a circular loop of two arrows, rendered as a single chunky matte-black object (#1E1B18) with rounded edges, soft studio lighting from the top-left, a short soft shadow on the cream medallion. With accent details in bright orange (#F57C1F): orange hooks. No text, no letters, no numbers anywhere. Flat composition, no perspective tilt, no extra objects, no background scene, no watermark, crisp edges, high detail, 1024x1024.","text, letters, watermark, logo of real brands, photorealistic person, face, hands, gradient background, perspective, multiple objects, clutter, blur"
SOC-04,SOC,RF7,Remixar,ativo,halfmesh,48,soc-04-ativo-halfmesh.png,"A circular app icon badge in soft 3D clay-render style, front view, centered, on a pure white background. Outer ring: a thick dark espresso-brown disc (#2A211C) with a subtly beveled rim. On the disc: a sparse network mesh of thin cream-colored threads with half the usual number of round glossy nodes in yellow, orange, green, blue and brown, larger nodes near the outer edge. Behind the mesh, a vibrant orange halo (#F57C1F) surrounds a smooth matte cream medallion (#F5EBD7) in the center. On the medallion: two clothes hangers whose hooks curve into each other forming a circular loop of two arrows, rendered as a single chunky matte-black object (#1E1B18) with rounded edges, soft studio lighting from the top-left, a short soft shadow on the cream medallion. With accent details in bright orange (#F57C1F): orange hooks. No text, no letters, no numbers anywhere. Flat composition, no perspective tilt, no extra objects, no background scene, no watermark, crisp edges, high detail, 1024x1024.","text, letters, watermark, logo of real brands, photorealistic person, face, hands, gradient background, perspective, multiple objects, clutter, blur"
SOC-04,SOC,RF7,Remixar,ativo,nomesh,24,soc-04-ativo-nomesh.png,"A circular app icon badge in soft 3D clay-render style, front view, centered, on a pure white background. Outer ring: a thick dark espresso-brown disc (#2A211C) with a subtly beveled rim. The dark disc is plain, no network mesh, no nodes. Behind the mesh, a vibrant orange halo (#F57C1F) surrounds a smooth matte cream medallion (#F5EBD7) in the center. On the medallion: two clothes hangers whose hooks curve into each other forming a circular loop of two arrows, rendered as a single chunky matte-black object (#1E1B18) with rounded edges, soft studio lighting from the top-left, a short soft shadow on the cream medallion. With accent details in bright orange (#F57C1F): orange hooks. No text, no letters, no numbers anywhere. Flat composition, no perspective tilt, no extra objects, no background scene, no watermark, crisp edges, high detail, 1024x1024.","text, letters, watermark, logo of real brands, photorealistic person, face, hands, gradient background, perspective, multiple objects, clutter, blur"
SOC-05,SOC,RF7,Salvar,normal,full,"512,96",soc-05-normal.png,"A circular app icon badge in soft 3D clay-render style, front view, centered, on a pure white background. Outer ring: a thick dark espresso-brown disc (#2A211C) with a subtly beveled rim. On the disc: a network mesh of thin cream-colored threads forming triangles, connecting round glossy nodes in yellow, orange, green, blue and brown, larger nodes near the outer edge, smaller near the center. Behind the mesh, a vibrant orange halo (#F57C1F) surrounds a smooth matte cream medallion (#F5EBD7) in the center. On the medallion: a zipped garment bag hanging from a hanger, with a small bookmark ribbon on its side, rendered as a single chunky matte-black object (#1E1B18) with rounded edges, soft studio lighting from the top-left, a short soft shadow on the cream medallion. No text, no letters, no numbers anywhere. Flat composition, no perspective tilt, no extra objects, no background scene, no watermark, crisp edges, high detail, 1024x1024.","text, letters, watermark, logo of real brands, photorealistic person, face, hands, gradient background, perspective, multiple objects, clutter, blur"
SOC-05,SOC,RF7,Salvar,normal,halfmesh,48,soc-05-normal-halfmesh.png,"A circular app icon badge in soft 3D clay-render style, front view, centered, on a pure white background. Outer ring: a thick dark espresso-brown disc (#2A211C) with a subtly beveled rim. On the disc: a sparse network mesh of thin cream-colored threads with half the usual number of round glossy nodes in yellow, orange, green, blue and brown, larger nodes near the outer edge. Behind the mesh, a vibrant orange halo (#F57C1F) surrounds a smooth matte cream medallion (#F5EBD7) in the center. On the medallion: a zipped garment bag hanging from a hanger, with a small bookmark ribbon on its side, rendered as a single chunky matte-black object (#1E1B18) with rounded edges, soft studio lighting from the top-left, a short soft shadow on the cream medallion. No text, no letters, no numbers anywhere. Flat composition, no perspective tilt, no extra objects, no background scene, no watermark, crisp edges, high detail, 1024x1024.","text, letters, watermark, logo of real brands, photorealistic person, face, hands, gradient background, perspective, multiple objects, clutter, blur"
SOC-05,SOC,RF7,Salvar,normal,nomesh,24,soc-05-normal-nomesh.png,"A circular app icon badge in soft 3D clay-render style, front view, centered, on a pure white background. Outer ring: a thick dark espresso-brown disc (#2A211C) with a subtly beveled rim. The dark disc is plain, no network mesh, no nodes. Behind the mesh, a vibrant orange halo (#F57C1F) surrounds a smooth matte cream medallion (#F5EBD7) in the center. On the medallion: a zipped garment bag hanging from a hanger, with a small bookmark ribbon on its side, rendered as a single chunky matte-black object (#1E1B18) with rounded edges, soft studio lighting from the top-left, a short soft shadow on the cream medallion. No text, no letters, no numbers anywhere. Flat composition, no perspective tilt, no extra objects, no background scene, no watermark, crisp edges, high detail, 1024x1024.","text, letters, watermark, logo of real brands, photorealistic person, face, hands, gradient background, perspective, multiple objects, clutter, blur"
SOC-05,SOC,RF7,Salvar,ativo,full,"512,96",soc-05-ativo.png,"A circular app icon badge in soft 3D clay-render style, front view, centered, on a pure white background. Outer ring: a thick dark espresso-brown disc (#2A211C) with a subtly beveled rim. On the disc: a network mesh of thin cream-colored threads forming triangles, connecting round glossy nodes in yellow, orange, green, blue and brown, larger nodes near the outer edge, smaller near the center. Behind the mesh, a vibrant orange halo (#F57C1F) surrounds a smooth matte cream medallion (#F5EBD7) in the center. On the medallion: a zipped garment bag hanging from a hanger, with a small bookmark ribbon on its side, rendered as a single chunky matte-black object (#1E1B18) with rounded edges, soft studio lighting from the top-left, a short soft shadow on the cream medallion. With accent details in bright orange (#F57C1F): an orange bookmark ribbon. No text, no letters, no numbers anywhere. Flat composition, no perspective tilt, no extra objects, no background scene, no watermark, crisp edges, high detail, 1024x1024.","text, letters, watermark, logo of real brands, photorealistic person, face, hands, gradient background, perspective, multiple objects, clutter, blur"
SOC-05,SOC,RF7,Salvar,ativo,halfmesh,48,soc-05-ativo-halfmesh.png,"A circular app icon badge in soft 3D clay-render style, front view, centered, on a pure white background. Outer ring: a thick dark espresso-brown disc (#2A211C) with a subtly beveled rim. On the disc: a sparse network mesh of thin cream-colored threads with half the usual number of round glossy nodes in yellow, orange, green, blue and brown, larger nodes near the outer edge. Behind the mesh, a vibrant orange halo (#F57C1F) surrounds a smooth matte cream medallion (#F5EBD7) in the center. On the medallion: a zipped garment bag hanging from a hanger, with a small bookmark ribbon on its side, rendered as a single chunky matte-black object (#1E1B18) with rounded edges, soft studio lighting from the top-left, a short soft shadow on the cream medallion. With accent details in bright orange (#F57C1F): an orange bookmark ribbon. No text, no letters, no numbers anywhere. Flat composition, no perspective tilt, no extra objects, no background scene, no watermark, crisp edges, high detail, 1024x1024.","text, letters, watermark, logo of real brands, photorealistic person, face, hands, gradient background, perspective, multiple objects, clutter, blur"
SOC-05,SOC,RF7,Salvar,ativo,nomesh,24,soc-05-ativo-nomesh.png,"A circular app icon badge in soft 3D clay-render style, front view, centered, on a pure white background. Outer ring: a thick dark espresso-brown disc (#2A211C) with a subtly beveled rim. The dark disc is plain, no network mesh, no nodes. Behind the mesh, a vibrant orange halo (#F57C1F) surrounds a smooth matte cream medallion (#F5EBD7) in the center. On the medallion: a zipped garment bag hanging from a hanger, with a small bookmark ribbon on its side, rendered as a single chunky matte-black object (#1E1B18) with rounded edges, soft studio lighting from the top-left, a short soft shadow on the cream medallion. With accent details in bright orange (#F57C1F): an orange bookmark ribbon. No text, no letters, no numbers anywhere. Flat composition, no perspective tilt, no extra objects, no background scene, no watermark, crisp edges, high detail, 1024x1024.","text, letters, watermark, logo of real brands, photorealistic person, face, hands, gradient background, perspective, multiple objects, clutter, blur"
SOC-06,SOC,RF31,Favoritar,normal,full,"512,96",soc-06-normal.png,"A circular app icon badge in soft 3D clay-render style, front view, centered, on a pure white background. Outer ring: a thick dark espresso-brown disc (#2A211C) with a subtly beveled rim. On the disc: a network mesh of thin cream-colored threads forming triangles, connecting round glossy nodes in yellow, orange, green, blue and brown, larger nodes near the outer edge, smaller near the center. Behind the mesh, a vibrant orange halo (#F57C1F) surrounds a smooth matte cream medallion (#F5EBD7) in the center. On the medallion: a five-pointed star-shaped brooch with a small pin on the back, rendered as a single chunky matte-black object (#1E1B18) with rounded edges, soft studio lighting from the top-left, a short soft shadow on the cream medallion. No text, no letters, no numbers anywhere. Flat composition, no perspective tilt, no extra objects, no background scene, no watermark, crisp edges, high detail, 1024x1024.","text, letters, watermark, logo of real brands, photorealistic person, face, hands, gradient background, perspective, multiple objects, clutter, blur"
SOC-06,SOC,RF31,Favoritar,normal,halfmesh,48,soc-06-normal-halfmesh.png,"A circular app icon badge in soft 3D clay-render style, front view, centered, on a pure white background. Outer ring: a thick dark espresso-brown disc (#2A211C) with a subtly beveled rim. On the disc: a sparse network mesh of thin cream-colored threads with half the usual number of round glossy nodes in yellow, orange, green, blue and brown, larger nodes near the outer edge. Behind the mesh, a vibrant orange halo (#F57C1F) surrounds a smooth matte cream medallion (#F5EBD7) in the center. On the medallion: a five-pointed star-shaped brooch with a small pin on the back, rendered as a single chunky matte-black object (#1E1B18) with rounded edges, soft studio lighting from the top-left, a short soft shadow on the cream medallion. No text, no letters, no numbers anywhere. Flat composition, no perspective tilt, no extra objects, no background scene, no watermark, crisp edges, high detail, 1024x1024.","text, letters, watermark, logo of real brands, photorealistic person, face, hands, gradient background, perspective, multiple objects, clutter, blur"
SOC-06,SOC,RF31,Favoritar,normal,nomesh,24,soc-06-normal-nomesh.png,"A circular app icon badge in soft 3D clay-render style, front view, centered, on a pure white background. Outer ring: a thick dark espresso-brown disc (#2A211C) with a subtly beveled rim. The dark disc is plain, no network mesh, no nodes. Behind the mesh, a vibrant orange halo (#F57C1F) surrounds a smooth matte cream medallion (#F5EBD7) in the center. On the medallion: a five-pointed star-shaped brooch with a small pin on the back, rendered as a single chunky matte-black object (#1E1B18) with rounded edges, soft studio lighting from the top-left, a short soft shadow on the cream medallion. No text, no letters, no numbers anywhere. Flat composition, no perspective tilt, no extra objects, no background scene, no watermark, crisp edges, high detail, 1024x1024.","text, letters, watermark, logo of real brands, photorealistic person, face, hands, gradient background, perspective, multiple objects, clutter, blur"
SOC-06,SOC,RF31,Favoritar,ativo,full,"512,96",soc-06-ativo.png,"A circular app icon badge in soft 3D clay-render style, front view, centered, on a pure white background. Outer ring: a thick dark espresso-brown disc (#2A211C) with a subtly beveled rim. On the disc: a network mesh of thin cream-colored threads forming triangles, connecting round glossy nodes in yellow, orange, green, blue and brown, larger nodes near the outer edge, smaller near the center. Behind the mesh, a vibrant orange halo (#F57C1F) surrounds a smooth matte cream medallion (#F5EBD7) in the center. On the medallion: a five-pointed star-shaped brooch with a small pin on the back, rendered as a single chunky matte-black object (#1E1B18) with rounded edges, soft studio lighting from the top-left, a short soft shadow on the cream medallion. With accent details in bright orange (#F57C1F): the star filled in orange. No text, no letters, no numbers anywhere. Flat composition, no perspective tilt, no extra objects, no background scene, no watermark, crisp edges, high detail, 1024x1024.","text, letters, watermark, logo of real brands, photorealistic person, face, hands, gradient background, perspective, multiple objects, clutter, blur"
SOC-06,SOC,RF31,Favoritar,ativo,halfmesh,48,soc-06-ativo-halfmesh.png,"A circular app icon badge in soft 3D clay-render style, front view, centered, on a pure white background. Outer ring: a thick dark espresso-brown disc (#2A211C) with a subtly beveled rim. On the disc: a sparse network mesh of thin cream-colored threads with half the usual number of round glossy nodes in yellow, orange, green, blue and brown, larger nodes near the outer edge. Behind the mesh, a vibrant orange halo (#F57C1F) surrounds a smooth matte cream medallion (#F5EBD7) in the center. On the medallion: a five-pointed star-shaped brooch with a small pin on the back, rendered as a single chunky matte-black object (#1E1B18) with rounded edges, soft studio lighting from the top-left, a short soft shadow on the cream medallion. With accent details in bright orange (#F57C1F): the star filled in orange. No text, no letters, no numbers anywhere. Flat composition, no perspective tilt, no extra objects, no background scene, no watermark, crisp edges, high detail, 1024x1024.","text, letters, watermark, logo of real brands, photorealistic person, face, hands, gradient background, perspective, multiple objects, clutter, blur"
SOC-06,SOC,RF31,Favoritar,ativo,nomesh,24,soc-06-ativo-nomesh.png,"A circular app icon badge in soft 3D clay-render style, front view, centered, on a pure white background. Outer ring: a thick dark espresso-brown disc (#2A211C) with a subtly beveled rim. The dark disc is plain, no network mesh, no nodes. Behind the mesh, a vibrant orange halo (#F57C1F) surrounds a smooth matte cream medallion (#F5EBD7) in the center. On the medallion: a five-pointed star-shaped brooch with a small pin on the back, rendered as a single chunky matte-black object (#1E1B18) with rounded edges, soft studio lighting from the top-left, a short soft shadow on the cream medallion. With accent details in bright orange (#F57C1F): the star filled in orange. No text, no letters, no numbers anywhere. Flat composition, no perspective tilt, no extra objects, no background scene, no watermark, crisp edges, high detail, 1024x1024.","text, letters, watermark, logo of real brands, photorealistic person, face, hands, gradient background, perspective, multiple objects, clutter, blur"
SOC-07,SOC,RF19,Reação Trend,normal,full,"512,96",soc-07-normal.png,"A circular app icon badge in soft 3D clay-render style, front view, centered, on a pure white background. Outer ring: a thick dark espresso-brown disc (#2A211C) with a subtly beveled rim. On the disc: a network mesh of thin cream-colored threads forming triangles, connecting round glossy nodes in yellow, orange, green, blue and brown, larger nodes near the outer edge, smaller near the center. Behind the mesh, a vibrant orange halo (#F57C1F) surrounds a smooth matte cream medallion (#F5EBD7) in the center. On the medallion: an upward zigzag arrow made of a metal zipper, the zipper pull at the arrow tip, rendered as a single chunky matte-black object (#1E1B18) with rounded edges, soft studio lighting from the top-left, a short soft shadow on the cream medallion. No text, no letters, no numbers anywhere. Flat composition, no perspective tilt, no extra objects, no background scene, no watermark, crisp edges, high detail, 1024x1024.","text, letters, watermark, logo of real brands, photorealistic person, face, hands, gradient background, perspective, multiple objects, clutter, blur"
SOC-07,SOC,RF19,Reação Trend,normal,halfmesh,48,soc-07-normal-halfmesh.png,"A circular app icon badge in soft 3D clay-render style, front view, centered, on a pure white background. Outer ring: a thick dark espresso-brown disc (#2A211C) with a subtly beveled rim. On the disc: a sparse network mesh of thin cream-colored threads with half the usual number of round glossy nodes in yellow, orange, green, blue and brown, larger nodes near the outer edge. Behind the mesh, a vibrant orange halo (#F57C1F) surrounds a smooth matte cream medallion (#F5EBD7) in the center. On the medallion: an upward zigzag arrow made of a metal zipper, the zipper pull at the arrow tip, rendered as a single chunky matte-black object (#1E1B18) with rounded edges, soft studio lighting from the top-left, a short soft shadow on the cream medallion. No text, no letters, no numbers anywhere. Flat composition, no perspective tilt, no extra objects, no background scene, no watermark, crisp edges, high detail, 1024x1024.","text, letters, watermark, logo of real brands, photorealistic person, face, hands, gradient background, perspective, multiple objects, clutter, blur"
SOC-07,SOC,RF19,Reação Trend,normal,nomesh,24,soc-07-normal-nomesh.png,"A circular app icon badge in soft 3D clay-render style, front view, centered, on a pure white background. Outer ring: a thick dark espresso-brown disc (#2A211C) with a subtly beveled rim. The dark disc is plain, no network mesh, no nodes. Behind the mesh, a vibrant orange halo (#F57C1F) surrounds a smooth matte cream medallion (#F5EBD7) in the center. On the medallion: an upward zigzag arrow made of a metal zipper, the zipper pull at the arrow tip, rendered as a single chunky matte-black object (#1E1B18) with rounded edges, soft studio lighting from the top-left, a short soft shadow on the cream medallion. No text, no letters, no numbers anywhere. Flat composition, no perspective tilt, no extra objects, no background scene, no watermark, crisp edges, high detail, 1024x1024.","text, letters, watermark, logo of real brands, photorealistic person, face, hands, gradient background, perspective, multiple objects, clutter, blur"
SOC-07,SOC,RF19,Reação Trend,ativo,full,"512,96",soc-07-ativo.png,"A circular app icon badge in soft 3D clay-render style, front view, centered, on a pure white background. Outer ring: a thick dark espresso-brown disc (#2A211C) with a subtly beveled rim. On the disc: a network mesh of thin cream-colored threads forming triangles, connecting round glossy nodes in yellow, orange, green, blue and brown, larger nodes near the outer edge, smaller near the center. Behind the mesh, a vibrant orange halo (#F57C1F) surrounds a smooth matte cream medallion (#F5EBD7) in the center. On the medallion: an upward zigzag arrow made of a metal zipper, the zipper pull at the arrow tip, rendered as a single chunky matte-black object (#1E1B18) with rounded edges, soft studio lighting from the top-left, a short soft shadow on the cream medallion. With accent details in bright orange (#F57C1F): an orange zipper pull. No text, no letters, no numbers anywhere. Flat composition, no perspective tilt, no extra objects, no background scene, no watermark, crisp edges, high detail, 1024x1024.","text, letters, watermark, logo of real brands, photorealistic person, face, hands, gradient background, perspective, multiple objects, clutter, blur"
SOC-07,SOC,RF19,Reação Trend,ativo,halfmesh,48,soc-07-ativo-halfmesh.png,"A circular app icon badge in soft 3D clay-render style, front view, centered, on a pure white background. Outer ring: a thick dark espresso-brown disc (#2A211C) with a subtly beveled rim. On the disc: a sparse network mesh of thin cream-colored threads with half the usual number of round glossy nodes in yellow, orange, green, blue and brown, larger nodes near the outer edge. Behind the mesh, a vibrant orange halo (#F57C1F) surrounds a smooth matte cream medallion (#F5EBD7) in the center. On the medallion: an upward zigzag arrow made of a metal zipper, the zipper pull at the arrow tip, rendered as a single chunky matte-black object (#1E1B18) with rounded edges, soft studio lighting from the top-left, a short soft shadow on the cream medallion. With accent details in bright orange (#F57C1F): an orange zipper pull. No text, no letters, no numbers anywhere. Flat composition, no perspective tilt, no extra objects, no background scene, no watermark, crisp edges, high detail, 1024x1024.","text, letters, watermark, logo of real brands, photorealistic person, face, hands, gradient background, perspective, multiple objects, clutter, blur"
SOC-07,SOC,RF19,Reação Trend,ativo,nomesh,24,soc-07-ativo-nomesh.png,"A circular app icon badge in soft 3D clay-render style, front view, centered, on a pure white background. Outer ring: a thick dark espresso-brown disc (#2A211C) with a subtly beveled rim. The dark disc is plain, no network mesh, no nodes. Behind the mesh, a vibrant orange halo (#F57C1F) surrounds a smooth matte cream medallion (#F5EBD7) in the center. On the medallion: an upward zigzag arrow made of a metal zipper, the zipper pull at the arrow tip, rendered as a single chunky matte-black object (#1E1B18) with rounded edges, soft studio lighting from the top-left, a short soft shadow on the cream medallion. With accent details in bright orange (#F57C1F): an orange zipper pull. No text, no letters, no numbers anywhere. Flat composition, no perspective tilt, no extra objects, no background scene, no watermark, crisp edges, high detail, 1024x1024.","text, letters, watermark, logo of real brands, photorealistic person, face, hands, gradient background, perspective, multiple objects, clutter, blur"
SOC-08,SOC,RF19,Reação Elegante,normal,full,"512,96",soc-08-normal.png,"A circular app icon badge in soft 3D clay-render style, front view, centered, on a pure white background. Outer ring: a thick dark espresso-brown disc (#2A211C) with a subtly beveled rim. On the disc: a network mesh of thin cream-colored threads forming triangles, connecting round glossy nodes in yellow, orange, green, blue and brown, larger nodes near the outer edge, smaller near the center. Behind the mesh, a vibrant orange halo (#F57C1F) surrounds a smooth matte cream medallion (#F5EBD7) in the center. On the medallion: a satin bow tie with soft folds, rendered as a single chunky matte-black object (#1E1B18) with rounded edges, soft studio lighting from the top-left, a short soft shadow on the cream medallion. No text, no letters, no numbers anywhere. Flat composition, no perspective tilt, no extra objects, no background scene, no watermark, crisp edges, high detail, 1024x1024.","text, letters, watermark, logo of real brands, photorealistic person, face, hands, gradient background, perspective, multiple objects, clutter, blur"
SOC-08,SOC,RF19,Reação Elegante,normal,halfmesh,48,soc-08-normal-halfmesh.png,"A circular app icon badge in soft 3D clay-render style, front view, centered, on a pure white background. Outer ring: a thick dark espresso-brown disc (#2A211C) with a subtly beveled rim. On the disc: a sparse network mesh of thin cream-colored threads with half the usual number of round glossy nodes in yellow, orange, green, blue and brown, larger nodes near the outer edge. Behind the mesh, a vibrant orange halo (#F57C1F) surrounds a smooth matte cream medallion (#F5EBD7) in the center. On the medallion: a satin bow tie with soft folds, rendered as a single chunky matte-black object (#1E1B18) with rounded edges, soft studio lighting from the top-left, a short soft shadow on the cream medallion. No text, no letters, no numbers anywhere. Flat composition, no perspective tilt, no extra objects, no background scene, no watermark, crisp edges, high detail, 1024x1024.","text, letters, watermark, logo of real brands, photorealistic person, face, hands, gradient background, perspective, multiple objects, clutter, blur"
SOC-08,SOC,RF19,Reação Elegante,normal,nomesh,24,soc-08-normal-nomesh.png,"A circular app icon badge in soft 3D clay-render style, front view, centered, on a pure white background. Outer ring: a thick dark espresso-brown disc (#2A211C) with a subtly beveled rim. The dark disc is plain, no network mesh, no nodes. Behind the mesh, a vibrant orange halo (#F57C1F) surrounds a smooth matte cream medallion (#F5EBD7) in the center. On the medallion: a satin bow tie with soft folds, rendered as a single chunky matte-black object (#1E1B18) with rounded edges, soft studio lighting from the top-left, a short soft shadow on the cream medallion. No text, no letters, no numbers anywhere. Flat composition, no perspective tilt, no extra objects, no background scene, no watermark, crisp edges, high detail, 1024x1024.","text, letters, watermark, logo of real brands, photorealistic person, face, hands, gradient background, perspective, multiple objects, clutter, blur"
SOC-08,SOC,RF19,Reação Elegante,ativo,full,"512,96",soc-08-ativo.png,"A circular app icon badge in soft 3D clay-render style, front view, centered, on a pure white background. Outer ring: a thick dark espresso-brown disc (#2A211C) with a subtly beveled rim. On the disc: a network mesh of thin cream-colored threads forming triangles, connecting round glossy nodes in yellow, orange, green, blue and brown, larger nodes near the outer edge, smaller near the center. Behind the mesh, a vibrant orange halo (#F57C1F) surrounds a smooth matte cream medallion (#F5EBD7) in the center. On the medallion: a satin bow tie with soft folds, rendered as a single chunky matte-black object (#1E1B18) with rounded edges, soft studio lighting from the top-left, a short soft shadow on the cream medallion. With accent details in bright orange (#F57C1F): an orange center knot. No text, no letters, no numbers anywhere. Flat composition, no perspective tilt, no extra objects, no background scene, no watermark, crisp edges, high detail, 1024x1024.","text, letters, watermark, logo of real brands, photorealistic person, face, hands, gradient background, perspective, multiple objects, clutter, blur"
SOC-08,SOC,RF19,Reação Elegante,ativo,halfmesh,48,soc-08-ativo-halfmesh.png,"A circular app icon badge in soft 3D clay-render style, front view, centered, on a pure white background. Outer ring: a thick dark espresso-brown disc (#2A211C) with a subtly beveled rim. On the disc: a sparse network mesh of thin cream-colored threads with half the usual number of round glossy nodes in yellow, orange, green, blue and brown, larger nodes near the outer edge. Behind the mesh, a vibrant orange halo (#F57C1F) surrounds a smooth matte cream medallion (#F5EBD7) in the center. On the medallion: a satin bow tie with soft folds, rendered as a single chunky matte-black object (#1E1B18) with rounded edges, soft studio lighting from the top-left, a short soft shadow on the cream medallion. With accent details in bright orange (#F57C1F): an orange center knot. No text, no letters, no numbers anywhere. Flat composition, no perspective tilt, no extra objects, no background scene, no watermark, crisp edges, high detail, 1024x1024.","text, letters, watermark, logo of real brands, photorealistic person, face, hands, gradient background, perspective, multiple objects, clutter, blur"
SOC-08,SOC,RF19,Reação Elegante,ativo,nomesh,24,soc-08-ativo-nomesh.png,"A circular app icon badge in soft 3D clay-render style, front view, centered, on a pure white background. Outer ring: a thick dark espresso-brown disc (#2A211C) with a subtly beveled rim. The dark disc is plain, no network mesh, no nodes. Behind the mesh, a vibrant orange halo (#F57C1F) surrounds a smooth matte cream medallion (#F5EBD7) in the center. On the medallion: a satin bow tie with soft folds, rendered as a single chunky matte-black object (#1E1B18) with rounded edges, soft studio lighting from the top-left, a short soft shadow on the cream medallion. With accent details in bright orange (#F57C1F): an orange center knot. No text, no letters, no numbers anywhere. Flat composition, no perspective tilt, no extra objects, no background scene, no watermark, crisp edges, high detail, 1024x1024.","text, letters, watermark, logo of real brands, photorealistic person, face, hands, gradient background, perspective, multiple objects, clutter, blur"
SOC-09,SOC,RF19,Reação Criativo,normal,full,"512,96",soc-09-normal.png,"A circular app icon badge in soft 3D clay-render style, front view, centered, on a pure white background. Outer ring: a thick dark espresso-brown disc (#2A211C) with a subtly beveled rim. On the disc: a network mesh of thin cream-colored threads forming triangles, connecting round glossy nodes in yellow, orange, green, blue and brown, larger nodes near the outer edge, smaller near the center. Behind the mesh, a vibrant orange halo (#F57C1F) surrounds a smooth matte cream medallion (#F5EBD7) in the center. On the medallion: a spool of thread with a sewing needle, the loose thread forming a small spark shape, rendered as a single chunky matte-black object (#1E1B18) with rounded edges, soft studio lighting from the top-left, a short soft shadow on the cream medallion. No text, no letters, no numbers anywhere. Flat composition, no perspective tilt, no extra objects, no background scene, no watermark, crisp edges, high detail, 1024x1024.","text, letters, watermark, logo of real brands, photorealistic person, face, hands, gradient background, perspective, multiple objects, clutter, blur"
SOC-09,SOC,RF19,Reação Criativo,normal,halfmesh,48,soc-09-normal-halfmesh.png,"A circular app icon badge in soft 3D clay-render style, front view, centered, on a pure white background. Outer ring: a thick dark espresso-brown disc (#2A211C) with a subtly beveled rim. On the disc: a sparse network mesh of thin cream-colored threads with half the usual number of round glossy nodes in yellow, orange, green, blue and brown, larger nodes near the outer edge. Behind the mesh, a vibrant orange halo (#F57C1F) surrounds a smooth matte cream medallion (#F5EBD7) in the center. On the medallion: a spool of thread with a sewing needle, the loose thread forming a small spark shape, rendered as a single chunky matte-black object (#1E1B18) with rounded edges, soft studio lighting from the top-left, a short soft shadow on the cream medallion. No text, no letters, no numbers anywhere. Flat composition, no perspective tilt, no extra objects, no background scene, no watermark, crisp edges, high detail, 1024x1024.","text, letters, watermark, logo of real brands, photorealistic person, face, hands, gradient background, perspective, multiple objects, clutter, blur"
SOC-09,SOC,RF19,Reação Criativo,normal,nomesh,24,soc-09-normal-nomesh.png,"A circular app icon badge in soft 3D clay-render style, front view, centered, on a pure white background. Outer ring: a thick dark espresso-brown disc (#2A211C) with a subtly beveled rim. The dark disc is plain, no network mesh, no nodes. Behind the mesh, a vibrant orange halo (#F57C1F) surrounds a smooth matte cream medallion (#F5EBD7) in the center. On the medallion: a spool of thread with a sewing needle, the loose thread forming a small spark shape, rendered as a single chunky matte-black object (#1E1B18) with rounded edges, soft studio lighting from the top-left, a short soft shadow on the cream medallion. No text, no letters, no numbers anywhere. Flat composition, no perspective tilt, no extra objects, no background scene, no watermark, crisp edges, high detail, 1024x1024.","text, letters, watermark, logo of real brands, photorealistic person, face, hands, gradient background, perspective, multiple objects, clutter, blur"
SOC-09,SOC,RF19,Reação Criativo,ativo,full,"512,96",soc-09-ativo.png,"A circular app icon badge in soft 3D clay-render style, front view, centered, on a pure white background. Outer ring: a thick dark espresso-brown disc (#2A211C) with a subtly beveled rim. On the disc: a network mesh of thin cream-colored threads forming triangles, connecting round glossy nodes in yellow, orange, green, blue and brown, larger nodes near the outer edge, smaller near the center. Behind the mesh, a vibrant orange halo (#F57C1F) surrounds a smooth matte cream medallion (#F5EBD7) in the center. On the medallion: a spool of thread with a sewing needle, the loose thread forming a small spark shape, rendered as a single chunky matte-black object (#1E1B18) with rounded edges, soft studio lighting from the top-left, a short soft shadow on the cream medallion. With accent details in bright orange (#F57C1F): an orange spark. No text, no letters, no numbers anywhere. Flat composition, no perspective tilt, no extra objects, no background scene, no watermark, crisp edges, high detail, 1024x1024.","text, letters, watermark, logo of real brands, photorealistic person, face, hands, gradient background, perspective, multiple objects, clutter, blur"
SOC-09,SOC,RF19,Reação Criativo,ativo,halfmesh,48,soc-09-ativo-halfmesh.png,"A circular app icon badge in soft 3D clay-render style, front view, centered, on a pure white background. Outer ring: a thick dark espresso-brown disc (#2A211C) with a subtly beveled rim. On the disc: a sparse network mesh of thin cream-colored threads with half the usual number of round glossy nodes in yellow, orange, green, blue and brown, larger nodes near the outer edge. Behind the mesh, a vibrant orange halo (#F57C1F) surrounds a smooth matte cream medallion (#F5EBD7) in the center. On the medallion: a spool of thread with a sewing needle, the loose thread forming a small spark shape, rendered as a single chunky matte-black object (#1E1B18) with rounded edges, soft studio lighting from the top-left, a short soft shadow on the cream medallion. With accent details in bright orange (#F57C1F): an orange spark. No text, no letters, no numbers anywhere. Flat composition, no perspective tilt, no extra objects, no background scene, no watermark, crisp edges, high detail, 1024x1024.","text, letters, watermark, logo of real brands, photorealistic person, face, hands, gradient background, perspective, multiple objects, clutter, blur"
SOC-09,SOC,RF19,Reação Criativo,ativo,nomesh,24,soc-09-ativo-nomesh.png,"A circular app icon badge in soft 3D clay-render style, front view, centered, on a pure white background. Outer ring: a thick dark espresso-brown disc (#2A211C) with a subtly beveled rim. The dark disc is plain, no network mesh, no nodes. Behind the mesh, a vibrant orange halo (#F57C1F) surrounds a smooth matte cream medallion (#F5EBD7) in the center. On the medallion: a spool of thread with a sewing needle, the loose thread forming a small spark shape, rendered as a single chunky matte-black object (#1E1B18) with rounded edges, soft studio lighting from the top-left, a short soft shadow on the cream medallion. With accent details in bright orange (#F57C1F): an orange spark. No text, no letters, no numbers anywhere. Flat composition, no perspective tilt, no extra objects, no background scene, no watermark, crisp edges, high detail, 1024x1024.","text, letters, watermark, logo of real brands, photorealistic person, face, hands, gradient background, perspective, multiple objects, clutter, blur"
SOC-10,SOC,RF7,Retornar (abrir esquema de origem),normal,full,"512,96",soc-10-normal.png,"A circular app icon badge in soft 3D clay-render style, front view, centered, on a pure white background. Outer ring: a thick dark espresso-brown disc (#2A211C) with a subtly beveled rim. On the disc: a network mesh of thin cream-colored threads forming triangles, connecting round glossy nodes in yellow, orange, green, blue and brown, larger nodes near the outer edge, smaller near the center. Behind the mesh, a vibrant orange halo (#F57C1F) surrounds a smooth matte cream medallion (#F5EBD7) in the center. On the medallion: a clothes hanger whose hook bends backward into a curved return arrow, rendered as a single chunky matte-black object (#1E1B18) with rounded edges, soft studio lighting from the top-left, a short soft shadow on the cream medallion. No text, no letters, no numbers anywhere. Flat composition, no perspective tilt, no extra objects, no background scene, no watermark, crisp edges, high detail, 1024x1024.","text, letters, watermark, logo of real brands, photorealistic person, face, hands, gradient background, perspective, multiple objects, clutter, blur"
SOC-10,SOC,RF7,Retornar (abrir esquema de origem),normal,halfmesh,48,soc-10-normal-halfmesh.png,"A circular app icon badge in soft 3D clay-render style, front view, centered, on a pure white background. Outer ring: a thick dark espresso-brown disc (#2A211C) with a subtly beveled rim. On the disc: a sparse network mesh of thin cream-colored threads with half the usual number of round glossy nodes in yellow, orange, green, blue and brown, larger nodes near the outer edge. Behind the mesh, a vibrant orange halo (#F57C1F) surrounds a smooth matte cream medallion (#F5EBD7) in the center. On the medallion: a clothes hanger whose hook bends backward into a curved return arrow, rendered as a single chunky matte-black object (#1E1B18) with rounded edges, soft studio lighting from the top-left, a short soft shadow on the cream medallion. No text, no letters, no numbers anywhere. Flat composition, no perspective tilt, no extra objects, no background scene, no watermark, crisp edges, high detail, 1024x1024.","text, letters, watermark, logo of real brands, photorealistic person, face, hands, gradient background, perspective, multiple objects, clutter, blur"
SOC-10,SOC,RF7,Retornar (abrir esquema de origem),normal,nomesh,24,soc-10-normal-nomesh.png,"A circular app icon badge in soft 3D clay-render style, front view, centered, on a pure white background. Outer ring: a thick dark espresso-brown disc (#2A211C) with a subtly beveled rim. The dark disc is plain, no network mesh, no nodes. Behind the mesh, a vibrant orange halo (#F57C1F) surrounds a smooth matte cream medallion (#F5EBD7) in the center. On the medallion: a clothes hanger whose hook bends backward into a curved return arrow, rendered as a single chunky matte-black object (#1E1B18) with rounded edges, soft studio lighting from the top-left, a short soft shadow on the cream medallion. No text, no letters, no numbers anywhere. Flat composition, no perspective tilt, no extra objects, no background scene, no watermark, crisp edges, high detail, 1024x1024.","text, letters, watermark, logo of real brands, photorealistic person, face, hands, gradient background, perspective, multiple objects, clutter, blur"
SOC-10,SOC,RF7,Retornar (abrir esquema de origem),ativo,full,"512,96",soc-10-ativo.png,"A circular app icon badge in soft 3D clay-render style, front view, centered, on a pure white background. Outer ring: a thick dark espresso-brown disc (#2A211C) with a subtly beveled rim. On the disc: a network mesh of thin cream-colored threads forming triangles, connecting round glossy nodes in yellow, orange, green, blue and brown, larger nodes near the outer edge, smaller near the center. Behind the mesh, a vibrant orange halo (#F57C1F) surrounds a smooth matte cream medallion (#F5EBD7) in the center. On the medallion: a clothes hanger whose hook bends backward into a curved return arrow, rendered as a single chunky matte-black object (#1E1B18) with rounded edges, soft studio lighting from the top-left, a short soft shadow on the cream medallion. With accent details in bright orange (#F57C1F): an orange arrow. No text, no letters, no numbers anywhere. Flat composition, no perspective tilt, no extra objects, no background scene, no watermark, crisp edges, high detail, 1024x1024.","text, letters, watermark, logo of real brands, photorealistic person, face, hands, gradient background, perspective, multiple objects, clutter, blur"
SOC-10,SOC,RF7,Retornar (abrir esquema de origem),ativo,halfmesh,48,soc-10-ativo-halfmesh.png,"A circular app icon badge in soft 3D clay-render style, front view, centered, on a pure white background. Outer ring: a thick dark espresso-brown disc (#2A211C) with a subtly beveled rim. On the disc: a sparse network mesh of thin cream-colored threads with half the usual number of round glossy nodes in yellow, orange, green, blue and brown, larger nodes near the outer edge. Behind the mesh, a vibrant orange halo (#F57C1F) surrounds a smooth matte cream medallion (#F5EBD7) in the center. On the medallion: a clothes hanger whose hook bends backward into a curved return arrow, rendered as a single chunky matte-black object (#1E1B18) with rounded edges, soft studio lighting from the top-left, a short soft shadow on the cream medallion. With accent details in bright orange (#F57C1F): an orange arrow. No text, no letters, no numbers anywhere. Flat composition, no perspective tilt, no extra objects, no background scene, no watermark, crisp edges, high detail, 1024x1024.","text, letters, watermark, logo of real brands, photorealistic person, face, hands, gradient background, perspective, multiple objects, clutter, blur"
SOC-10,SOC,RF7,Retornar (abrir esquema de origem),ativo,nomesh,24,soc-10-ativo-nomesh.png,"A circular app icon badge in soft 3D clay-render style, front view, centered, on a pure white background. Outer ring: a thick dark espresso-brown disc (#2A211C) with a subtly beveled rim. The dark disc is plain, no network mesh, no nodes. Behind the mesh, a vibrant orange halo (#F57C1F) surrounds a smooth matte cream medallion (#F5EBD7) in the center. On the medallion: a clothes hanger whose hook bends backward into a curved return arrow, rendered as a single chunky matte-black object (#1E1B18) with rounded edges, soft studio lighting from the top-left, a short soft shadow on the cream medallion. With accent details in bright orange (#F57C1F): an orange arrow. No text, no letters, no numbers anywhere. Flat composition, no perspective tilt, no extra objects, no background scene, no watermark, crisp edges, high detail, 1024x1024.","text, letters, watermark, logo of real brands, photorealistic person, face, hands, gradient background, perspective, multiple objects, clutter, blur"
SOC-11,SOC,RF7,Editar (só o dono),normal,full,"512,96",soc-11-normal.png,"A circular app icon badge in soft 3D clay-render style, front view, centered, on a pure white background. Outer ring: a thick dark espresso-brown disc (#2A211C) with a subtly beveled rim. On the disc: a network mesh of thin cream-colored threads forming triangles, connecting round glossy nodes in yellow, orange, green, blue and brown, larger nodes near the outer edge, smaller near the center. Behind the mesh, a vibrant orange halo (#F57C1F) surrounds a smooth matte cream medallion (#F5EBD7) in the center. On the medallion: a triangular tailor's chalk crossed over a short rolled measuring tape, rendered as a single chunky matte-black object (#1E1B18) with rounded edges, soft studio lighting from the top-left, a short soft shadow on the cream medallion. No text, no letters, no numbers anywhere. Flat composition, no perspective tilt, no extra objects, no background scene, no watermark, crisp edges, high detail, 1024x1024.","text, letters, watermark, logo of real brands, photorealistic person, face, hands, gradient background, perspective, multiple objects, clutter, blur"
SOC-11,SOC,RF7,Editar (só o dono),normal,halfmesh,48,soc-11-normal-halfmesh.png,"A circular app icon badge in soft 3D clay-render style, front view, centered, on a pure white background. Outer ring: a thick dark espresso-brown disc (#2A211C) with a subtly beveled rim. On the disc: a sparse network mesh of thin cream-colored threads with half the usual number of round glossy nodes in yellow, orange, green, blue and brown, larger nodes near the outer edge. Behind the mesh, a vibrant orange halo (#F57C1F) surrounds a smooth matte cream medallion (#F5EBD7) in the center. On the medallion: a triangular tailor's chalk crossed over a short rolled measuring tape, rendered as a single chunky matte-black object (#1E1B18) with rounded edges, soft studio lighting from the top-left, a short soft shadow on the cream medallion. No text, no letters, no numbers anywhere. Flat composition, no perspective tilt, no extra objects, no background scene, no watermark, crisp edges, high detail, 1024x1024.","text, letters, watermark, logo of real brands, photorealistic person, face, hands, gradient background, perspective, multiple objects, clutter, blur"
SOC-11,SOC,RF7,Editar (só o dono),normal,nomesh,24,soc-11-normal-nomesh.png,"A circular app icon badge in soft 3D clay-render style, front view, centered, on a pure white background. Outer ring: a thick dark espresso-brown disc (#2A211C) with a subtly beveled rim. The dark disc is plain, no network mesh, no nodes. Behind the mesh, a vibrant orange halo (#F57C1F) surrounds a smooth matte cream medallion (#F5EBD7) in the center. On the medallion: a triangular tailor's chalk crossed over a short rolled measuring tape, rendered as a single chunky matte-black object (#1E1B18) with rounded edges, soft studio lighting from the top-left, a short soft shadow on the cream medallion. No text, no letters, no numbers anywhere. Flat composition, no perspective tilt, no extra objects, no background scene, no watermark, crisp edges, high detail, 1024x1024.","text, letters, watermark, logo of real brands, photorealistic person, face, hands, gradient background, perspective, multiple objects, clutter, blur"
SOC-11,SOC,RF7,Editar (só o dono),ativo,full,"512,96",soc-11-ativo.png,"A circular app icon badge in soft 3D clay-render style, front view, centered, on a pure white background. Outer ring: a thick dark espresso-brown disc (#2A211C) with a subtly beveled rim. On the disc: a network mesh of thin cream-colored threads forming triangles, connecting round glossy nodes in yellow, orange, green, blue and brown, larger nodes near the outer edge, smaller near the center. Behind the mesh, a vibrant orange halo (#F57C1F) surrounds a smooth matte cream medallion (#F5EBD7) in the center. On the medallion: a triangular tailor's chalk crossed over a short rolled measuring tape, rendered as a single chunky matte-black object (#1E1B18) with rounded edges, soft studio lighting from the top-left, a short soft shadow on the cream medallion. With accent details in bright orange (#F57C1F): an orange measuring tape. No text, no letters, no numbers anywhere. Flat composition, no perspective tilt, no extra objects, no background scene, no watermark, crisp edges, high detail, 1024x1024.","text, letters, watermark, logo of real brands, photorealistic person, face, hands, gradient background, perspective, multiple objects, clutter, blur"
SOC-11,SOC,RF7,Editar (só o dono),ativo,halfmesh,48,soc-11-ativo-halfmesh.png,"A circular app icon badge in soft 3D clay-render style, front view, centered, on a pure white background. Outer ring: a thick dark espresso-brown disc (#2A211C) with a subtly beveled rim. On the disc: a sparse network mesh of thin cream-colored threads with half the usual number of round glossy nodes in yellow, orange, green, blue and brown, larger nodes near the outer edge. Behind the mesh, a vibrant orange halo (#F57C1F) surrounds a smooth matte cream medallion (#F5EBD7) in the center. On the medallion: a triangular tailor's chalk crossed over a short rolled measuring tape, rendered as a single chunky matte-black object (#1E1B18) with rounded edges, soft studio lighting from the top-left, a short soft shadow on the cream medallion. With accent details in bright orange (#F57C1F): an orange measuring tape. No text, no letters, no numbers anywhere. Flat composition, no perspective tilt, no extra objects, no background scene, no watermark, crisp edges, high detail, 1024x1024.","text, letters, watermark, logo of real brands, photorealistic person, face, hands, gradient background, perspective, multiple objects, clutter, blur"
SOC-11,SOC,RF7,Editar (só o dono),ativo,nomesh,24,soc-11-ativo-nomesh.png,"A circular app icon badge in soft 3D clay-render style, front view, centered, on a pure white background. Outer ring: a thick dark espresso-brown disc (#2A211C) with a subtly beveled rim. The dark disc is plain, no network mesh, no nodes. Behind the mesh, a vibrant orange halo (#F57C1F) surrounds a smooth matte cream medallion (#F5EBD7) in the center. On the medallion: a triangular tailor's chalk crossed over a short rolled measuring tape, rendered as a single chunky matte-black object (#1E1B18) with rounded edges, soft studio lighting from the top-left, a short soft shadow on the cream medallion. With accent details in bright orange (#F57C1F): an orange measuring tape. No text, no letters, no numbers anywhere. Flat composition, no perspective tilt, no extra objects, no background scene, no watermark, crisp edges, high detail, 1024x1024.","text, letters, watermark, logo of real brands, photorealistic person, face, hands, gradient background, perspective, multiple objects, clutter, blur"
SOC-12,SOC,RF17,Seguir / Deixar de seguir,normal,full,"512,96",soc-12-normal.png,"A circular app icon badge in soft 3D clay-render style, front view, centered, on a pure white background. Outer ring: a thick dark espresso-brown disc (#2A211C) with a subtly beveled rim. On the disc: a network mesh of thin cream-colored threads forming triangles, connecting round glossy nodes in yellow, orange, green, blue and brown, larger nodes near the outer edge, smaller near the center. Behind the mesh, a vibrant orange halo (#F57C1F) surrounds a smooth matte cream medallion (#F5EBD7) in the center. On the medallion: a large safety pin bent into a plus sign, rendered as a single chunky matte-black object (#1E1B18) with rounded edges, soft studio lighting from the top-left, a short soft shadow on the cream medallion. No text, no letters, no numbers anywhere. Flat composition, no perspective tilt, no extra objects, no background scene, no watermark, crisp edges, high detail, 1024x1024.","text, letters, watermark, logo of real brands, photorealistic person, face, hands, gradient background, perspective, multiple objects, clutter, blur"
SOC-12,SOC,RF17,Seguir / Deixar de seguir,normal,halfmesh,48,soc-12-normal-halfmesh.png,"A circular app icon badge in soft 3D clay-render style, front view, centered, on a pure white background. Outer ring: a thick dark espresso-brown disc (#2A211C) with a subtly beveled rim. On the disc: a sparse network mesh of thin cream-colored threads with half the usual number of round glossy nodes in yellow, orange, green, blue and brown, larger nodes near the outer edge. Behind the mesh, a vibrant orange halo (#F57C1F) surrounds a smooth matte cream medallion (#F5EBD7) in the center. On the medallion: a large safety pin bent into a plus sign, rendered as a single chunky matte-black object (#1E1B18) with rounded edges, soft studio lighting from the top-left, a short soft shadow on the cream medallion. No text, no letters, no numbers anywhere. Flat composition, no perspective tilt, no extra objects, no background scene, no watermark, crisp edges, high detail, 1024x1024.","text, letters, watermark, logo of real brands, photorealistic person, face, hands, gradient background, perspective, multiple objects, clutter, blur"
SOC-12,SOC,RF17,Seguir / Deixar de seguir,normal,nomesh,24,soc-12-normal-nomesh.png,"A circular app icon badge in soft 3D clay-render style, front view, centered, on a pure white background. Outer ring: a thick dark espresso-brown disc (#2A211C) with a subtly beveled rim. The dark disc is plain, no network mesh, no nodes. Behind the mesh, a vibrant orange halo (#F57C1F) surrounds a smooth matte cream medallion (#F5EBD7) in the center. On the medallion: a large safety pin bent into a plus sign, rendered as a single chunky matte-black object (#1E1B18) with rounded edges, soft studio lighting from the top-left, a short soft shadow on the cream medallion. No text, no letters, no numbers anywhere. Flat composition, no perspective tilt, no extra objects, no background scene, no watermark, crisp edges, high detail, 1024x1024.","text, letters, watermark, logo of real brands, photorealistic person, face, hands, gradient background, perspective, multiple objects, clutter, blur"
SOC-12,SOC,RF17,Seguir / Deixar de seguir,ativo,full,"512,96",soc-12-ativo.png,"A circular app icon badge in soft 3D clay-render style, front view, centered, on a pure white background. Outer ring: a thick dark espresso-brown disc (#2A211C) with a subtly beveled rim. On the disc: a network mesh of thin cream-colored threads forming triangles, connecting round glossy nodes in yellow, orange, green, blue and brown, larger nodes near the outer edge, smaller near the center. Behind the mesh, a vibrant orange halo (#F57C1F) surrounds a smooth matte cream medallion (#F5EBD7) in the center. On the medallion: a large safety pin bent into a plus sign, rendered as a single chunky matte-black object (#1E1B18) with rounded edges, soft studio lighting from the top-left, a short soft shadow on the cream medallion. With accent details in bright orange (#F57C1F): the safety pin closed into an orange check mark. No text, no letters, no numbers anywhere. Flat composition, no perspective tilt, no extra objects, no background scene, no watermark, crisp edges, high detail, 1024x1024.","text, letters, watermark, logo of real brands, photorealistic person, face, hands, gradient background, perspective, multiple objects, clutter, blur"
SOC-12,SOC,RF17,Seguir / Deixar de seguir,ativo,halfmesh,48,soc-12-ativo-halfmesh.png,"A circular app icon badge in soft 3D clay-render style, front view, centered, on a pure white background. Outer ring: a thick dark espresso-brown disc (#2A211C) with a subtly beveled rim. On the disc: a sparse network mesh of thin cream-colored threads with half the usual number of round glossy nodes in yellow, orange, green, blue and brown, larger nodes near the outer edge. Behind the mesh, a vibrant orange halo (#F57C1F) surrounds a smooth matte cream medallion (#F5EBD7) in the center. On the medallion: a large safety pin bent into a plus sign, rendered as a single chunky matte-black object (#1E1B18) with rounded edges, soft studio lighting from the top-left, a short soft shadow on the cream medallion. With accent details in bright orange (#F57C1F): the safety pin closed into an orange check mark. No text, no letters, no numbers anywhere. Flat composition, no perspective tilt, no extra objects, no background scene, no watermark, crisp edges, high detail, 1024x1024.","text, letters, watermark, logo of real brands, photorealistic person, face, hands, gradient background, perspective, multiple objects, clutter, blur"
SOC-12,SOC,RF17,Seguir / Deixar de seguir,ativo,nomesh,24,soc-12-ativo-nomesh.png,"A circular app icon badge in soft 3D clay-render style, front view, centered, on a pure white background. Outer ring: a thick dark espresso-brown disc (#2A211C) with a subtly beveled rim. The dark disc is plain, no network mesh, no nodes. Behind the mesh, a vibrant orange halo (#F57C1F) surrounds a smooth matte cream medallion (#F5EBD7) in the center. On the medallion: a large safety pin bent into a plus sign, rendered as a single chunky matte-black object (#1E1B18) with rounded edges, soft studio lighting from the top-left, a short soft shadow on the cream medallion. With accent details in bright orange (#F57C1F): the safety pin closed into an orange check mark. No text, no letters, no numbers anywhere. Flat composition, no perspective tilt, no extra objects, no background scene, no watermark, crisp edges, high detail, 1024x1024.","text, letters, watermark, logo of real brands, photorealistic person, face, hands, gradient background, perspective, multiple objects, clutter, blur"
SOC-13,SOC,RF7,Excluir comentário,normal,full,"512,96",soc-13-normal.png,"A circular app icon badge in soft 3D clay-render style, front view, centered, on a pure white background. Outer ring: a thick dark espresso-brown disc (#2A211C) with a subtly beveled rim. On the disc: a network mesh of thin cream-colored threads forming triangles, connecting round glossy nodes in yellow, orange, green, blue and brown, larger nodes near the outer edge, smaller near the center. Behind the mesh, a vibrant orange halo (#F57C1F) surrounds a smooth matte cream medallion (#F5EBD7) in the center. On the medallion: a pair of tailor's scissors cutting a small fabric label in half, rendered as a single chunky matte-black object (#1E1B18) with rounded edges, soft studio lighting from the top-left, a short soft shadow on the cream medallion. No text, no letters, no numbers anywhere. Flat composition, no perspective tilt, no extra objects, no background scene, no watermark, crisp edges, high detail, 1024x1024.","text, letters, watermark, logo of real brands, photorealistic person, face, hands, gradient background, perspective, multiple objects, clutter, blur"
SOC-13,SOC,RF7,Excluir comentário,normal,halfmesh,48,soc-13-normal-halfmesh.png,"A circular app icon badge in soft 3D clay-render style, front view, centered, on a pure white background. Outer ring: a thick dark espresso-brown disc (#2A211C) with a subtly beveled rim. On the disc: a sparse network mesh of thin cream-colored threads with half the usual number of round glossy nodes in yellow, orange, green, blue and brown, larger nodes near the outer edge. Behind the mesh, a vibrant orange halo (#F57C1F) surrounds a smooth matte cream medallion (#F5EBD7) in the center. On the medallion: a pair of tailor's scissors cutting a small fabric label in half, rendered as a single chunky matte-black object (#1E1B18) with rounded edges, soft studio lighting from the top-left, a short soft shadow on the cream medallion. No text, no letters, no numbers anywhere. Flat composition, no perspective tilt, no extra objects, no background scene, no watermark, crisp edges, high detail, 1024x1024.","text, letters, watermark, logo of real brands, photorealistic person, face, hands, gradient background, perspective, multiple objects, clutter, blur"
SOC-13,SOC,RF7,Excluir comentário,normal,nomesh,24,soc-13-normal-nomesh.png,"A circular app icon badge in soft 3D clay-render style, front view, centered, on a pure white background. Outer ring: a thick dark espresso-brown disc (#2A211C) with a subtly beveled rim. The dark disc is plain, no network mesh, no nodes. Behind the mesh, a vibrant orange halo (#F57C1F) surrounds a smooth matte cream medallion (#F5EBD7) in the center. On the medallion: a pair of tailor's scissors cutting a small fabric label in half, rendered as a single chunky matte-black object (#1E1B18) with rounded edges, soft studio lighting from the top-left, a short soft shadow on the cream medallion. No text, no letters, no numbers anywhere. Flat composition, no perspective tilt, no extra objects, no background scene, no watermark, crisp edges, high detail, 1024x1024.","text, letters, watermark, logo of real brands, photorealistic person, face, hands, gradient background, perspective, multiple objects, clutter, blur"
SOC-14,SOC,RF31,Disponível,normal,full,"512,96",soc-14-normal.png,"A circular app icon badge in soft 3D clay-render style, front view, centered, on a pure white background. Outer ring: a thick dark espresso-brown disc (#2A211C) with a subtly beveled rim. On the disc: a network mesh of thin cream-colored threads forming triangles, connecting round glossy nodes in yellow, orange, green, blue and brown, larger nodes near the outer edge, smaller near the center. Behind the mesh, a vibrant orange halo (#F57C1F) surrounds a smooth matte cream medallion (#F5EBD7) in the center. On the medallion: a clothes hanger with a small round tag showing a check mark shape, rendered as a single chunky matte-black object (#1E1B18) with rounded edges, soft studio lighting from the top-left, a short soft shadow on the cream medallion. No text, no letters, no numbers anywhere. Flat composition, no perspective tilt, no extra objects, no background scene, no watermark, crisp edges, high detail, 1024x1024.","text, letters, watermark, logo of real brands, photorealistic person, face, hands, gradient background, perspective, multiple objects, clutter, blur"
SOC-14,SOC,RF31,Disponível,normal,halfmesh,48,soc-14-normal-halfmesh.png,"A circular app icon badge in soft 3D clay-render style, front view, centered, on a pure white background. Outer ring: a thick dark espresso-brown disc (#2A211C) with a subtly beveled rim. On the disc: a sparse network mesh of thin cream-colored threads with half the usual number of round glossy nodes in yellow, orange, green, blue and brown, larger nodes near the outer edge. Behind the mesh, a vibrant orange halo (#F57C1F) surrounds a smooth matte cream medallion (#F5EBD7) in the center. On the medallion: a clothes hanger with a small round tag showing a check mark shape, rendered as a single chunky matte-black object (#1E1B18) with rounded edges, soft studio lighting from the top-left, a short soft shadow on the cream medallion. No text, no letters, no numbers anywhere. Flat composition, no perspective tilt, no extra objects, no background scene, no watermark, crisp edges, high detail, 1024x1024.","text, letters, watermark, logo of real brands, photorealistic person, face, hands, gradient background, perspective, multiple objects, clutter, blur"
SOC-14,SOC,RF31,Disponível,normal,nomesh,24,soc-14-normal-nomesh.png,"A circular app icon badge in soft 3D clay-render style, front view, centered, on a pure white background. Outer ring: a thick dark espresso-brown disc (#2A211C) with a subtly beveled rim. The dark disc is plain, no network mesh, no nodes. Behind the mesh, a vibrant orange halo (#F57C1F) surrounds a smooth matte cream medallion (#F5EBD7) in the center. On the medallion: a clothes hanger with a small round tag showing a check mark shape, rendered as a single chunky matte-black object (#1E1B18) with rounded edges, soft studio lighting from the top-left, a short soft shadow on the cream medallion. No text, no letters, no numbers anywhere. Flat composition, no perspective tilt, no extra objects, no background scene, no watermark, crisp edges, high detail, 1024x1024.","text, letters, watermark, logo of real brands, photorealistic person, face, hands, gradient background, perspective, multiple objects, clutter, blur"
SOC-14,SOC,RF31,Disponível,ativo,full,"512,96",soc-14-ativo.png,"A circular app icon badge in soft 3D clay-render style, front view, centered, on a pure white background. Outer ring: a thick dark espresso-brown disc (#2A211C) with a subtly beveled rim. On the disc: a network mesh of thin cream-colored threads forming triangles, connecting round glossy nodes in yellow, orange, green, blue and brown, larger nodes near the outer edge, smaller near the center. Behind the mesh, a vibrant orange halo (#F57C1F) surrounds a smooth matte cream medallion (#F5EBD7) in the center. On the medallion: a clothes hanger with a small round tag showing a check mark shape, rendered as a single chunky matte-black object (#1E1B18) with rounded edges, soft studio lighting from the top-left, a short soft shadow on the cream medallion. With accent details in bright orange (#F57C1F): an orange tag. No text, no letters, no numbers anywhere. Flat composition, no perspective tilt, no extra objects, no background scene, no watermark, crisp edges, high detail, 1024x1024.","text, letters, watermark, logo of real brands, photorealistic person, face, hands, gradient background, perspective, multiple objects, clutter, blur"
SOC-14,SOC,RF31,Disponível,ativo,halfmesh,48,soc-14-ativo-halfmesh.png,"A circular app icon badge in soft 3D clay-render style, front view, centered, on a pure white background. Outer ring: a thick dark espresso-brown disc (#2A211C) with a subtly beveled rim. On the disc: a sparse network mesh of thin cream-colored threads with half the usual number of round glossy nodes in yellow, orange, green, blue and brown, larger nodes near the outer edge. Behind the mesh, a vibrant orange halo (#F57C1F) surrounds a smooth matte cream medallion (#F5EBD7) in the center. On the medallion: a clothes hanger with a small round tag showing a check mark shape, rendered as a single chunky matte-black object (#1E1B18) with rounded edges, soft studio lighting from the top-left, a short soft shadow on the cream medallion. With accent details in bright orange (#F57C1F): an orange tag. No text, no letters, no numbers anywhere. Flat composition, no perspective tilt, no extra objects, no background scene, no watermark, crisp edges, high detail, 1024x1024.","text, letters, watermark, logo of real brands, photorealistic person, face, hands, gradient background, perspective, multiple objects, clutter, blur"
SOC-14,SOC,RF31,Disponível,ativo,nomesh,24,soc-14-ativo-nomesh.png,"A circular app icon badge in soft 3D clay-render style, front view, centered, on a pure white background. Outer ring: a thick dark espresso-brown disc (#2A211C) with a subtly beveled rim. The dark disc is plain, no network mesh, no nodes. Behind the mesh, a vibrant orange halo (#F57C1F) surrounds a smooth matte cream medallion (#F5EBD7) in the center. On the medallion: a clothes hanger with a small round tag showing a check mark shape, rendered as a single chunky matte-black object (#1E1B18) with rounded edges, soft studio lighting from the top-left, a short soft shadow on the cream medallion. With accent details in bright orange (#F57C1F): an orange tag. No text, no letters, no numbers anywhere. Flat composition, no perspective tilt, no extra objects, no background scene, no watermark, crisp edges, high detail, 1024x1024.","text, letters, watermark, logo of real brands, photorealistic person, face, hands, gradient background, perspective, multiple objects, clutter, blur"
SOC-15,SOC,RF31,Indisponível,normal,full,"512,96",soc-15-normal.png,"A circular app icon badge in soft 3D clay-render style, front view, centered, on a pure white background. Outer ring: a thick dark espresso-brown disc (#2A211C) with a subtly beveled rim. On the disc: a network mesh of thin cream-colored threads forming triangles, connecting round glossy nodes in yellow, orange, green, blue and brown, larger nodes near the outer edge, smaller near the center. Behind the mesh, a vibrant orange halo (#F57C1F) surrounds a smooth matte cream medallion (#F5EBD7) in the center. On the medallion: a woven laundry basket with a folded shirt on top, rendered as a single chunky matte-black object (#1E1B18) with rounded edges, soft studio lighting from the top-left, a short soft shadow on the cream medallion. No text, no letters, no numbers anywhere. Flat composition, no perspective tilt, no extra objects, no background scene, no watermark, crisp edges, high detail, 1024x1024.","text, letters, watermark, logo of real brands, photorealistic person, face, hands, gradient background, perspective, multiple objects, clutter, blur"
SOC-15,SOC,RF31,Indisponível,normal,halfmesh,48,soc-15-normal-halfmesh.png,"A circular app icon badge in soft 3D clay-render style, front view, centered, on a pure white background. Outer ring: a thick dark espresso-brown disc (#2A211C) with a subtly beveled rim. On the disc: a sparse network mesh of thin cream-colored threads with half the usual number of round glossy nodes in yellow, orange, green, blue and brown, larger nodes near the outer edge. Behind the mesh, a vibrant orange halo (#F57C1F) surrounds a smooth matte cream medallion (#F5EBD7) in the center. On the medallion: a woven laundry basket with a folded shirt on top, rendered as a single chunky matte-black object (#1E1B18) with rounded edges, soft studio lighting from the top-left, a short soft shadow on the cream medallion. No text, no letters, no numbers anywhere. Flat composition, no perspective tilt, no extra objects, no background scene, no watermark, crisp edges, high detail, 1024x1024.","text, letters, watermark, logo of real brands, photorealistic person, face, hands, gradient background, perspective, multiple objects, clutter, blur"
SOC-15,SOC,RF31,Indisponível,normal,nomesh,24,soc-15-normal-nomesh.png,"A circular app icon badge in soft 3D clay-render style, front view, centered, on a pure white background. Outer ring: a thick dark espresso-brown disc (#2A211C) with a subtly beveled rim. The dark disc is plain, no network mesh, no nodes. Behind the mesh, a vibrant orange halo (#F57C1F) surrounds a smooth matte cream medallion (#F5EBD7) in the center. On the medallion: a woven laundry basket with a folded shirt on top, rendered as a single chunky matte-black object (#1E1B18) with rounded edges, soft studio lighting from the top-left, a short soft shadow on the cream medallion. No text, no letters, no numbers anywhere. Flat composition, no perspective tilt, no extra objects, no background scene, no watermark, crisp edges, high detail, 1024x1024.","text, letters, watermark, logo of real brands, photorealistic person, face, hands, gradient background, perspective, multiple objects, clutter, blur"
NAV-01,NAV,RF9,Dashboard,normal,full,"512,96",nav-01-normal.png,"A circular app icon badge in soft 3D clay-render style, front view, centered, on a pure white background. Outer ring: a thick dark espresso-brown disc (#2A211C) with a subtly beveled rim. On the disc: a network mesh of thin cream-colored threads forming triangles, connecting round glossy nodes in yellow, orange, green, blue and brown, larger nodes near the outer edge, smaller near the center. Behind the mesh, a vibrant orange halo (#F57C1F) surrounds a smooth matte cream medallion (#F5EBD7) in the center. On the medallion: a small dress form mannequin bust with a round gauge dial on its chest, rendered as a single chunky matte-black object (#1E1B18) with rounded edges, soft studio lighting from the top-left, a short soft shadow on the cream medallion. No text, no letters, no numbers anywhere. Flat composition, no perspective tilt, no extra objects, no background scene, no watermark, crisp edges, high detail, 1024x1024.","text, letters, watermark, logo of real brands, photorealistic person, face, hands, gradient background, perspective, multiple objects, clutter, blur"
NAV-01,NAV,RF9,Dashboard,normal,halfmesh,48,nav-01-normal-halfmesh.png,"A circular app icon badge in soft 3D clay-render style, front view, centered, on a pure white background. Outer ring: a thick dark espresso-brown disc (#2A211C) with a subtly beveled rim. On the disc: a sparse network mesh of thin cream-colored threads with half the usual number of round glossy nodes in yellow, orange, green, blue and brown, larger nodes near the outer edge. Behind the mesh, a vibrant orange halo (#F57C1F) surrounds a smooth matte cream medallion (#F5EBD7) in the center. On the medallion: a small dress form mannequin bust with a round gauge dial on its chest, rendered as a single chunky matte-black object (#1E1B18) with rounded edges, soft studio lighting from the top-left, a short soft shadow on the cream medallion. No text, no letters, no numbers anywhere. Flat composition, no perspective tilt, no extra objects, no background scene, no watermark, crisp edges, high detail, 1024x1024.","text, letters, watermark, logo of real brands, photorealistic person, face, hands, gradient background, perspective, multiple objects, clutter, blur"
NAV-01,NAV,RF9,Dashboard,normal,nomesh,24,nav-01-normal-nomesh.png,"A circular app icon badge in soft 3D clay-render style, front view, centered, on a pure white background. Outer ring: a thick dark espresso-brown disc (#2A211C) with a subtly beveled rim. The dark disc is plain, no network mesh, no nodes. Behind the mesh, a vibrant orange halo (#F57C1F) surrounds a smooth matte cream medallion (#F5EBD7) in the center. On the medallion: a small dress form mannequin bust with a round gauge dial on its chest, rendered as a single chunky matte-black object (#1E1B18) with rounded edges, soft studio lighting from the top-left, a short soft shadow on the cream medallion. No text, no letters, no numbers anywhere. Flat composition, no perspective tilt, no extra objects, no background scene, no watermark, crisp edges, high detail, 1024x1024.","text, letters, watermark, logo of real brands, photorealistic person, face, hands, gradient background, perspective, multiple objects, clutter, blur"
NAV-01,NAV,RF9,Dashboard,ativo,full,"512,96",nav-01-ativo.png,"A circular app icon badge in soft 3D clay-render style, front view, centered, on a pure white background. Outer ring: a thick dark espresso-brown disc (#2A211C) with a subtly beveled rim. On the disc: a network mesh of thin cream-colored threads forming triangles, connecting round glossy nodes in yellow, orange, green, blue and brown, larger nodes near the outer edge, smaller near the center. Behind the mesh, a vibrant orange halo (#F57C1F) surrounds a smooth matte cream medallion (#F5EBD7) in the center. On the medallion: a small dress form mannequin bust with a round gauge dial on its chest, rendered as a single chunky matte-black object (#1E1B18) with rounded edges, soft studio lighting from the top-left, a short soft shadow on the cream medallion. With accent details in bright orange (#F57C1F): an orange gauge needle. No text, no letters, no numbers anywhere. Flat composition, no perspective tilt, no extra objects, no background scene, no watermark, crisp edges, high detail, 1024x1024.","text, letters, watermark, logo of real brands, photorealistic person, face, hands, gradient background, perspective, multiple objects, clutter, blur"
NAV-01,NAV,RF9,Dashboard,ativo,halfmesh,48,nav-01-ativo-halfmesh.png,"A circular app icon badge in soft 3D clay-render style, front view, centered, on a pure white background. Outer ring: a thick dark espresso-brown disc (#2A211C) with a subtly beveled rim. On the disc: a sparse network mesh of thin cream-colored threads with half the usual number of round glossy nodes in yellow, orange, green, blue and brown, larger nodes near the outer edge. Behind the mesh, a vibrant orange halo (#F57C1F) surrounds a smooth matte cream medallion (#F5EBD7) in the center. On the medallion: a small dress form mannequin bust with a round gauge dial on its chest, rendered as a single chunky matte-black object (#1E1B18) with rounded edges, soft studio lighting from the top-left, a short soft shadow on the cream medallion. With accent details in bright orange (#F57C1F): an orange gauge needle. No text, no letters, no numbers anywhere. Flat composition, no perspective tilt, no extra objects, no background scene, no watermark, crisp edges, high detail, 1024x1024.","text, letters, watermark, logo of real brands, photorealistic person, face, hands, gradient background, perspective, multiple objects, clutter, blur"
NAV-01,NAV,RF9,Dashboard,ativo,nomesh,24,nav-01-ativo-nomesh.png,"A circular app icon badge in soft 3D clay-render style, front view, centered, on a pure white background. Outer ring: a thick dark espresso-brown disc (#2A211C) with a subtly beveled rim. The dark disc is plain, no network mesh, no nodes. Behind the mesh, a vibrant orange halo (#F57C1F) surrounds a smooth matte cream medallion (#F5EBD7) in the center. On the medallion: a small dress form mannequin bust with a round gauge dial on its chest, rendered as a single chunky matte-black object (#1E1B18) with rounded edges, soft studio lighting from the top-left, a short soft shadow on the cream medallion. With accent details in bright orange (#F57C1F): an orange gauge needle. No text, no letters, no numbers anywhere. Flat composition, no perspective tilt, no extra objects, no background scene, no watermark, crisp edges, high detail, 1024x1024.","text, letters, watermark, logo of real brands, photorealistic person, face, hands, gradient background, perspective, multiple objects, clutter, blur"
NAV-02,NAV,RF4,Guarda-Roupa,normal,full,"512,96",nav-02-normal.png,"A circular app icon badge in soft 3D clay-render style, front view, centered, on a pure white background. Outer ring: a thick dark espresso-brown disc (#2A211C) with a subtly beveled rim. On the disc: a network mesh of thin cream-colored threads forming triangles, connecting round glossy nodes in yellow, orange, green, blue and brown, larger nodes near the outer edge, smaller near the center. Behind the mesh, a vibrant orange halo (#F57C1F) surrounds a smooth matte cream medallion (#F5EBD7) in the center. On the medallion: a two-door wardrobe with one door slightly open showing hangers inside, rendered as a single chunky matte-black object (#1E1B18) with rounded edges, soft studio lighting from the top-left, a short soft shadow on the cream medallion. No text, no letters, no numbers anywhere. Flat composition, no perspective tilt, no extra objects, no background scene, no watermark, crisp edges, high detail, 1024x1024.","text, letters, watermark, logo of real brands, photorealistic person, face, hands, gradient background, perspective, multiple objects, clutter, blur"
NAV-02,NAV,RF4,Guarda-Roupa,normal,halfmesh,48,nav-02-normal-halfmesh.png,"A circular app icon badge in soft 3D clay-render style, front view, centered, on a pure white background. Outer ring: a thick dark espresso-brown disc (#2A211C) with a subtly beveled rim. On the disc: a sparse network mesh of thin cream-colored threads with half the usual number of round glossy nodes in yellow, orange, green, blue and brown, larger nodes near the outer edge. Behind the mesh, a vibrant orange halo (#F57C1F) surrounds a smooth matte cream medallion (#F5EBD7) in the center. On the medallion: a two-door wardrobe with one door slightly open showing hangers inside, rendered as a single chunky matte-black object (#1E1B18) with rounded edges, soft studio lighting from the top-left, a short soft shadow on the cream medallion. No text, no letters, no numbers anywhere. Flat composition, no perspective tilt, no extra objects, no background scene, no watermark, crisp edges, high detail, 1024x1024.","text, letters, watermark, logo of real brands, photorealistic person, face, hands, gradient background, perspective, multiple objects, clutter, blur"
NAV-02,NAV,RF4,Guarda-Roupa,normal,nomesh,24,nav-02-normal-nomesh.png,"A circular app icon badge in soft 3D clay-render style, front view, centered, on a pure white background. Outer ring: a thick dark espresso-brown disc (#2A211C) with a subtly beveled rim. The dark disc is plain, no network mesh, no nodes. Behind the mesh, a vibrant orange halo (#F57C1F) surrounds a smooth matte cream medallion (#F5EBD7) in the center. On the medallion: a two-door wardrobe with one door slightly open showing hangers inside, rendered as a single chunky matte-black object (#1E1B18) with rounded edges, soft studio lighting from the top-left, a short soft shadow on the cream medallion. No text, no letters, no numbers anywhere. Flat composition, no perspective tilt, no extra objects, no background scene, no watermark, crisp edges, high detail, 1024x1024.","text, letters, watermark, logo of real brands, photorealistic person, face, hands, gradient background, perspective, multiple objects, clutter, blur"
NAV-02,NAV,RF4,Guarda-Roupa,ativo,full,"512,96",nav-02-ativo.png,"A circular app icon badge in soft 3D clay-render style, front view, centered, on a pure white background. Outer ring: a thick dark espresso-brown disc (#2A211C) with a subtly beveled rim. On the disc: a network mesh of thin cream-colored threads forming triangles, connecting round glossy nodes in yellow, orange, green, blue and brown, larger nodes near the outer edge, smaller near the center. Behind the mesh, a vibrant orange halo (#F57C1F) surrounds a smooth matte cream medallion (#F5EBD7) in the center. On the medallion: a two-door wardrobe with one door slightly open showing hangers inside, rendered as a single chunky matte-black object (#1E1B18) with rounded edges, soft studio lighting from the top-left, a short soft shadow on the cream medallion. With accent details in bright orange (#F57C1F): orange hangers inside. No text, no letters, no numbers anywhere. Flat composition, no perspective tilt, no extra objects, no background scene, no watermark, crisp edges, high detail, 1024x1024.","text, letters, watermark, logo of real brands, photorealistic person, face, hands, gradient background, perspective, multiple objects, clutter, blur"
NAV-02,NAV,RF4,Guarda-Roupa,ativo,halfmesh,48,nav-02-ativo-halfmesh.png,"A circular app icon badge in soft 3D clay-render style, front view, centered, on a pure white background. Outer ring: a thick dark espresso-brown disc (#2A211C) with a subtly beveled rim. On the disc: a sparse network mesh of thin cream-colored threads with half the usual number of round glossy nodes in yellow, orange, green, blue and brown, larger nodes near the outer edge. Behind the mesh, a vibrant orange halo (#F57C1F) surrounds a smooth matte cream medallion (#F5EBD7) in the center. On the medallion: a two-door wardrobe with one door slightly open showing hangers inside, rendered as a single chunky matte-black object (#1E1B18) with rounded edges, soft studio lighting from the top-left, a short soft shadow on the cream medallion. With accent details in bright orange (#F57C1F): orange hangers inside. No text, no letters, no numbers anywhere. Flat composition, no perspective tilt, no extra objects, no background scene, no watermark, crisp edges, high detail, 1024x1024.","text, letters, watermark, logo of real brands, photorealistic person, face, hands, gradient background, perspective, multiple objects, clutter, blur"
NAV-02,NAV,RF4,Guarda-Roupa,ativo,nomesh,24,nav-02-ativo-nomesh.png,"A circular app icon badge in soft 3D clay-render style, front view, centered, on a pure white background. Outer ring: a thick dark espresso-brown disc (#2A211C) with a subtly beveled rim. The dark disc is plain, no network mesh, no nodes. Behind the mesh, a vibrant orange halo (#F57C1F) surrounds a smooth matte cream medallion (#F5EBD7) in the center. On the medallion: a two-door wardrobe with one door slightly open showing hangers inside, rendered as a single chunky matte-black object (#1E1B18) with rounded edges, soft studio lighting from the top-left, a short soft shadow on the cream medallion. With accent details in bright orange (#F57C1F): orange hangers inside. No text, no letters, no numbers anywhere. Flat composition, no perspective tilt, no extra objects, no background scene, no watermark, crisp edges, high detail, 1024x1024.","text, letters, watermark, logo of real brands, photorealistic person, face, hands, gradient background, perspective, multiple objects, clutter, blur"
NAV-03,NAV,RF5,Criar Look,normal,full,"512,96",nav-03-normal.png,"A circular app icon badge in soft 3D clay-render style, front view, centered, on a pure white background. Outer ring: a thick dark espresso-brown disc (#2A211C) with a subtly beveled rim. On the disc: a network mesh of thin cream-colored threads forming triangles, connecting round glossy nodes in yellow, orange, green, blue and brown, larger nodes near the outer edge, smaller near the center. Behind the mesh, a vibrant orange halo (#F57C1F) surrounds a smooth matte cream medallion (#F5EBD7) in the center. On the medallion: a dress form mannequin with a small four-point sparkle above its shoulder, rendered as a single chunky matte-black object (#1E1B18) with rounded edges, soft studio lighting from the top-left, a short soft shadow on the cream medallion. No text, no letters, no numbers anywhere. Flat composition, no perspective tilt, no extra objects, no background scene, no watermark, crisp edges, high detail, 1024x1024.","text, letters, watermark, logo of real brands, photorealistic person, face, hands, gradient background, perspective, multiple objects, clutter, blur"
NAV-03,NAV,RF5,Criar Look,normal,halfmesh,48,nav-03-normal-halfmesh.png,"A circular app icon badge in soft 3D clay-render style, front view, centered, on a pure white background. Outer ring: a thick dark espresso-brown disc (#2A211C) with a subtly beveled rim. On the disc: a sparse network mesh of thin cream-colored threads with half the usual number of round glossy nodes in yellow, orange, green, blue and brown, larger nodes near the outer edge. Behind the mesh, a vibrant orange halo (#F57C1F) surrounds a smooth matte cream medallion (#F5EBD7) in the center. On the medallion: a dress form mannequin with a small four-point sparkle above its shoulder, rendered as a single chunky matte-black object (#1E1B18) with rounded edges, soft studio lighting from the top-left, a short soft shadow on the cream medallion. No text, no letters, no numbers anywhere. Flat composition, no perspective tilt, no extra objects, no background scene, no watermark, crisp edges, high detail, 1024x1024.","text, letters, watermark, logo of real brands, photorealistic person, face, hands, gradient background, perspective, multiple objects, clutter, blur"
NAV-03,NAV,RF5,Criar Look,normal,nomesh,24,nav-03-normal-nomesh.png,"A circular app icon badge in soft 3D clay-render style, front view, centered, on a pure white background. Outer ring: a thick dark espresso-brown disc (#2A211C) with a subtly beveled rim. The dark disc is plain, no network mesh, no nodes. Behind the mesh, a vibrant orange halo (#F57C1F) surrounds a smooth matte cream medallion (#F5EBD7) in the center. On the medallion: a dress form mannequin with a small four-point sparkle above its shoulder, rendered as a single chunky matte-black object (#1E1B18) with rounded edges, soft studio lighting from the top-left, a short soft shadow on the cream medallion. No text, no letters, no numbers anywhere. Flat composition, no perspective tilt, no extra objects, no background scene, no watermark, crisp edges, high detail, 1024x1024.","text, letters, watermark, logo of real brands, photorealistic person, face, hands, gradient background, perspective, multiple objects, clutter, blur"
NAV-03,NAV,RF5,Criar Look,ativo,full,"512,96",nav-03-ativo.png,"A circular app icon badge in soft 3D clay-render style, front view, centered, on a pure white background. Outer ring: a thick dark espresso-brown disc (#2A211C) with a subtly beveled rim. On the disc: a network mesh of thin cream-colored threads forming triangles, connecting round glossy nodes in yellow, orange, green, blue and brown, larger nodes near the outer edge, smaller near the center. Behind the mesh, a vibrant orange halo (#F57C1F) surrounds a smooth matte cream medallion (#F5EBD7) in the center. On the medallion: a dress form mannequin with a small four-point sparkle above its shoulder, rendered as a single chunky matte-black object (#1E1B18) with rounded edges, soft studio lighting from the top-left, a short soft shadow on the cream medallion. With accent details in bright orange (#F57C1F): an orange sparkle. No text, no letters, no numbers anywhere. Flat composition, no perspective tilt, no extra objects, no background scene, no watermark, crisp edges, high detail, 1024x1024.","text, letters, watermark, logo of real brands, photorealistic person, face, hands, gradient background, perspective, multiple objects, clutter, blur"
NAV-03,NAV,RF5,Criar Look,ativo,halfmesh,48,nav-03-ativo-halfmesh.png,"A circular app icon badge in soft 3D clay-render style, front view, centered, on a pure white background. Outer ring: a thick dark espresso-brown disc (#2A211C) with a subtly beveled rim. On the disc: a sparse network mesh of thin cream-colored threads with half the usual number of round glossy nodes in yellow, orange, green, blue and brown, larger nodes near the outer edge. Behind the mesh, a vibrant orange halo (#F57C1F) surrounds a smooth matte cream medallion (#F5EBD7) in the center. On the medallion: a dress form mannequin with a small four-point sparkle above its shoulder, rendered as a single chunky matte-black object (#1E1B18) with rounded edges, soft studio lighting from the top-left, a short soft shadow on the cream medallion. With accent details in bright orange (#F57C1F): an orange sparkle. No text, no letters, no numbers anywhere. Flat composition, no perspective tilt, no extra objects, no background scene, no watermark, crisp edges, high detail, 1024x1024.","text, letters, watermark, logo of real brands, photorealistic person, face, hands, gradient background, perspective, multiple objects, clutter, blur"
NAV-03,NAV,RF5,Criar Look,ativo,nomesh,24,nav-03-ativo-nomesh.png,"A circular app icon badge in soft 3D clay-render style, front view, centered, on a pure white background. Outer ring: a thick dark espresso-brown disc (#2A211C) with a subtly beveled rim. The dark disc is plain, no network mesh, no nodes. Behind the mesh, a vibrant orange halo (#F57C1F) surrounds a smooth matte cream medallion (#F5EBD7) in the center. On the medallion: a dress form mannequin with a small four-point sparkle above its shoulder, rendered as a single chunky matte-black object (#1E1B18) with rounded edges, soft studio lighting from the top-left, a short soft shadow on the cream medallion. With accent details in bright orange (#F57C1F): an orange sparkle. No text, no letters, no numbers anywhere. Flat composition, no perspective tilt, no extra objects, no background scene, no watermark, crisp edges, high detail, 1024x1024.","text, letters, watermark, logo of real brands, photorealistic person, face, hands, gradient background, perspective, multiple objects, clutter, blur"
NAV-04,NAV,RF6,Looks Salvos,normal,full,"512,96",nav-04-normal.png,"A circular app icon badge in soft 3D clay-render style, front view, centered, on a pure white background. Outer ring: a thick dark espresso-brown disc (#2A211C) with a subtly beveled rim. On the disc: a network mesh of thin cream-colored threads forming triangles, connecting round glossy nodes in yellow, orange, green, blue and brown, larger nodes near the outer edge, smaller near the center. Behind the mesh, a vibrant orange halo (#F57C1F) surrounds a smooth matte cream medallion (#F5EBD7) in the center. On the medallion: three garment bags hanging side by side on a short rail, rendered as a single chunky matte-black object (#1E1B18) with rounded edges, soft studio lighting from the top-left, a short soft shadow on the cream medallion. No text, no letters, no numbers anywhere. Flat composition, no perspective tilt, no extra objects, no background scene, no watermark, crisp edges, high detail, 1024x1024.","text, letters, watermark, logo of real brands, photorealistic person, face, hands, gradient background, perspective, multiple objects, clutter, blur"
NAV-04,NAV,RF6,Looks Salvos,normal,halfmesh,48,nav-04-normal-halfmesh.png,"A circular app icon badge in soft 3D clay-render style, front view, centered, on a pure white background. Outer ring: a thick dark espresso-brown disc (#2A211C) with a subtly beveled rim. On the disc: a sparse network mesh of thin cream-colored threads with half the usual number of round glossy nodes in yellow, orange, green, blue and brown, larger nodes near the outer edge. Behind the mesh, a vibrant orange halo (#F57C1F) surrounds a smooth matte cream medallion (#F5EBD7) in the center. On the medallion: three garment bags hanging side by side on a short rail, rendered as a single chunky matte-black object (#1E1B18) with rounded edges, soft studio lighting from the top-left, a short soft shadow on the cream medallion. No text, no letters, no numbers anywhere. Flat composition, no perspective tilt, no extra objects, no background scene, no watermark, crisp edges, high detail, 1024x1024.","text, letters, watermark, logo of real brands, photorealistic person, face, hands, gradient background, perspective, multiple objects, clutter, blur"
NAV-04,NAV,RF6,Looks Salvos,normal,nomesh,24,nav-04-normal-nomesh.png,"A circular app icon badge in soft 3D clay-render style, front view, centered, on a pure white background. Outer ring: a thick dark espresso-brown disc (#2A211C) with a subtly beveled rim. The dark disc is plain, no network mesh, no nodes. Behind the mesh, a vibrant orange halo (#F57C1F) surrounds a smooth matte cream medallion (#F5EBD7) in the center. On the medallion: three garment bags hanging side by side on a short rail, rendered as a single chunky matte-black object (#1E1B18) with rounded edges, soft studio lighting from the top-left, a short soft shadow on the cream medallion. No text, no letters, no numbers anywhere. Flat composition, no perspective tilt, no extra objects, no background scene, no watermark, crisp edges, high detail, 1024x1024.","text, letters, watermark, logo of real brands, photorealistic person, face, hands, gradient background, perspective, multiple objects, clutter, blur"
NAV-04,NAV,RF6,Looks Salvos,ativo,full,"512,96",nav-04-ativo.png,"A circular app icon badge in soft 3D clay-render style, front view, centered, on a pure white background. Outer ring: a thick dark espresso-brown disc (#2A211C) with a subtly beveled rim. On the disc: a network mesh of thin cream-colored threads forming triangles, connecting round glossy nodes in yellow, orange, green, blue and brown, larger nodes near the outer edge, smaller near the center. Behind the mesh, a vibrant orange halo (#F57C1F) surrounds a smooth matte cream medallion (#F5EBD7) in the center. On the medallion: three garment bags hanging side by side on a short rail, rendered as a single chunky matte-black object (#1E1B18) with rounded edges, soft studio lighting from the top-left, a short soft shadow on the cream medallion. With accent details in bright orange (#F57C1F): an orange rail. No text, no letters, no numbers anywhere. Flat composition, no perspective tilt, no extra objects, no background scene, no watermark, crisp edges, high detail, 1024x1024.","text, letters, watermark, logo of real brands, photorealistic person, face, hands, gradient background, perspective, multiple objects, clutter, blur"
NAV-04,NAV,RF6,Looks Salvos,ativo,halfmesh,48,nav-04-ativo-halfmesh.png,"A circular app icon badge in soft 3D clay-render style, front view, centered, on a pure white background. Outer ring: a thick dark espresso-brown disc (#2A211C) with a subtly beveled rim. On the disc: a sparse network mesh of thin cream-colored threads with half the usual number of round glossy nodes in yellow, orange, green, blue and brown, larger nodes near the outer edge. Behind the mesh, a vibrant orange halo (#F57C1F) surrounds a smooth matte cream medallion (#F5EBD7) in the center. On the medallion: three garment bags hanging side by side on a short rail, rendered as a single chunky matte-black object (#1E1B18) with rounded edges, soft studio lighting from the top-left, a short soft shadow on the cream medallion. With accent details in bright orange (#F57C1F): an orange rail. No text, no letters, no numbers anywhere. Flat composition, no perspective tilt, no extra objects, no background scene, no watermark, crisp edges, high detail, 1024x1024.","text, letters, watermark, logo of real brands, photorealistic person, face, hands, gradient background, perspective, multiple objects, clutter, blur"
NAV-04,NAV,RF6,Looks Salvos,ativo,nomesh,24,nav-04-ativo-nomesh.png,"A circular app icon badge in soft 3D clay-render style, front view, centered, on a pure white background. Outer ring: a thick dark espresso-brown disc (#2A211C) with a subtly beveled rim. The dark disc is plain, no network mesh, no nodes. Behind the mesh, a vibrant orange halo (#F57C1F) surrounds a smooth matte cream medallion (#F5EBD7) in the center. On the medallion: three garment bags hanging side by side on a short rail, rendered as a single chunky matte-black object (#1E1B18) with rounded edges, soft studio lighting from the top-left, a short soft shadow on the cream medallion. With accent details in bright orange (#F57C1F): an orange rail. No text, no letters, no numbers anywhere. Flat composition, no perspective tilt, no extra objects, no background scene, no watermark, crisp edges, high detail, 1024x1024.","text, letters, watermark, logo of real brands, photorealistic person, face, hands, gradient background, perspective, multiple objects, clutter, blur"
NAV-05,NAV,RF7,The Runway,normal,full,"512,96",nav-05-normal.png,"A circular app icon badge in soft 3D clay-render style, front view, centered, on a pure white background. Outer ring: a thick dark espresso-brown disc (#2A211C) with a subtly beveled rim. On the disc: a network mesh of thin cream-colored threads forming triangles, connecting round glossy nodes in yellow, orange, green, blue and brown, larger nodes near the outer edge, smaller near the center. Behind the mesh, a vibrant orange halo (#F57C1F) surrounds a smooth matte cream medallion (#F5EBD7) in the center. On the medallion: a high-heeled shoe standing at the end of a short catwalk under a spotlight cone, rendered as a single chunky matte-black object (#1E1B18) with rounded edges, soft studio lighting from the top-left, a short soft shadow on the cream medallion. No text, no letters, no numbers anywhere. Flat composition, no perspective tilt, no extra objects, no background scene, no watermark, crisp edges, high detail, 1024x1024.","text, letters, watermark, logo of real brands, photorealistic person, face, hands, gradient background, perspective, multiple objects, clutter, blur"
NAV-05,NAV,RF7,The Runway,normal,halfmesh,48,nav-05-normal-halfmesh.png,"A circular app icon badge in soft 3D clay-render style, front view, centered, on a pure white background. Outer ring: a thick dark espresso-brown disc (#2A211C) with a subtly beveled rim. On the disc: a sparse network mesh of thin cream-colored threads with half the usual number of round glossy nodes in yellow, orange, green, blue and brown, larger nodes near the outer edge. Behind the mesh, a vibrant orange halo (#F57C1F) surrounds a smooth matte cream medallion (#F5EBD7) in the center. On the medallion: a high-heeled shoe standing at the end of a short catwalk under a spotlight cone, rendered as a single chunky matte-black object (#1E1B18) with rounded edges, soft studio lighting from the top-left, a short soft shadow on the cream medallion. No text, no letters, no numbers anywhere. Flat composition, no perspective tilt, no extra objects, no background scene, no watermark, crisp edges, high detail, 1024x1024.","text, letters, watermark, logo of real brands, photorealistic person, face, hands, gradient background, perspective, multiple objects, clutter, blur"
NAV-05,NAV,RF7,The Runway,normal,nomesh,24,nav-05-normal-nomesh.png,"A circular app icon badge in soft 3D clay-render style, front view, centered, on a pure white background. Outer ring: a thick dark espresso-brown disc (#2A211C) with a subtly beveled rim. The dark disc is plain, no network mesh, no nodes. Behind the mesh, a vibrant orange halo (#F57C1F) surrounds a smooth matte cream medallion (#F5EBD7) in the center. On the medallion: a high-heeled shoe standing at the end of a short catwalk under a spotlight cone, rendered as a single chunky matte-black object (#1E1B18) with rounded edges, soft studio lighting from the top-left, a short soft shadow on the cream medallion. No text, no letters, no numbers anywhere. Flat composition, no perspective tilt, no extra objects, no background scene, no watermark, crisp edges, high detail, 1024x1024.","text, letters, watermark, logo of real brands, photorealistic person, face, hands, gradient background, perspective, multiple objects, clutter, blur"
NAV-05,NAV,RF7,The Runway,ativo,full,"512,96",nav-05-ativo.png,"A circular app icon badge in soft 3D clay-render style, front view, centered, on a pure white background. Outer ring: a thick dark espresso-brown disc (#2A211C) with a subtly beveled rim. On the disc: a network mesh of thin cream-colored threads forming triangles, connecting round glossy nodes in yellow, orange, green, blue and brown, larger nodes near the outer edge, smaller near the center. Behind the mesh, a vibrant orange halo (#F57C1F) surrounds a smooth matte cream medallion (#F5EBD7) in the center. On the medallion: a high-heeled shoe standing at the end of a short catwalk under a spotlight cone, rendered as a single chunky matte-black object (#1E1B18) with rounded edges, soft studio lighting from the top-left, a short soft shadow on the cream medallion. With accent details in bright orange (#F57C1F): an orange spotlight cone. No text, no letters, no numbers anywhere. Flat composition, no perspective tilt, no extra objects, no background scene, no watermark, crisp edges, high detail, 1024x1024.","text, letters, watermark, logo of real brands, photorealistic person, face, hands, gradient background, perspective, multiple objects, clutter, blur"
NAV-05,NAV,RF7,The Runway,ativo,halfmesh,48,nav-05-ativo-halfmesh.png,"A circular app icon badge in soft 3D clay-render style, front view, centered, on a pure white background. Outer ring: a thick dark espresso-brown disc (#2A211C) with a subtly beveled rim. On the disc: a sparse network mesh of thin cream-colored threads with half the usual number of round glossy nodes in yellow, orange, green, blue and brown, larger nodes near the outer edge. Behind the mesh, a vibrant orange halo (#F57C1F) surrounds a smooth matte cream medallion (#F5EBD7) in the center. On the medallion: a high-heeled shoe standing at the end of a short catwalk under a spotlight cone, rendered as a single chunky matte-black object (#1E1B18) with rounded edges, soft studio lighting from the top-left, a short soft shadow on the cream medallion. With accent details in bright orange (#F57C1F): an orange spotlight cone. No text, no letters, no numbers anywhere. Flat composition, no perspective tilt, no extra objects, no background scene, no watermark, crisp edges, high detail, 1024x1024.","text, letters, watermark, logo of real brands, photorealistic person, face, hands, gradient background, perspective, multiple objects, clutter, blur"
NAV-05,NAV,RF7,The Runway,ativo,nomesh,24,nav-05-ativo-nomesh.png,"A circular app icon badge in soft 3D clay-render style, front view, centered, on a pure white background. Outer ring: a thick dark espresso-brown disc (#2A211C) with a subtly beveled rim. The dark disc is plain, no network mesh, no nodes. Behind the mesh, a vibrant orange halo (#F57C1F) surrounds a smooth matte cream medallion (#F5EBD7) in the center. On the medallion: a high-heeled shoe standing at the end of a short catwalk under a spotlight cone, rendered as a single chunky matte-black object (#1E1B18) with rounded edges, soft studio lighting from the top-left, a short soft shadow on the cream medallion. With accent details in bright orange (#F57C1F): an orange spotlight cone. No text, no letters, no numbers anywhere. Flat composition, no perspective tilt, no extra objects, no background scene, no watermark, crisp edges, high detail, 1024x1024.","text, letters, watermark, logo of real brands, photorealistic person, face, hands, gradient background, perspective, multiple objects, clutter, blur"
NAV-06,NAV,RF6,Autopiloto,normal,full,"512,96",nav-06-normal.png,"A circular app icon badge in soft 3D clay-render style, front view, centered, on a pure white background. Outer ring: a thick dark espresso-brown disc (#2A211C) with a subtly beveled rim. On the disc: a network mesh of thin cream-colored threads forming triangles, connecting round glossy nodes in yellow, orange, green, blue and brown, larger nodes near the outer edge, smaller near the center. Behind the mesh, a vibrant orange halo (#F57C1F) surrounds a smooth matte cream medallion (#F5EBD7) in the center. On the medallion: a clothes hanger whose hook is a small round clock face, rendered as a single chunky matte-black object (#1E1B18) with rounded edges, soft studio lighting from the top-left, a short soft shadow on the cream medallion. No text, no letters, no numbers anywhere. Flat composition, no perspective tilt, no extra objects, no background scene, no watermark, crisp edges, high detail, 1024x1024.","text, letters, watermark, logo of real brands, photorealistic person, face, hands, gradient background, perspective, multiple objects, clutter, blur"
NAV-06,NAV,RF6,Autopiloto,normal,halfmesh,48,nav-06-normal-halfmesh.png,"A circular app icon badge in soft 3D clay-render style, front view, centered, on a pure white background. Outer ring: a thick dark espresso-brown disc (#2A211C) with a subtly beveled rim. On the disc: a sparse network mesh of thin cream-colored threads with half the usual number of round glossy nodes in yellow, orange, green, blue and brown, larger nodes near the outer edge. Behind the mesh, a vibrant orange halo (#F57C1F) surrounds a smooth matte cream medallion (#F5EBD7) in the center. On the medallion: a clothes hanger whose hook is a small round clock face, rendered as a single chunky matte-black object (#1E1B18) with rounded edges, soft studio lighting from the top-left, a short soft shadow on the cream medallion. No text, no letters, no numbers anywhere. Flat composition, no perspective tilt, no extra objects, no background scene, no watermark, crisp edges, high detail, 1024x1024.","text, letters, watermark, logo of real brands, photorealistic person, face, hands, gradient background, perspective, multiple objects, clutter, blur"
NAV-06,NAV,RF6,Autopiloto,normal,nomesh,24,nav-06-normal-nomesh.png,"A circular app icon badge in soft 3D clay-render style, front view, centered, on a pure white background. Outer ring: a thick dark espresso-brown disc (#2A211C) with a subtly beveled rim. The dark disc is plain, no network mesh, no nodes. Behind the mesh, a vibrant orange halo (#F57C1F) surrounds a smooth matte cream medallion (#F5EBD7) in the center. On the medallion: a clothes hanger whose hook is a small round clock face, rendered as a single chunky matte-black object (#1E1B18) with rounded edges, soft studio lighting from the top-left, a short soft shadow on the cream medallion. No text, no letters, no numbers anywhere. Flat composition, no perspective tilt, no extra objects, no background scene, no watermark, crisp edges, high detail, 1024x1024.","text, letters, watermark, logo of real brands, photorealistic person, face, hands, gradient background, perspective, multiple objects, clutter, blur"
NAV-06,NAV,RF6,Autopiloto,ativo,full,"512,96",nav-06-ativo.png,"A circular app icon badge in soft 3D clay-render style, front view, centered, on a pure white background. Outer ring: a thick dark espresso-brown disc (#2A211C) with a subtly beveled rim. On the disc: a network mesh of thin cream-colored threads forming triangles, connecting round glossy nodes in yellow, orange, green, blue and brown, larger nodes near the outer edge, smaller near the center. Behind the mesh, a vibrant orange halo (#F57C1F) surrounds a smooth matte cream medallion (#F5EBD7) in the center. On the medallion: a clothes hanger whose hook is a small round clock face, rendered as a single chunky matte-black object (#1E1B18) with rounded edges, soft studio lighting from the top-left, a short soft shadow on the cream medallion. With accent details in bright orange (#F57C1F): orange clock hands. No text, no letters, no numbers anywhere. Flat composition, no perspective tilt, no extra objects, no background scene, no watermark, crisp edges, high detail, 1024x1024.","text, letters, watermark, logo of real brands, photorealistic person, face, hands, gradient background, perspective, multiple objects, clutter, blur"
NAV-06,NAV,RF6,Autopiloto,ativo,halfmesh,48,nav-06-ativo-halfmesh.png,"A circular app icon badge in soft 3D clay-render style, front view, centered, on a pure white background. Outer ring: a thick dark espresso-brown disc (#2A211C) with a subtly beveled rim. On the disc: a sparse network mesh of thin cream-colored threads with half the usual number of round glossy nodes in yellow, orange, green, blue and brown, larger nodes near the outer edge. Behind the mesh, a vibrant orange halo (#F57C1F) surrounds a smooth matte cream medallion (#F5EBD7) in the center. On the medallion: a clothes hanger whose hook is a small round clock face, rendered as a single chunky matte-black object (#1E1B18) with rounded edges, soft studio lighting from the top-left, a short soft shadow on the cream medallion. With accent details in bright orange (#F57C1F): orange clock hands. No text, no letters, no numbers anywhere. Flat composition, no perspective tilt, no extra objects, no background scene, no watermark, crisp edges, high detail, 1024x1024.","text, letters, watermark, logo of real brands, photorealistic person, face, hands, gradient background, perspective, multiple objects, clutter, blur"
NAV-06,NAV,RF6,Autopiloto,ativo,nomesh,24,nav-06-ativo-nomesh.png,"A circular app icon badge in soft 3D clay-render style, front view, centered, on a pure white background. Outer ring: a thick dark espresso-brown disc (#2A211C) with a subtly beveled rim. The dark disc is plain, no network mesh, no nodes. Behind the mesh, a vibrant orange halo (#F57C1F) surrounds a smooth matte cream medallion (#F5EBD7) in the center. On the medallion: a clothes hanger whose hook is a small round clock face, rendered as a single chunky matte-black object (#1E1B18) with rounded edges, soft studio lighting from the top-left, a short soft shadow on the cream medallion. With accent details in bright orange (#F57C1F): orange clock hands. No text, no letters, no numbers anywhere. Flat composition, no perspective tilt, no extra objects, no background scene, no watermark, crisp edges, high detail, 1024x1024.","text, letters, watermark, logo of real brands, photorealistic person, face, hands, gradient background, perspective, multiple objects, clutter, blur"
NAV-07,NAV,RF18,Provador 2D,normal,full,"512,96",nav-07-normal.png,"A circular app icon badge in soft 3D clay-render style, front view, centered, on a pure white background. Outer ring: a thick dark espresso-brown disc (#2A211C) with a subtly beveled rim. On the disc: a network mesh of thin cream-colored threads forming triangles, connecting round glossy nodes in yellow, orange, green, blue and brown, larger nodes near the outer edge, smaller near the center. Behind the mesh, a vibrant orange halo (#F57C1F) surrounds a smooth matte cream medallion (#F5EBD7) in the center. On the medallion: a fitting room booth with a half-drawn curtain, rendered as a single chunky matte-black object (#1E1B18) with rounded edges, soft studio lighting from the top-left, a short soft shadow on the cream medallion. No text, no letters, no numbers anywhere. Flat composition, no perspective tilt, no extra objects, no background scene, no watermark, crisp edges, high detail, 1024x1024.","text, letters, watermark, logo of real brands, photorealistic person, face, hands, gradient background, perspective, multiple objects, clutter, blur"
NAV-07,NAV,RF18,Provador 2D,normal,halfmesh,48,nav-07-normal-halfmesh.png,"A circular app icon badge in soft 3D clay-render style, front view, centered, on a pure white background. Outer ring: a thick dark espresso-brown disc (#2A211C) with a subtly beveled rim. On the disc: a sparse network mesh of thin cream-colored threads with half the usual number of round glossy nodes in yellow, orange, green, blue and brown, larger nodes near the outer edge. Behind the mesh, a vibrant orange halo (#F57C1F) surrounds a smooth matte cream medallion (#F5EBD7) in the center. On the medallion: a fitting room booth with a half-drawn curtain, rendered as a single chunky matte-black object (#1E1B18) with rounded edges, soft studio lighting from the top-left, a short soft shadow on the cream medallion. No text, no letters, no numbers anywhere. Flat composition, no perspective tilt, no extra objects, no background scene, no watermark, crisp edges, high detail, 1024x1024.","text, letters, watermark, logo of real brands, photorealistic person, face, hands, gradient background, perspective, multiple objects, clutter, blur"
NAV-07,NAV,RF18,Provador 2D,normal,nomesh,24,nav-07-normal-nomesh.png,"A circular app icon badge in soft 3D clay-render style, front view, centered, on a pure white background. Outer ring: a thick dark espresso-brown disc (#2A211C) with a subtly beveled rim. The dark disc is plain, no network mesh, no nodes. Behind the mesh, a vibrant orange halo (#F57C1F) surrounds a smooth matte cream medallion (#F5EBD7) in the center. On the medallion: a fitting room booth with a half-drawn curtain, rendered as a single chunky matte-black object (#1E1B18) with rounded edges, soft studio lighting from the top-left, a short soft shadow on the cream medallion. No text, no letters, no numbers anywhere. Flat composition, no perspective tilt, no extra objects, no background scene, no watermark, crisp edges, high detail, 1024x1024.","text, letters, watermark, logo of real brands, photorealistic person, face, hands, gradient background, perspective, multiple objects, clutter, blur"
NAV-07,NAV,RF18,Provador 2D,ativo,full,"512,96",nav-07-ativo.png,"A circular app icon badge in soft 3D clay-render style, front view, centered, on a pure white background. Outer ring: a thick dark espresso-brown disc (#2A211C) with a subtly beveled rim. On the disc: a network mesh of thin cream-colored threads forming triangles, connecting round glossy nodes in yellow, orange, green, blue and brown, larger nodes near the outer edge, smaller near the center. Behind the mesh, a vibrant orange halo (#F57C1F) surrounds a smooth matte cream medallion (#F5EBD7) in the center. On the medallion: a fitting room booth with a half-drawn curtain, rendered as a single chunky matte-black object (#1E1B18) with rounded edges, soft studio lighting from the top-left, a short soft shadow on the cream medallion. With accent details in bright orange (#F57C1F): an orange curtain. No text, no letters, no numbers anywhere. Flat composition, no perspective tilt, no extra objects, no background scene, no watermark, crisp edges, high detail, 1024x1024.","text, letters, watermark, logo of real brands, photorealistic person, face, hands, gradient background, perspective, multiple objects, clutter, blur"
NAV-07,NAV,RF18,Provador 2D,ativo,halfmesh,48,nav-07-ativo-halfmesh.png,"A circular app icon badge in soft 3D clay-render style, front view, centered, on a pure white background. Outer ring: a thick dark espresso-brown disc (#2A211C) with a subtly beveled rim. On the disc: a sparse network mesh of thin cream-colored threads with half the usual number of round glossy nodes in yellow, orange, green, blue and brown, larger nodes near the outer edge. Behind the mesh, a vibrant orange halo (#F57C1F) surrounds a smooth matte cream medallion (#F5EBD7) in the center. On the medallion: a fitting room booth with a half-drawn curtain, rendered as a single chunky matte-black object (#1E1B18) with rounded edges, soft studio lighting from the top-left, a short soft shadow on the cream medallion. With accent details in bright orange (#F57C1F): an orange curtain. No text, no letters, no numbers anywhere. Flat composition, no perspective tilt, no extra objects, no background scene, no watermark, crisp edges, high detail, 1024x1024.","text, letters, watermark, logo of real brands, photorealistic person, face, hands, gradient background, perspective, multiple objects, clutter, blur"
NAV-07,NAV,RF18,Provador 2D,ativo,nomesh,24,nav-07-ativo-nomesh.png,"A circular app icon badge in soft 3D clay-render style, front view, centered, on a pure white background. Outer ring: a thick dark espresso-brown disc (#2A211C) with a subtly beveled rim. The dark disc is plain, no network mesh, no nodes. Behind the mesh, a vibrant orange halo (#F57C1F) surrounds a smooth matte cream medallion (#F5EBD7) in the center. On the medallion: a fitting room booth with a half-drawn curtain, rendered as a single chunky matte-black object (#1E1B18) with rounded edges, soft studio lighting from the top-left, a short soft shadow on the cream medallion. With accent details in bright orange (#F57C1F): an orange curtain. No text, no letters, no numbers anywhere. Flat composition, no perspective tilt, no extra objects, no background scene, no watermark, crisp edges, high detail, 1024x1024.","text, letters, watermark, logo of real brands, photorealistic person, face, hands, gradient background, perspective, multiple objects, clutter, blur"
NAV-08,NAV,RF8,Peças Públicas,normal,full,"512,96",nav-08-normal.png,"A circular app icon badge in soft 3D clay-render style, front view, centered, on a pure white background. Outer ring: a thick dark espresso-brown disc (#2A211C) with a subtly beveled rim. On the disc: a network mesh of thin cream-colored threads forming triangles, connecting round glossy nodes in yellow, orange, green, blue and brown, larger nodes near the outer edge, smaller near the center. Behind the mesh, a vibrant orange halo (#F57C1F) surrounds a smooth matte cream medallion (#F5EBD7) in the center. On the medallion: an open clothing rack with several hangers holding different garments, rendered as a single chunky matte-black object (#1E1B18) with rounded edges, soft studio lighting from the top-left, a short soft shadow on the cream medallion. No text, no letters, no numbers anywhere. Flat composition, no perspective tilt, no extra objects, no background scene, no watermark, crisp edges, high detail, 1024x1024.","text, letters, watermark, logo of real brands, photorealistic person, face, hands, gradient background, perspective, multiple objects, clutter, blur"
NAV-08,NAV,RF8,Peças Públicas,normal,halfmesh,48,nav-08-normal-halfmesh.png,"A circular app icon badge in soft 3D clay-render style, front view, centered, on a pure white background. Outer ring: a thick dark espresso-brown disc (#2A211C) with a subtly beveled rim. On the disc: a sparse network mesh of thin cream-colored threads with half the usual number of round glossy nodes in yellow, orange, green, blue and brown, larger nodes near the outer edge. Behind the mesh, a vibrant orange halo (#F57C1F) surrounds a smooth matte cream medallion (#F5EBD7) in the center. On the medallion: an open clothing rack with several hangers holding different garments, rendered as a single chunky matte-black object (#1E1B18) with rounded edges, soft studio lighting from the top-left, a short soft shadow on the cream medallion. No text, no letters, no numbers anywhere. Flat composition, no perspective tilt, no extra objects, no background scene, no watermark, crisp edges, high detail, 1024x1024.","text, letters, watermark, logo of real brands, photorealistic person, face, hands, gradient background, perspective, multiple objects, clutter, blur"
NAV-08,NAV,RF8,Peças Públicas,normal,nomesh,24,nav-08-normal-nomesh.png,"A circular app icon badge in soft 3D clay-render style, front view, centered, on a pure white background. Outer ring: a thick dark espresso-brown disc (#2A211C) with a subtly beveled rim. The dark disc is plain, no network mesh, no nodes. Behind the mesh, a vibrant orange halo (#F57C1F) surrounds a smooth matte cream medallion (#F5EBD7) in the center. On the medallion: an open clothing rack with several hangers holding different garments, rendered as a single chunky matte-black object (#1E1B18) with rounded edges, soft studio lighting from the top-left, a short soft shadow on the cream medallion. No text, no letters, no numbers anywhere. Flat composition, no perspective tilt, no extra objects, no background scene, no watermark, crisp edges, high detail, 1024x1024.","text, letters, watermark, logo of real brands, photorealistic person, face, hands, gradient background, perspective, multiple objects, clutter, blur"
NAV-08,NAV,RF8,Peças Públicas,ativo,full,"512,96",nav-08-ativo.png,"A circular app icon badge in soft 3D clay-render style, front view, centered, on a pure white background. Outer ring: a thick dark espresso-brown disc (#2A211C) with a subtly beveled rim. On the disc: a network mesh of thin cream-colored threads forming triangles, connecting round glossy nodes in yellow, orange, green, blue and brown, larger nodes near the outer edge, smaller near the center. Behind the mesh, a vibrant orange halo (#F57C1F) surrounds a smooth matte cream medallion (#F5EBD7) in the center. On the medallion: an open clothing rack with several hangers holding different garments, rendered as a single chunky matte-black object (#1E1B18) with rounded edges, soft studio lighting from the top-left, a short soft shadow on the cream medallion. With accent details in bright orange (#F57C1F): an orange rack bar. No text, no letters, no numbers anywhere. Flat composition, no perspective tilt, no extra objects, no background scene, no watermark, crisp edges, high detail, 1024x1024.","text, letters, watermark, logo of real brands, photorealistic person, face, hands, gradient background, perspective, multiple objects, clutter, blur"
NAV-08,NAV,RF8,Peças Públicas,ativo,halfmesh,48,nav-08-ativo-halfmesh.png,"A circular app icon badge in soft 3D clay-render style, front view, centered, on a pure white background. Outer ring: a thick dark espresso-brown disc (#2A211C) with a subtly beveled rim. On the disc: a sparse network mesh of thin cream-colored threads with half the usual number of round glossy nodes in yellow, orange, green, blue and brown, larger nodes near the outer edge. Behind the mesh, a vibrant orange halo (#F57C1F) surrounds a smooth matte cream medallion (#F5EBD7) in the center. On the medallion: an open clothing rack with several hangers holding different garments, rendered as a single chunky matte-black object (#1E1B18) with rounded edges, soft studio lighting from the top-left, a short soft shadow on the cream medallion. With accent details in bright orange (#F57C1F): an orange rack bar. No text, no letters, no numbers anywhere. Flat composition, no perspective tilt, no extra objects, no background scene, no watermark, crisp edges, high detail, 1024x1024.","text, letters, watermark, logo of real brands, photorealistic person, face, hands, gradient background, perspective, multiple objects, clutter, blur"
NAV-08,NAV,RF8,Peças Públicas,ativo,nomesh,24,nav-08-ativo-nomesh.png,"A circular app icon badge in soft 3D clay-render style, front view, centered, on a pure white background. Outer ring: a thick dark espresso-brown disc (#2A211C) with a subtly beveled rim. The dark disc is plain, no network mesh, no nodes. Behind the mesh, a vibrant orange halo (#F57C1F) surrounds a smooth matte cream medallion (#F5EBD7) in the center. On the medallion: an open clothing rack with several hangers holding different garments, rendered as a single chunky matte-black object (#1E1B18) with rounded edges, soft studio lighting from the top-left, a short soft shadow on the cream medallion. With accent details in bright orange (#F57C1F): an orange rack bar. No text, no letters, no numbers anywhere. Flat composition, no perspective tilt, no extra objects, no background scene, no watermark, crisp edges, high detail, 1024x1024.","text, letters, watermark, logo of real brands, photorealistic person, face, hands, gradient background, perspective, multiple objects, clutter, blur"
NAV-09,NAV,RF8,Buscar,normal,full,"512,96",nav-09-normal.png,"A circular app icon badge in soft 3D clay-render style, front view, centered, on a pure white background. Outer ring: a thick dark espresso-brown disc (#2A211C) with a subtly beveled rim. On the disc: a network mesh of thin cream-colored threads forming triangles, connecting round glossy nodes in yellow, orange, green, blue and brown, larger nodes near the outer edge, smaller near the center. Behind the mesh, a vibrant orange halo (#F57C1F) surrounds a smooth matte cream medallion (#F5EBD7) in the center. On the medallion: a magnifying glass whose lens is a large four-hole sewing button, rendered as a single chunky matte-black object (#1E1B18) with rounded edges, soft studio lighting from the top-left, a short soft shadow on the cream medallion. No text, no letters, no numbers anywhere. Flat composition, no perspective tilt, no extra objects, no background scene, no watermark, crisp edges, high detail, 1024x1024.","text, letters, watermark, logo of real brands, photorealistic person, face, hands, gradient background, perspective, multiple objects, clutter, blur"
NAV-09,NAV,RF8,Buscar,normal,halfmesh,48,nav-09-normal-halfmesh.png,"A circular app icon badge in soft 3D clay-render style, front view, centered, on a pure white background. Outer ring: a thick dark espresso-brown disc (#2A211C) with a subtly beveled rim. On the disc: a sparse network mesh of thin cream-colored threads with half the usual number of round glossy nodes in yellow, orange, green, blue and brown, larger nodes near the outer edge. Behind the mesh, a vibrant orange halo (#F57C1F) surrounds a smooth matte cream medallion (#F5EBD7) in the center. On the medallion: a magnifying glass whose lens is a large four-hole sewing button, rendered as a single chunky matte-black object (#1E1B18) with rounded edges, soft studio lighting from the top-left, a short soft shadow on the cream medallion. No text, no letters, no numbers anywhere. Flat composition, no perspective tilt, no extra objects, no background scene, no watermark, crisp edges, high detail, 1024x1024.","text, letters, watermark, logo of real brands, photorealistic person, face, hands, gradient background, perspective, multiple objects, clutter, blur"
NAV-09,NAV,RF8,Buscar,normal,nomesh,24,nav-09-normal-nomesh.png,"A circular app icon badge in soft 3D clay-render style, front view, centered, on a pure white background. Outer ring: a thick dark espresso-brown disc (#2A211C) with a subtly beveled rim. The dark disc is plain, no network mesh, no nodes. Behind the mesh, a vibrant orange halo (#F57C1F) surrounds a smooth matte cream medallion (#F5EBD7) in the center. On the medallion: a magnifying glass whose lens is a large four-hole sewing button, rendered as a single chunky matte-black object (#1E1B18) with rounded edges, soft studio lighting from the top-left, a short soft shadow on the cream medallion. No text, no letters, no numbers anywhere. Flat composition, no perspective tilt, no extra objects, no background scene, no watermark, crisp edges, high detail, 1024x1024.","text, letters, watermark, logo of real brands, photorealistic person, face, hands, gradient background, perspective, multiple objects, clutter, blur"
NAV-09,NAV,RF8,Buscar,ativo,full,"512,96",nav-09-ativo.png,"A circular app icon badge in soft 3D clay-render style, front view, centered, on a pure white background. Outer ring: a thick dark espresso-brown disc (#2A211C) with a subtly beveled rim. On the disc: a network mesh of thin cream-colored threads forming triangles, connecting round glossy nodes in yellow, orange, green, blue and brown, larger nodes near the outer edge, smaller near the center. Behind the mesh, a vibrant orange halo (#F57C1F) surrounds a smooth matte cream medallion (#F5EBD7) in the center. On the medallion: a magnifying glass whose lens is a large four-hole sewing button, rendered as a single chunky matte-black object (#1E1B18) with rounded edges, soft studio lighting from the top-left, a short soft shadow on the cream medallion. With accent details in bright orange (#F57C1F): an orange lens rim. No text, no letters, no numbers anywhere. Flat composition, no perspective tilt, no extra objects, no background scene, no watermark, crisp edges, high detail, 1024x1024.","text, letters, watermark, logo of real brands, photorealistic person, face, hands, gradient background, perspective, multiple objects, clutter, blur"
NAV-09,NAV,RF8,Buscar,ativo,halfmesh,48,nav-09-ativo-halfmesh.png,"A circular app icon badge in soft 3D clay-render style, front view, centered, on a pure white background. Outer ring: a thick dark espresso-brown disc (#2A211C) with a subtly beveled rim. On the disc: a sparse network mesh of thin cream-colored threads with half the usual number of round glossy nodes in yellow, orange, green, blue and brown, larger nodes near the outer edge. Behind the mesh, a vibrant orange halo (#F57C1F) surrounds a smooth matte cream medallion (#F5EBD7) in the center. On the medallion: a magnifying glass whose lens is a large four-hole sewing button, rendered as a single chunky matte-black object (#1E1B18) with rounded edges, soft studio lighting from the top-left, a short soft shadow on the cream medallion. With accent details in bright orange (#F57C1F): an orange lens rim. No text, no letters, no numbers anywhere. Flat composition, no perspective tilt, no extra objects, no background scene, no watermark, crisp edges, high detail, 1024x1024.","text, letters, watermark, logo of real brands, photorealistic person, face, hands, gradient background, perspective, multiple objects, clutter, blur"
NAV-09,NAV,RF8,Buscar,ativo,nomesh,24,nav-09-ativo-nomesh.png,"A circular app icon badge in soft 3D clay-render style, front view, centered, on a pure white background. Outer ring: a thick dark espresso-brown disc (#2A211C) with a subtly beveled rim. The dark disc is plain, no network mesh, no nodes. Behind the mesh, a vibrant orange halo (#F57C1F) surrounds a smooth matte cream medallion (#F5EBD7) in the center. On the medallion: a magnifying glass whose lens is a large four-hole sewing button, rendered as a single chunky matte-black object (#1E1B18) with rounded edges, soft studio lighting from the top-left, a short soft shadow on the cream medallion. With accent details in bright orange (#F57C1F): an orange lens rim. No text, no letters, no numbers anywhere. Flat composition, no perspective tilt, no extra objects, no background scene, no watermark, crisp edges, high detail, 1024x1024.","text, letters, watermark, logo of real brands, photorealistic person, face, hands, gradient background, perspective, multiple objects, clutter, blur"
NAV-10,NAV,RF12,Minhas Fotos,normal,full,"512,96",nav-10-normal.png,"A circular app icon badge in soft 3D clay-render style, front view, centered, on a pure white background. Outer ring: a thick dark espresso-brown disc (#2A211C) with a subtly beveled rim. On the disc: a network mesh of thin cream-colored threads forming triangles, connecting round glossy nodes in yellow, orange, green, blue and brown, larger nodes near the outer edge, smaller near the center. Behind the mesh, a vibrant orange halo (#F57C1F) surrounds a smooth matte cream medallion (#F5EBD7) in the center. On the medallion: an instant camera ejecting a small photo with a t-shirt silhouette on it, rendered as a single chunky matte-black object (#1E1B18) with rounded edges, soft studio lighting from the top-left, a short soft shadow on the cream medallion. No text, no letters, no numbers anywhere. Flat composition, no perspective tilt, no extra objects, no background scene, no watermark, crisp edges, high detail, 1024x1024.","text, letters, watermark, logo of real brands, photorealistic person, face, hands, gradient background, perspective, multiple objects, clutter, blur"
NAV-10,NAV,RF12,Minhas Fotos,normal,halfmesh,48,nav-10-normal-halfmesh.png,"A circular app icon badge in soft 3D clay-render style, front view, centered, on a pure white background. Outer ring: a thick dark espresso-brown disc (#2A211C) with a subtly beveled rim. On the disc: a sparse network mesh of thin cream-colored threads with half the usual number of round glossy nodes in yellow, orange, green, blue and brown, larger nodes near the outer edge. Behind the mesh, a vibrant orange halo (#F57C1F) surrounds a smooth matte cream medallion (#F5EBD7) in the center. On the medallion: an instant camera ejecting a small photo with a t-shirt silhouette on it, rendered as a single chunky matte-black object (#1E1B18) with rounded edges, soft studio lighting from the top-left, a short soft shadow on the cream medallion. No text, no letters, no numbers anywhere. Flat composition, no perspective tilt, no extra objects, no background scene, no watermark, crisp edges, high detail, 1024x1024.","text, letters, watermark, logo of real brands, photorealistic person, face, hands, gradient background, perspective, multiple objects, clutter, blur"
NAV-10,NAV,RF12,Minhas Fotos,normal,nomesh,24,nav-10-normal-nomesh.png,"A circular app icon badge in soft 3D clay-render style, front view, centered, on a pure white background. Outer ring: a thick dark espresso-brown disc (#2A211C) with a subtly beveled rim. The dark disc is plain, no network mesh, no nodes. Behind the mesh, a vibrant orange halo (#F57C1F) surrounds a smooth matte cream medallion (#F5EBD7) in the center. On the medallion: an instant camera ejecting a small photo with a t-shirt silhouette on it, rendered as a single chunky matte-black object (#1E1B18) with rounded edges, soft studio lighting from the top-left, a short soft shadow on the cream medallion. No text, no letters, no numbers anywhere. Flat composition, no perspective tilt, no extra objects, no background scene, no watermark, crisp edges, high detail, 1024x1024.","text, letters, watermark, logo of real brands, photorealistic person, face, hands, gradient background, perspective, multiple objects, clutter, blur"
NAV-10,NAV,RF12,Minhas Fotos,ativo,full,"512,96",nav-10-ativo.png,"A circular app icon badge in soft 3D clay-render style, front view, centered, on a pure white background. Outer ring: a thick dark espresso-brown disc (#2A211C) with a subtly beveled rim. On the disc: a network mesh of thin cream-colored threads forming triangles, connecting round glossy nodes in yellow, orange, green, blue and brown, larger nodes near the outer edge, smaller near the center. Behind the mesh, a vibrant orange halo (#F57C1F) surrounds a smooth matte cream medallion (#F5EBD7) in the center. On the medallion: an instant camera ejecting a small photo with a t-shirt silhouette on it, rendered as a single chunky matte-black object (#1E1B18) with rounded edges, soft studio lighting from the top-left, a short soft shadow on the cream medallion. With accent details in bright orange (#F57C1F): an orange photo border. No text, no letters, no numbers anywhere. Flat composition, no perspective tilt, no extra objects, no background scene, no watermark, crisp edges, high detail, 1024x1024.","text, letters, watermark, logo of real brands, photorealistic person, face, hands, gradient background, perspective, multiple objects, clutter, blur"
NAV-10,NAV,RF12,Minhas Fotos,ativo,halfmesh,48,nav-10-ativo-halfmesh.png,"A circular app icon badge in soft 3D clay-render style, front view, centered, on a pure white background. Outer ring: a thick dark espresso-brown disc (#2A211C) with a subtly beveled rim. On the disc: a sparse network mesh of thin cream-colored threads with half the usual number of round glossy nodes in yellow, orange, green, blue and brown, larger nodes near the outer edge. Behind the mesh, a vibrant orange halo (#F57C1F) surrounds a smooth matte cream medallion (#F5EBD7) in the center. On the medallion: an instant camera ejecting a small photo with a t-shirt silhouette on it, rendered as a single chunky matte-black object (#1E1B18) with rounded edges, soft studio lighting from the top-left, a short soft shadow on the cream medallion. With accent details in bright orange (#F57C1F): an orange photo border. No text, no letters, no numbers anywhere. Flat composition, no perspective tilt, no extra objects, no background scene, no watermark, crisp edges, high detail, 1024x1024.","text, letters, watermark, logo of real brands, photorealistic person, face, hands, gradient background, perspective, multiple objects, clutter, blur"
NAV-10,NAV,RF12,Minhas Fotos,ativo,nomesh,24,nav-10-ativo-nomesh.png,"A circular app icon badge in soft 3D clay-render style, front view, centered, on a pure white background. Outer ring: a thick dark espresso-brown disc (#2A211C) with a subtly beveled rim. The dark disc is plain, no network mesh, no nodes. Behind the mesh, a vibrant orange halo (#F57C1F) surrounds a smooth matte cream medallion (#F5EBD7) in the center. On the medallion: an instant camera ejecting a small photo with a t-shirt silhouette on it, rendered as a single chunky matte-black object (#1E1B18) with rounded edges, soft studio lighting from the top-left, a short soft shadow on the cream medallion. With accent details in bright orange (#F57C1F): an orange photo border. No text, no letters, no numbers anywhere. Flat composition, no perspective tilt, no extra objects, no background scene, no watermark, crisp edges, high detail, 1024x1024.","text, letters, watermark, logo of real brands, photorealistic person, face, hands, gradient background, perspective, multiple objects, clutter, blur"
NAV-11,NAV,RF14,Marcas,normal,full,"512,96",nav-11-normal.png,"A circular app icon badge in soft 3D clay-render style, front view, centered, on a pure white background. Outer ring: a thick dark espresso-brown disc (#2A211C) with a subtly beveled rim. On the disc: a network mesh of thin cream-colored threads forming triangles, connecting round glossy nodes in yellow, orange, green, blue and brown, larger nodes near the outer edge, smaller near the center. Behind the mesh, a vibrant orange halo (#F57C1F) surrounds a smooth matte cream medallion (#F5EBD7) in the center. On the medallion: a blank luxury clothing brand label with a small diamond shape stitched in the center, rendered as a single chunky matte-black object (#1E1B18) with rounded edges, soft studio lighting from the top-left, a short soft shadow on the cream medallion. No text, no letters, no numbers anywhere. Flat composition, no perspective tilt, no extra objects, no background scene, no watermark, crisp edges, high detail, 1024x1024.","text, letters, watermark, logo of real brands, photorealistic person, face, hands, gradient background, perspective, multiple objects, clutter, blur"
NAV-11,NAV,RF14,Marcas,normal,halfmesh,48,nav-11-normal-halfmesh.png,"A circular app icon badge in soft 3D clay-render style, front view, centered, on a pure white background. Outer ring: a thick dark espresso-brown disc (#2A211C) with a subtly beveled rim. On the disc: a sparse network mesh of thin cream-colored threads with half the usual number of round glossy nodes in yellow, orange, green, blue and brown, larger nodes near the outer edge. Behind the mesh, a vibrant orange halo (#F57C1F) surrounds a smooth matte cream medallion (#F5EBD7) in the center. On the medallion: a blank luxury clothing brand label with a small diamond shape stitched in the center, rendered as a single chunky matte-black object (#1E1B18) with rounded edges, soft studio lighting from the top-left, a short soft shadow on the cream medallion. No text, no letters, no numbers anywhere. Flat composition, no perspective tilt, no extra objects, no background scene, no watermark, crisp edges, high detail, 1024x1024.","text, letters, watermark, logo of real brands, photorealistic person, face, hands, gradient background, perspective, multiple objects, clutter, blur"
NAV-11,NAV,RF14,Marcas,normal,nomesh,24,nav-11-normal-nomesh.png,"A circular app icon badge in soft 3D clay-render style, front view, centered, on a pure white background. Outer ring: a thick dark espresso-brown disc (#2A211C) with a subtly beveled rim. The dark disc is plain, no network mesh, no nodes. Behind the mesh, a vibrant orange halo (#F57C1F) surrounds a smooth matte cream medallion (#F5EBD7) in the center. On the medallion: a blank luxury clothing brand label with a small diamond shape stitched in the center, rendered as a single chunky matte-black object (#1E1B18) with rounded edges, soft studio lighting from the top-left, a short soft shadow on the cream medallion. No text, no letters, no numbers anywhere. Flat composition, no perspective tilt, no extra objects, no background scene, no watermark, crisp edges, high detail, 1024x1024.","text, letters, watermark, logo of real brands, photorealistic person, face, hands, gradient background, perspective, multiple objects, clutter, blur"
NAV-11,NAV,RF14,Marcas,ativo,full,"512,96",nav-11-ativo.png,"A circular app icon badge in soft 3D clay-render style, front view, centered, on a pure white background. Outer ring: a thick dark espresso-brown disc (#2A211C) with a subtly beveled rim. On the disc: a network mesh of thin cream-colored threads forming triangles, connecting round glossy nodes in yellow, orange, green, blue and brown, larger nodes near the outer edge, smaller near the center. Behind the mesh, a vibrant orange halo (#F57C1F) surrounds a smooth matte cream medallion (#F5EBD7) in the center. On the medallion: a blank luxury clothing brand label with a small diamond shape stitched in the center, rendered as a single chunky matte-black object (#1E1B18) with rounded edges, soft studio lighting from the top-left, a short soft shadow on the cream medallion. With accent details in bright orange (#F57C1F): an orange stitched diamond. No text, no letters, no numbers anywhere. Flat composition, no perspective tilt, no extra objects, no background scene, no watermark, crisp edges, high detail, 1024x1024.","text, letters, watermark, logo of real brands, photorealistic person, face, hands, gradient background, perspective, multiple objects, clutter, blur"
NAV-11,NAV,RF14,Marcas,ativo,halfmesh,48,nav-11-ativo-halfmesh.png,"A circular app icon badge in soft 3D clay-render style, front view, centered, on a pure white background. Outer ring: a thick dark espresso-brown disc (#2A211C) with a subtly beveled rim. On the disc: a sparse network mesh of thin cream-colored threads with half the usual number of round glossy nodes in yellow, orange, green, blue and brown, larger nodes near the outer edge. Behind the mesh, a vibrant orange halo (#F57C1F) surrounds a smooth matte cream medallion (#F5EBD7) in the center. On the medallion: a blank luxury clothing brand label with a small diamond shape stitched in the center, rendered as a single chunky matte-black object (#1E1B18) with rounded edges, soft studio lighting from the top-left, a short soft shadow on the cream medallion. With accent details in bright orange (#F57C1F): an orange stitched diamond. No text, no letters, no numbers anywhere. Flat composition, no perspective tilt, no extra objects, no background scene, no watermark, crisp edges, high detail, 1024x1024.","text, letters, watermark, logo of real brands, photorealistic person, face, hands, gradient background, perspective, multiple objects, clutter, blur"
NAV-11,NAV,RF14,Marcas,ativo,nomesh,24,nav-11-ativo-nomesh.png,"A circular app icon badge in soft 3D clay-render style, front view, centered, on a pure white background. Outer ring: a thick dark espresso-brown disc (#2A211C) with a subtly beveled rim. The dark disc is plain, no network mesh, no nodes. Behind the mesh, a vibrant orange halo (#F57C1F) surrounds a smooth matte cream medallion (#F5EBD7) in the center. On the medallion: a blank luxury clothing brand label with a small diamond shape stitched in the center, rendered as a single chunky matte-black object (#1E1B18) with rounded edges, soft studio lighting from the top-left, a short soft shadow on the cream medallion. With accent details in bright orange (#F57C1F): an orange stitched diamond. No text, no letters, no numbers anywhere. Flat composition, no perspective tilt, no extra objects, no background scene, no watermark, crisp edges, high detail, 1024x1024.","text, letters, watermark, logo of real brands, photorealistic person, face, hands, gradient background, perspective, multiple objects, clutter, blur"
NAV-12,NAV,RF22,Art Celebrity,normal,full,"512,96",nav-12-normal.png,"A circular app icon badge in soft 3D clay-render style, front view, centered, on a pure white background. Outer ring: a thick dark espresso-brown disc (#2A211C) with a subtly beveled rim. On the disc: a network mesh of thin cream-colored threads forming triangles, connecting round glossy nodes in yellow, orange, green, blue and brown, larger nodes near the outer edge, smaller near the center. Behind the mesh, a vibrant orange halo (#F57C1F) surrounds a smooth matte cream medallion (#F5EBD7) in the center. On the medallion: a five-pointed star on a short red carpet runner, rendered as a single chunky matte-black object (#1E1B18) with rounded edges, soft studio lighting from the top-left, a short soft shadow on the cream medallion. No text, no letters, no numbers anywhere. Flat composition, no perspective tilt, no extra objects, no background scene, no watermark, crisp edges, high detail, 1024x1024.","text, letters, watermark, logo of real brands, photorealistic person, face, hands, gradient background, perspective, multiple objects, clutter, blur"
NAV-12,NAV,RF22,Art Celebrity,normal,halfmesh,48,nav-12-normal-halfmesh.png,"A circular app icon badge in soft 3D clay-render style, front view, centered, on a pure white background. Outer ring: a thick dark espresso-brown disc (#2A211C) with a subtly beveled rim. On the disc: a sparse network mesh of thin cream-colored threads with half the usual number of round glossy nodes in yellow, orange, green, blue and brown, larger nodes near the outer edge. Behind the mesh, a vibrant orange halo (#F57C1F) surrounds a smooth matte cream medallion (#F5EBD7) in the center. On the medallion: a five-pointed star on a short red carpet runner, rendered as a single chunky matte-black object (#1E1B18) with rounded edges, soft studio lighting from the top-left, a short soft shadow on the cream medallion. No text, no letters, no numbers anywhere. Flat composition, no perspective tilt, no extra objects, no background scene, no watermark, crisp edges, high detail, 1024x1024.","text, letters, watermark, logo of real brands, photorealistic person, face, hands, gradient background, perspective, multiple objects, clutter, blur"
NAV-12,NAV,RF22,Art Celebrity,normal,nomesh,24,nav-12-normal-nomesh.png,"A circular app icon badge in soft 3D clay-render style, front view, centered, on a pure white background. Outer ring: a thick dark espresso-brown disc (#2A211C) with a subtly beveled rim. The dark disc is plain, no network mesh, no nodes. Behind the mesh, a vibrant orange halo (#F57C1F) surrounds a smooth matte cream medallion (#F5EBD7) in the center. On the medallion: a five-pointed star on a short red carpet runner, rendered as a single chunky matte-black object (#1E1B18) with rounded edges, soft studio lighting from the top-left, a short soft shadow on the cream medallion. No text, no letters, no numbers anywhere. Flat composition, no perspective tilt, no extra objects, no background scene, no watermark, crisp edges, high detail, 1024x1024.","text, letters, watermark, logo of real brands, photorealistic person, face, hands, gradient background, perspective, multiple objects, clutter, blur"
NAV-12,NAV,RF22,Art Celebrity,ativo,full,"512,96",nav-12-ativo.png,"A circular app icon badge in soft 3D clay-render style, front view, centered, on a pure white background. Outer ring: a thick dark espresso-brown disc (#2A211C) with a subtly beveled rim. On the disc: a network mesh of thin cream-colored threads forming triangles, connecting round glossy nodes in yellow, orange, green, blue and brown, larger nodes near the outer edge, smaller near the center. Behind the mesh, a vibrant orange halo (#F57C1F) surrounds a smooth matte cream medallion (#F5EBD7) in the center. On the medallion: a five-pointed star on a short red carpet runner, rendered as a single chunky matte-black object (#1E1B18) with rounded edges, soft studio lighting from the top-left, a short soft shadow on the cream medallion. With accent details in bright orange (#F57C1F): an orange star. No text, no letters, no numbers anywhere. Flat composition, no perspective tilt, no extra objects, no background scene, no watermark, crisp edges, high detail, 1024x1024.","text, letters, watermark, logo of real brands, photorealistic person, face, hands, gradient background, perspective, multiple objects, clutter, blur"
NAV-12,NAV,RF22,Art Celebrity,ativo,halfmesh,48,nav-12-ativo-halfmesh.png,"A circular app icon badge in soft 3D clay-render style, front view, centered, on a pure white background. Outer ring: a thick dark espresso-brown disc (#2A211C) with a subtly beveled rim. On the disc: a sparse network mesh of thin cream-colored threads with half the usual number of round glossy nodes in yellow, orange, green, blue and brown, larger nodes near the outer edge. Behind the mesh, a vibrant orange halo (#F57C1F) surrounds a smooth matte cream medallion (#F5EBD7) in the center. On the medallion: a five-pointed star on a short red carpet runner, rendered as a single chunky matte-black object (#1E1B18) with rounded edges, soft studio lighting from the top-left, a short soft shadow on the cream medallion. With accent details in bright orange (#F57C1F): an orange star. No text, no letters, no numbers anywhere. Flat composition, no perspective tilt, no extra objects, no background scene, no watermark, crisp edges, high detail, 1024x1024.","text, letters, watermark, logo of real brands, photorealistic person, face, hands, gradient background, perspective, multiple objects, clutter, blur"
NAV-12,NAV,RF22,Art Celebrity,ativo,nomesh,24,nav-12-ativo-nomesh.png,"A circular app icon badge in soft 3D clay-render style, front view, centered, on a pure white background. Outer ring: a thick dark espresso-brown disc (#2A211C) with a subtly beveled rim. The dark disc is plain, no network mesh, no nodes. Behind the mesh, a vibrant orange halo (#F57C1F) surrounds a smooth matte cream medallion (#F5EBD7) in the center. On the medallion: a five-pointed star on a short red carpet runner, rendered as a single chunky matte-black object (#1E1B18) with rounded edges, soft studio lighting from the top-left, a short soft shadow on the cream medallion. With accent details in bright orange (#F57C1F): an orange star. No text, no letters, no numbers anywhere. Flat composition, no perspective tilt, no extra objects, no background scene, no watermark, crisp edges, high detail, 1024x1024.","text, letters, watermark, logo of real brands, photorealistic person, face, hands, gradient background, perspective, multiple objects, clutter, blur"
NAV-13,NAV,RF16,Temas Futuros,normal,full,"512,96",nav-13-normal.png,"A circular app icon badge in soft 3D clay-render style, front view, centered, on a pure white background. Outer ring: a thick dark espresso-brown disc (#2A211C) with a subtly beveled rim. On the disc: a network mesh of thin cream-colored threads forming triangles, connecting round glossy nodes in yellow, orange, green, blue and brown, larger nodes near the outer edge, smaller near the center. Behind the mesh, a vibrant orange halo (#F57C1F) surrounds a smooth matte cream medallion (#F5EBD7) in the center. On the medallion: a small telescope whose barrel is a spool of thread, rendered as a single chunky matte-black object (#1E1B18) with rounded edges, soft studio lighting from the top-left, a short soft shadow on the cream medallion. No text, no letters, no numbers anywhere. Flat composition, no perspective tilt, no extra objects, no background scene, no watermark, crisp edges, high detail, 1024x1024.","text, letters, watermark, logo of real brands, photorealistic person, face, hands, gradient background, perspective, multiple objects, clutter, blur"
NAV-13,NAV,RF16,Temas Futuros,normal,halfmesh,48,nav-13-normal-halfmesh.png,"A circular app icon badge in soft 3D clay-render style, front view, centered, on a pure white background. Outer ring: a thick dark espresso-brown disc (#2A211C) with a subtly beveled rim. On the disc: a sparse network mesh of thin cream-colored threads with half the usual number of round glossy nodes in yellow, orange, green, blue and brown, larger nodes near the outer edge. Behind the mesh, a vibrant orange halo (#F57C1F) surrounds a smooth matte cream medallion (#F5EBD7) in the center. On the medallion: a small telescope whose barrel is a spool of thread, rendered as a single chunky matte-black object (#1E1B18) with rounded edges, soft studio lighting from the top-left, a short soft shadow on the cream medallion. No text, no letters, no numbers anywhere. Flat composition, no perspective tilt, no extra objects, no background scene, no watermark, crisp edges, high detail, 1024x1024.","text, letters, watermark, logo of real brands, photorealistic person, face, hands, gradient background, perspective, multiple objects, clutter, blur"
NAV-13,NAV,RF16,Temas Futuros,normal,nomesh,24,nav-13-normal-nomesh.png,"A circular app icon badge in soft 3D clay-render style, front view, centered, on a pure white background. Outer ring: a thick dark espresso-brown disc (#2A211C) with a subtly beveled rim. The dark disc is plain, no network mesh, no nodes. Behind the mesh, a vibrant orange halo (#F57C1F) surrounds a smooth matte cream medallion (#F5EBD7) in the center. On the medallion: a small telescope whose barrel is a spool of thread, rendered as a single chunky matte-black object (#1E1B18) with rounded edges, soft studio lighting from the top-left, a short soft shadow on the cream medallion. No text, no letters, no numbers anywhere. Flat composition, no perspective tilt, no extra objects, no background scene, no watermark, crisp edges, high detail, 1024x1024.","text, letters, watermark, logo of real brands, photorealistic person, face, hands, gradient background, perspective, multiple objects, clutter, blur"
NAV-13,NAV,RF16,Temas Futuros,ativo,full,"512,96",nav-13-ativo.png,"A circular app icon badge in soft 3D clay-render style, front view, centered, on a pure white background. Outer ring: a thick dark espresso-brown disc (#2A211C) with a subtly beveled rim. On the disc: a network mesh of thin cream-colored threads forming triangles, connecting round glossy nodes in yellow, orange, green, blue and brown, larger nodes near the outer edge, smaller near the center. Behind the mesh, a vibrant orange halo (#F57C1F) surrounds a smooth matte cream medallion (#F5EBD7) in the center. On the medallion: a small telescope whose barrel is a spool of thread, rendered as a single chunky matte-black object (#1E1B18) with rounded edges, soft studio lighting from the top-left, a short soft shadow on the cream medallion. With accent details in bright orange (#F57C1F): an orange lens. No text, no letters, no numbers anywhere. Flat composition, no perspective tilt, no extra objects, no background scene, no watermark, crisp edges, high detail, 1024x1024.","text, letters, watermark, logo of real brands, photorealistic person, face, hands, gradient background, perspective, multiple objects, clutter, blur"
NAV-13,NAV,RF16,Temas Futuros,ativo,halfmesh,48,nav-13-ativo-halfmesh.png,"A circular app icon badge in soft 3D clay-render style, front view, centered, on a pure white background. Outer ring: a thick dark espresso-brown disc (#2A211C) with a subtly beveled rim. On the disc: a sparse network mesh of thin cream-colored threads with half the usual number of round glossy nodes in yellow, orange, green, blue and brown, larger nodes near the outer edge. Behind the mesh, a vibrant orange halo (#F57C1F) surrounds a smooth matte cream medallion (#F5EBD7) in the center. On the medallion: a small telescope whose barrel is a spool of thread, rendered as a single chunky matte-black object (#1E1B18) with rounded edges, soft studio lighting from the top-left, a short soft shadow on the cream medallion. With accent details in bright orange (#F57C1F): an orange lens. No text, no letters, no numbers anywhere. Flat composition, no perspective tilt, no extra objects, no background scene, no watermark, crisp edges, high detail, 1024x1024.","text, letters, watermark, logo of real brands, photorealistic person, face, hands, gradient background, perspective, multiple objects, clutter, blur"
NAV-13,NAV,RF16,Temas Futuros,ativo,nomesh,24,nav-13-ativo-nomesh.png,"A circular app icon badge in soft 3D clay-render style, front view, centered, on a pure white background. Outer ring: a thick dark espresso-brown disc (#2A211C) with a subtly beveled rim. The dark disc is plain, no network mesh, no nodes. Behind the mesh, a vibrant orange halo (#F57C1F) surrounds a smooth matte cream medallion (#F5EBD7) in the center. On the medallion: a small telescope whose barrel is a spool of thread, rendered as a single chunky matte-black object (#1E1B18) with rounded edges, soft studio lighting from the top-left, a short soft shadow on the cream medallion. With accent details in bright orange (#F57C1F): an orange lens. No text, no letters, no numbers anywhere. Flat composition, no perspective tilt, no extra objects, no background scene, no watermark, crisp edges, high detail, 1024x1024.","text, letters, watermark, logo of real brands, photorealistic person, face, hands, gradient background, perspective, multiple objects, clutter, blur"
NAV-14,NAV,RF23,Configurações,normal,full,"512,96",nav-14-normal.png,"A circular app icon badge in soft 3D clay-render style, front view, centered, on a pure white background. Outer ring: a thick dark espresso-brown disc (#2A211C) with a subtly beveled rim. On the disc: a network mesh of thin cream-colored threads forming triangles, connecting round glossy nodes in yellow, orange, green, blue and brown, larger nodes near the outer edge, smaller near the center. Behind the mesh, a vibrant orange halo (#F57C1F) surrounds a smooth matte cream medallion (#F5EBD7) in the center. On the medallion: a gear wheel with a four-hole sewing button at its center, rendered as a single chunky matte-black object (#1E1B18) with rounded edges, soft studio lighting from the top-left, a short soft shadow on the cream medallion. No text, no letters, no numbers anywhere. Flat composition, no perspective tilt, no extra objects, no background scene, no watermark, crisp edges, high detail, 1024x1024.","text, letters, watermark, logo of real brands, photorealistic person, face, hands, gradient background, perspective, multiple objects, clutter, blur"
NAV-14,NAV,RF23,Configurações,normal,halfmesh,48,nav-14-normal-halfmesh.png,"A circular app icon badge in soft 3D clay-render style, front view, centered, on a pure white background. Outer ring: a thick dark espresso-brown disc (#2A211C) with a subtly beveled rim. On the disc: a sparse network mesh of thin cream-colored threads with half the usual number of round glossy nodes in yellow, orange, green, blue and brown, larger nodes near the outer edge. Behind the mesh, a vibrant orange halo (#F57C1F) surrounds a smooth matte cream medallion (#F5EBD7) in the center. On the medallion: a gear wheel with a four-hole sewing button at its center, rendered as a single chunky matte-black object (#1E1B18) with rounded edges, soft studio lighting from the top-left, a short soft shadow on the cream medallion. No text, no letters, no numbers anywhere. Flat composition, no perspective tilt, no extra objects, no background scene, no watermark, crisp edges, high detail, 1024x1024.","text, letters, watermark, logo of real brands, photorealistic person, face, hands, gradient background, perspective, multiple objects, clutter, blur"
NAV-14,NAV,RF23,Configurações,normal,nomesh,24,nav-14-normal-nomesh.png,"A circular app icon badge in soft 3D clay-render style, front view, centered, on a pure white background. Outer ring: a thick dark espresso-brown disc (#2A211C) with a subtly beveled rim. The dark disc is plain, no network mesh, no nodes. Behind the mesh, a vibrant orange halo (#F57C1F) surrounds a smooth matte cream medallion (#F5EBD7) in the center. On the medallion: a gear wheel with a four-hole sewing button at its center, rendered as a single chunky matte-black object (#1E1B18) with rounded edges, soft studio lighting from the top-left, a short soft shadow on the cream medallion. No text, no letters, no numbers anywhere. Flat composition, no perspective tilt, no extra objects, no background scene, no watermark, crisp edges, high detail, 1024x1024.","text, letters, watermark, logo of real brands, photorealistic person, face, hands, gradient background, perspective, multiple objects, clutter, blur"
NAV-14,NAV,RF23,Configurações,ativo,full,"512,96",nav-14-ativo.png,"A circular app icon badge in soft 3D clay-render style, front view, centered, on a pure white background. Outer ring: a thick dark espresso-brown disc (#2A211C) with a subtly beveled rim. On the disc: a network mesh of thin cream-colored threads forming triangles, connecting round glossy nodes in yellow, orange, green, blue and brown, larger nodes near the outer edge, smaller near the center. Behind the mesh, a vibrant orange halo (#F57C1F) surrounds a smooth matte cream medallion (#F5EBD7) in the center. On the medallion: a gear wheel with a four-hole sewing button at its center, rendered as a single chunky matte-black object (#1E1B18) with rounded edges, soft studio lighting from the top-left, a short soft shadow on the cream medallion. With accent details in bright orange (#F57C1F): an orange button. No text, no letters, no numbers anywhere. Flat composition, no perspective tilt, no extra objects, no background scene, no watermark, crisp edges, high detail, 1024x1024.","text, letters, watermark, logo of real brands, photorealistic person, face, hands, gradient background, perspective, multiple objects, clutter, blur"
NAV-14,NAV,RF23,Configurações,ativo,halfmesh,48,nav-14-ativo-halfmesh.png,"A circular app icon badge in soft 3D clay-render style, front view, centered, on a pure white background. Outer ring: a thick dark espresso-brown disc (#2A211C) with a subtly beveled rim. On the disc: a sparse network mesh of thin cream-colored threads with half the usual number of round glossy nodes in yellow, orange, green, blue and brown, larger nodes near the outer edge. Behind the mesh, a vibrant orange halo (#F57C1F) surrounds a smooth matte cream medallion (#F5EBD7) in the center. On the medallion: a gear wheel with a four-hole sewing button at its center, rendered as a single chunky matte-black object (#1E1B18) with rounded edges, soft studio lighting from the top-left, a short soft shadow on the cream medallion. With accent details in bright orange (#F57C1F): an orange button. No text, no letters, no numbers anywhere. Flat composition, no perspective tilt, no extra objects, no background scene, no watermark, crisp edges, high detail, 1024x1024.","text, letters, watermark, logo of real brands, photorealistic person, face, hands, gradient background, perspective, multiple objects, clutter, blur"
NAV-14,NAV,RF23,Configurações,ativo,nomesh,24,nav-14-ativo-nomesh.png,"A circular app icon badge in soft 3D clay-render style, front view, centered, on a pure white background. Outer ring: a thick dark espresso-brown disc (#2A211C) with a subtly beveled rim. The dark disc is plain, no network mesh, no nodes. Behind the mesh, a vibrant orange halo (#F57C1F) surrounds a smooth matte cream medallion (#F5EBD7) in the center. On the medallion: a gear wheel with a four-hole sewing button at its center, rendered as a single chunky matte-black object (#1E1B18) with rounded edges, soft studio lighting from the top-left, a short soft shadow on the cream medallion. With accent details in bright orange (#F57C1F): an orange button. No text, no letters, no numbers anywhere. Flat composition, no perspective tilt, no extra objects, no background scene, no watermark, crisp edges, high detail, 1024x1024.","text, letters, watermark, logo of real brands, photorealistic person, face, hands, gradient background, perspective, multiple objects, clutter, blur"
NAV-15,NAV,RF6,Perfil Lookbook,normal,full,"512,96",nav-15-normal.png,"A circular app icon badge in soft 3D clay-render style, front view, centered, on a pure white background. Outer ring: a thick dark espresso-brown disc (#2A211C) with a subtly beveled rim. On the disc: a network mesh of thin cream-colored threads forming triangles, connecting round glossy nodes in yellow, orange, green, blue and brown, larger nodes near the outer edge, smaller near the center. Behind the mesh, a vibrant orange halo (#F57C1F) surrounds a smooth matte cream medallion (#F5EBD7) in the center. On the medallion: an open lookbook magazine with a round blank avatar cutout on the left page, rendered as a single chunky matte-black object (#1E1B18) with rounded edges, soft studio lighting from the top-left, a short soft shadow on the cream medallion. No text, no letters, no numbers anywhere. Flat composition, no perspective tilt, no extra objects, no background scene, no watermark, crisp edges, high detail, 1024x1024.","text, letters, watermark, logo of real brands, photorealistic person, face, hands, gradient background, perspective, multiple objects, clutter, blur"
NAV-15,NAV,RF6,Perfil Lookbook,normal,halfmesh,48,nav-15-normal-halfmesh.png,"A circular app icon badge in soft 3D clay-render style, front view, centered, on a pure white background. Outer ring: a thick dark espresso-brown disc (#2A211C) with a subtly beveled rim. On the disc: a sparse network mesh of thin cream-colored threads with half the usual number of round glossy nodes in yellow, orange, green, blue and brown, larger nodes near the outer edge. Behind the mesh, a vibrant orange halo (#F57C1F) surrounds a smooth matte cream medallion (#F5EBD7) in the center. On the medallion: an open lookbook magazine with a round blank avatar cutout on the left page, rendered as a single chunky matte-black object (#1E1B18) with rounded edges, soft studio lighting from the top-left, a short soft shadow on the cream medallion. No text, no letters, no numbers anywhere. Flat composition, no perspective tilt, no extra objects, no background scene, no watermark, crisp edges, high detail, 1024x1024.","text, letters, watermark, logo of real brands, photorealistic person, face, hands, gradient background, perspective, multiple objects, clutter, blur"
NAV-15,NAV,RF6,Perfil Lookbook,normal,nomesh,24,nav-15-normal-nomesh.png,"A circular app icon badge in soft 3D clay-render style, front view, centered, on a pure white background. Outer ring: a thick dark espresso-brown disc (#2A211C) with a subtly beveled rim. The dark disc is plain, no network mesh, no nodes. Behind the mesh, a vibrant orange halo (#F57C1F) surrounds a smooth matte cream medallion (#F5EBD7) in the center. On the medallion: an open lookbook magazine with a round blank avatar cutout on the left page, rendered as a single chunky matte-black object (#1E1B18) with rounded edges, soft studio lighting from the top-left, a short soft shadow on the cream medallion. No text, no letters, no numbers anywhere. Flat composition, no perspective tilt, no extra objects, no background scene, no watermark, crisp edges, high detail, 1024x1024.","text, letters, watermark, logo of real brands, photorealistic person, face, hands, gradient background, perspective, multiple objects, clutter, blur"
NAV-15,NAV,RF6,Perfil Lookbook,ativo,full,"512,96",nav-15-ativo.png,"A circular app icon badge in soft 3D clay-render style, front view, centered, on a pure white background. Outer ring: a thick dark espresso-brown disc (#2A211C) with a subtly beveled rim. On the disc: a network mesh of thin cream-colored threads forming triangles, connecting round glossy nodes in yellow, orange, green, blue and brown, larger nodes near the outer edge, smaller near the center. Behind the mesh, a vibrant orange halo (#F57C1F) surrounds a smooth matte cream medallion (#F5EBD7) in the center. On the medallion: an open lookbook magazine with a round blank avatar cutout on the left page, rendered as a single chunky matte-black object (#1E1B18) with rounded edges, soft studio lighting from the top-left, a short soft shadow on the cream medallion. With accent details in bright orange (#F57C1F): an orange avatar ring. No text, no letters, no numbers anywhere. Flat composition, no perspective tilt, no extra objects, no background scene, no watermark, crisp edges, high detail, 1024x1024.","text, letters, watermark, logo of real brands, photorealistic person, face, hands, gradient background, perspective, multiple objects, clutter, blur"
NAV-15,NAV,RF6,Perfil Lookbook,ativo,halfmesh,48,nav-15-ativo-halfmesh.png,"A circular app icon badge in soft 3D clay-render style, front view, centered, on a pure white background. Outer ring: a thick dark espresso-brown disc (#2A211C) with a subtly beveled rim. On the disc: a sparse network mesh of thin cream-colored threads with half the usual number of round glossy nodes in yellow, orange, green, blue and brown, larger nodes near the outer edge. Behind the mesh, a vibrant orange halo (#F57C1F) surrounds a smooth matte cream medallion (#F5EBD7) in the center. On the medallion: an open lookbook magazine with a round blank avatar cutout on the left page, rendered as a single chunky matte-black object (#1E1B18) with rounded edges, soft studio lighting from the top-left, a short soft shadow on the cream medallion. With accent details in bright orange (#F57C1F): an orange avatar ring. No text, no letters, no numbers anywhere. Flat composition, no perspective tilt, no extra objects, no background scene, no watermark, crisp edges, high detail, 1024x1024.","text, letters, watermark, logo of real brands, photorealistic person, face, hands, gradient background, perspective, multiple objects, clutter, blur"
NAV-15,NAV,RF6,Perfil Lookbook,ativo,nomesh,24,nav-15-ativo-nomesh.png,"A circular app icon badge in soft 3D clay-render style, front view, centered, on a pure white background. Outer ring: a thick dark espresso-brown disc (#2A211C) with a subtly beveled rim. The dark disc is plain, no network mesh, no nodes. Behind the mesh, a vibrant orange halo (#F57C1F) surrounds a smooth matte cream medallion (#F5EBD7) in the center. On the medallion: an open lookbook magazine with a round blank avatar cutout on the left page, rendered as a single chunky matte-black object (#1E1B18) with rounded edges, soft studio lighting from the top-left, a short soft shadow on the cream medallion. With accent details in bright orange (#F57C1F): an orange avatar ring. No text, no letters, no numbers anywhere. Flat composition, no perspective tilt, no extra objects, no background scene, no watermark, crisp edges, high detail, 1024x1024.","text, letters, watermark, logo of real brands, photorealistic person, face, hands, gradient background, perspective, multiple objects, clutter, blur"
NAV-16,NAV,RF32,Meu Quarto,normal,full,"512,96",nav-16-normal.png,"A circular app icon badge in soft 3D clay-render style, front view, centered, on a pure white background. Outer ring: a thick dark espresso-brown disc (#2A211C) with a subtly beveled rim. On the disc: a network mesh of thin cream-colored threads forming triangles, connecting round glossy nodes in yellow, orange, green, blue and brown, larger nodes near the outer edge, smaller near the center. Behind the mesh, a vibrant orange halo (#F57C1F) surrounds a smooth matte cream medallion (#F5EBD7) in the center. On the medallion: a wardrobe next to a tall standing mirror, rendered as a single chunky matte-black object (#1E1B18) with rounded edges, soft studio lighting from the top-left, a short soft shadow on the cream medallion. No text, no letters, no numbers anywhere. Flat composition, no perspective tilt, no extra objects, no background scene, no watermark, crisp edges, high detail, 1024x1024.","text, letters, watermark, logo of real brands, photorealistic person, face, hands, gradient background, perspective, multiple objects, clutter, blur"
NAV-16,NAV,RF32,Meu Quarto,normal,halfmesh,48,nav-16-normal-halfmesh.png,"A circular app icon badge in soft 3D clay-render style, front view, centered, on a pure white background. Outer ring: a thick dark espresso-brown disc (#2A211C) with a subtly beveled rim. On the disc: a sparse network mesh of thin cream-colored threads with half the usual number of round glossy nodes in yellow, orange, green, blue and brown, larger nodes near the outer edge. Behind the mesh, a vibrant orange halo (#F57C1F) surrounds a smooth matte cream medallion (#F5EBD7) in the center. On the medallion: a wardrobe next to a tall standing mirror, rendered as a single chunky matte-black object (#1E1B18) with rounded edges, soft studio lighting from the top-left, a short soft shadow on the cream medallion. No text, no letters, no numbers anywhere. Flat composition, no perspective tilt, no extra objects, no background scene, no watermark, crisp edges, high detail, 1024x1024.","text, letters, watermark, logo of real brands, photorealistic person, face, hands, gradient background, perspective, multiple objects, clutter, blur"
NAV-16,NAV,RF32,Meu Quarto,normal,nomesh,24,nav-16-normal-nomesh.png,"A circular app icon badge in soft 3D clay-render style, front view, centered, on a pure white background. Outer ring: a thick dark espresso-brown disc (#2A211C) with a subtly beveled rim. The dark disc is plain, no network mesh, no nodes. Behind the mesh, a vibrant orange halo (#F57C1F) surrounds a smooth matte cream medallion (#F5EBD7) in the center. On the medallion: a wardrobe next to a tall standing mirror, rendered as a single chunky matte-black object (#1E1B18) with rounded edges, soft studio lighting from the top-left, a short soft shadow on the cream medallion. No text, no letters, no numbers anywhere. Flat composition, no perspective tilt, no extra objects, no background scene, no watermark, crisp edges, high detail, 1024x1024.","text, letters, watermark, logo of real brands, photorealistic person, face, hands, gradient background, perspective, multiple objects, clutter, blur"
NAV-16,NAV,RF32,Meu Quarto,ativo,full,"512,96",nav-16-ativo.png,"A circular app icon badge in soft 3D clay-render style, front view, centered, on a pure white background. Outer ring: a thick dark espresso-brown disc (#2A211C) with a subtly beveled rim. On the disc: a network mesh of thin cream-colored threads forming triangles, connecting round glossy nodes in yellow, orange, green, blue and brown, larger nodes near the outer edge, smaller near the center. Behind the mesh, a vibrant orange halo (#F57C1F) surrounds a smooth matte cream medallion (#F5EBD7) in the center. On the medallion: a wardrobe next to a tall standing mirror, rendered as a single chunky matte-black object (#1E1B18) with rounded edges, soft studio lighting from the top-left, a short soft shadow on the cream medallion. With accent details in bright orange (#F57C1F): an orange mirror frame. No text, no letters, no numbers anywhere. Flat composition, no perspective tilt, no extra objects, no background scene, no watermark, crisp edges, high detail, 1024x1024.","text, letters, watermark, logo of real brands, photorealistic person, face, hands, gradient background, perspective, multiple objects, clutter, blur"
NAV-16,NAV,RF32,Meu Quarto,ativo,halfmesh,48,nav-16-ativo-halfmesh.png,"A circular app icon badge in soft 3D clay-render style, front view, centered, on a pure white background. Outer ring: a thick dark espresso-brown disc (#2A211C) with a subtly beveled rim. On the disc: a sparse network mesh of thin cream-colored threads with half the usual number of round glossy nodes in yellow, orange, green, blue and brown, larger nodes near the outer edge. Behind the mesh, a vibrant orange halo (#F57C1F) surrounds a smooth matte cream medallion (#F5EBD7) in the center. On the medallion: a wardrobe next to a tall standing mirror, rendered as a single chunky matte-black object (#1E1B18) with rounded edges, soft studio lighting from the top-left, a short soft shadow on the cream medallion. With accent details in bright orange (#F57C1F): an orange mirror frame. No text, no letters, no numbers anywhere. Flat composition, no perspective tilt, no extra objects, no background scene, no watermark, crisp edges, high detail, 1024x1024.","text, letters, watermark, logo of real brands, photorealistic person, face, hands, gradient background, perspective, multiple objects, clutter, blur"
NAV-16,NAV,RF32,Meu Quarto,ativo,nomesh,24,nav-16-ativo-nomesh.png,"A circular app icon badge in soft 3D clay-render style, front view, centered, on a pure white background. Outer ring: a thick dark espresso-brown disc (#2A211C) with a subtly beveled rim. The dark disc is plain, no network mesh, no nodes. Behind the mesh, a vibrant orange halo (#F57C1F) surrounds a smooth matte cream medallion (#F5EBD7) in the center. On the medallion: a wardrobe next to a tall standing mirror, rendered as a single chunky matte-black object (#1E1B18) with rounded edges, soft studio lighting from the top-left, a short soft shadow on the cream medallion. With accent details in bright orange (#F57C1F): an orange mirror frame. No text, no letters, no numbers anywhere. Flat composition, no perspective tilt, no extra objects, no background scene, no watermark, crisp edges, high detail, 1024x1024.","text, letters, watermark, logo of real brands, photorealistic person, face, hands, gradient background, perspective, multiple objects, clutter, blur"
ACT-01,ACT,RF1,Criar conta,normal,full,"512,96",act-01-normal.png,"A circular app icon badge in soft 3D clay-render style, front view, centered, on a pure white background. Outer ring: a thick dark espresso-brown disc (#2A211C) with a subtly beveled rim. On the disc: a network mesh of thin cream-colored threads forming triangles, connecting round glossy nodes in yellow, orange, green, blue and brown, larger nodes near the outer edge, smaller near the center. Behind the mesh, a vibrant orange halo (#F57C1F) surrounds a smooth matte cream medallion (#F5EBD7) in the center. On the medallion: a blank clothing name tag with a small plus sign stitched on it, rendered as a single chunky matte-black object (#1E1B18) with rounded edges, soft studio lighting from the top-left, a short soft shadow on the cream medallion. No text, no letters, no numbers anywhere. Flat composition, no perspective tilt, no extra objects, no background scene, no watermark, crisp edges, high detail, 1024x1024.","text, letters, watermark, logo of real brands, photorealistic person, face, hands, gradient background, perspective, multiple objects, clutter, blur"
ACT-01,ACT,RF1,Criar conta,normal,halfmesh,48,act-01-normal-halfmesh.png,"A circular app icon badge in soft 3D clay-render style, front view, centered, on a pure white background. Outer ring: a thick dark espresso-brown disc (#2A211C) with a subtly beveled rim. On the disc: a sparse network mesh of thin cream-colored threads with half the usual number of round glossy nodes in yellow, orange, green, blue and brown, larger nodes near the outer edge. Behind the mesh, a vibrant orange halo (#F57C1F) surrounds a smooth matte cream medallion (#F5EBD7) in the center. On the medallion: a blank clothing name tag with a small plus sign stitched on it, rendered as a single chunky matte-black object (#1E1B18) with rounded edges, soft studio lighting from the top-left, a short soft shadow on the cream medallion. No text, no letters, no numbers anywhere. Flat composition, no perspective tilt, no extra objects, no background scene, no watermark, crisp edges, high detail, 1024x1024.","text, letters, watermark, logo of real brands, photorealistic person, face, hands, gradient background, perspective, multiple objects, clutter, blur"
ACT-01,ACT,RF1,Criar conta,normal,nomesh,24,act-01-normal-nomesh.png,"A circular app icon badge in soft 3D clay-render style, front view, centered, on a pure white background. Outer ring: a thick dark espresso-brown disc (#2A211C) with a subtly beveled rim. The dark disc is plain, no network mesh, no nodes. Behind the mesh, a vibrant orange halo (#F57C1F) surrounds a smooth matte cream medallion (#F5EBD7) in the center. On the medallion: a blank clothing name tag with a small plus sign stitched on it, rendered as a single chunky matte-black object (#1E1B18) with rounded edges, soft studio lighting from the top-left, a short soft shadow on the cream medallion. No text, no letters, no numbers anywhere. Flat composition, no perspective tilt, no extra objects, no background scene, no watermark, crisp edges, high detail, 1024x1024.","text, letters, watermark, logo of real brands, photorealistic person, face, hands, gradient background, perspective, multiple objects, clutter, blur"
ACT-01,ACT,RF1,Criar conta,ativo,full,"512,96",act-01-ativo.png,"A circular app icon badge in soft 3D clay-render style, front view, centered, on a pure white background. Outer ring: a thick dark espresso-brown disc (#2A211C) with a subtly beveled rim. On the disc: a network mesh of thin cream-colored threads forming triangles, connecting round glossy nodes in yellow, orange, green, blue and brown, larger nodes near the outer edge, smaller near the center. Behind the mesh, a vibrant orange halo (#F57C1F) surrounds a smooth matte cream medallion (#F5EBD7) in the center. On the medallion: a blank clothing name tag with a small plus sign stitched on it, rendered as a single chunky matte-black object (#1E1B18) with rounded edges, soft studio lighting from the top-left, a short soft shadow on the cream medallion. With accent details in bright orange (#F57C1F): an orange plus sign. No text, no letters, no numbers anywhere. Flat composition, no perspective tilt, no extra objects, no background scene, no watermark, crisp edges, high detail, 1024x1024.","text, letters, watermark, logo of real brands, photorealistic person, face, hands, gradient background, perspective, multiple objects, clutter, blur"
ACT-01,ACT,RF1,Criar conta,ativo,halfmesh,48,act-01-ativo-halfmesh.png,"A circular app icon badge in soft 3D clay-render style, front view, centered, on a pure white background. Outer ring: a thick dark espresso-brown disc (#2A211C) with a subtly beveled rim. On the disc: a sparse network mesh of thin cream-colored threads with half the usual number of round glossy nodes in yellow, orange, green, blue and brown, larger nodes near the outer edge. Behind the mesh, a vibrant orange halo (#F57C1F) surrounds a smooth matte cream medallion (#F5EBD7) in the center. On the medallion: a blank clothing name tag with a small plus sign stitched on it, rendered as a single chunky matte-black object (#1E1B18) with rounded edges, soft studio lighting from the top-left, a short soft shadow on the cream medallion. With accent details in bright orange (#F57C1F): an orange plus sign. No text, no letters, no numbers anywhere. Flat composition, no perspective tilt, no extra objects, no background scene, no watermark, crisp edges, high detail, 1024x1024.","text, letters, watermark, logo of real brands, photorealistic person, face, hands, gradient background, perspective, multiple objects, clutter, blur"
ACT-01,ACT,RF1,Criar conta,ativo,nomesh,24,act-01-ativo-nomesh.png,"A circular app icon badge in soft 3D clay-render style, front view, centered, on a pure white background. Outer ring: a thick dark espresso-brown disc (#2A211C) with a subtly beveled rim. The dark disc is plain, no network mesh, no nodes. Behind the mesh, a vibrant orange halo (#F57C1F) surrounds a smooth matte cream medallion (#F5EBD7) in the center. On the medallion: a blank clothing name tag with a small plus sign stitched on it, rendered as a single chunky matte-black object (#1E1B18) with rounded edges, soft studio lighting from the top-left, a short soft shadow on the cream medallion. With accent details in bright orange (#F57C1F): an orange plus sign. No text, no letters, no numbers anywhere. Flat composition, no perspective tilt, no extra objects, no background scene, no watermark, crisp edges, high detail, 1024x1024.","text, letters, watermark, logo of real brands, photorealistic person, face, hands, gradient background, perspective, multiple objects, clutter, blur"
ACT-02,ACT,RF2,Entrar,normal,full,"512,96",act-02-normal.png,"A circular app icon badge in soft 3D clay-render style, front view, centered, on a pure white background. Outer ring: a thick dark espresso-brown disc (#2A211C) with a subtly beveled rim. On the disc: a network mesh of thin cream-colored threads forming triangles, connecting round glossy nodes in yellow, orange, green, blue and brown, larger nodes near the outer edge, smaller near the center. Behind the mesh, a vibrant orange halo (#F57C1F) surrounds a smooth matte cream medallion (#F5EBD7) in the center. On the medallion: a vintage key with a clothing swing tag tied to its bow, rendered as a single chunky matte-black object (#1E1B18) with rounded edges, soft studio lighting from the top-left, a short soft shadow on the cream medallion. No text, no letters, no numbers anywhere. Flat composition, no perspective tilt, no extra objects, no background scene, no watermark, crisp edges, high detail, 1024x1024.","text, letters, watermark, logo of real brands, photorealistic person, face, hands, gradient background, perspective, multiple objects, clutter, blur"
ACT-02,ACT,RF2,Entrar,normal,halfmesh,48,act-02-normal-halfmesh.png,"A circular app icon badge in soft 3D clay-render style, front view, centered, on a pure white background. Outer ring: a thick dark espresso-brown disc (#2A211C) with a subtly beveled rim. On the disc: a sparse network mesh of thin cream-colored threads with half the usual number of round glossy nodes in yellow, orange, green, blue and brown, larger nodes near the outer edge. Behind the mesh, a vibrant orange halo (#F57C1F) surrounds a smooth matte cream medallion (#F5EBD7) in the center. On the medallion: a vintage key with a clothing swing tag tied to its bow, rendered as a single chunky matte-black object (#1E1B18) with rounded edges, soft studio lighting from the top-left, a short soft shadow on the cream medallion. No text, no letters, no numbers anywhere. Flat composition, no perspective tilt, no extra objects, no background scene, no watermark, crisp edges, high detail, 1024x1024.","text, letters, watermark, logo of real brands, photorealistic person, face, hands, gradient background, perspective, multiple objects, clutter, blur"
ACT-02,ACT,RF2,Entrar,normal,nomesh,24,act-02-normal-nomesh.png,"A circular app icon badge in soft 3D clay-render style, front view, centered, on a pure white background. Outer ring: a thick dark espresso-brown disc (#2A211C) with a subtly beveled rim. The dark disc is plain, no network mesh, no nodes. Behind the mesh, a vibrant orange halo (#F57C1F) surrounds a smooth matte cream medallion (#F5EBD7) in the center. On the medallion: a vintage key with a clothing swing tag tied to its bow, rendered as a single chunky matte-black object (#1E1B18) with rounded edges, soft studio lighting from the top-left, a short soft shadow on the cream medallion. No text, no letters, no numbers anywhere. Flat composition, no perspective tilt, no extra objects, no background scene, no watermark, crisp edges, high detail, 1024x1024.","text, letters, watermark, logo of real brands, photorealistic person, face, hands, gradient background, perspective, multiple objects, clutter, blur"
ACT-02,ACT,RF2,Entrar,ativo,full,"512,96",act-02-ativo.png,"A circular app icon badge in soft 3D clay-render style, front view, centered, on a pure white background. Outer ring: a thick dark espresso-brown disc (#2A211C) with a subtly beveled rim. On the disc: a network mesh of thin cream-colored threads forming triangles, connecting round glossy nodes in yellow, orange, green, blue and brown, larger nodes near the outer edge, smaller near the center. Behind the mesh, a vibrant orange halo (#F57C1F) surrounds a smooth matte cream medallion (#F5EBD7) in the center. On the medallion: a vintage key with a clothing swing tag tied to its bow, rendered as a single chunky matte-black object (#1E1B18) with rounded edges, soft studio lighting from the top-left, a short soft shadow on the cream medallion. With accent details in bright orange (#F57C1F): an orange swing tag. No text, no letters, no numbers anywhere. Flat composition, no perspective tilt, no extra objects, no background scene, no watermark, crisp edges, high detail, 1024x1024.","text, letters, watermark, logo of real brands, photorealistic person, face, hands, gradient background, perspective, multiple objects, clutter, blur"
ACT-02,ACT,RF2,Entrar,ativo,halfmesh,48,act-02-ativo-halfmesh.png,"A circular app icon badge in soft 3D clay-render style, front view, centered, on a pure white background. Outer ring: a thick dark espresso-brown disc (#2A211C) with a subtly beveled rim. On the disc: a sparse network mesh of thin cream-colored threads with half the usual number of round glossy nodes in yellow, orange, green, blue and brown, larger nodes near the outer edge. Behind the mesh, a vibrant orange halo (#F57C1F) surrounds a smooth matte cream medallion (#F5EBD7) in the center. On the medallion: a vintage key with a clothing swing tag tied to its bow, rendered as a single chunky matte-black object (#1E1B18) with rounded edges, soft studio lighting from the top-left, a short soft shadow on the cream medallion. With accent details in bright orange (#F57C1F): an orange swing tag. No text, no letters, no numbers anywhere. Flat composition, no perspective tilt, no extra objects, no background scene, no watermark, crisp edges, high detail, 1024x1024.","text, letters, watermark, logo of real brands, photorealistic person, face, hands, gradient background, perspective, multiple objects, clutter, blur"
ACT-02,ACT,RF2,Entrar,ativo,nomesh,24,act-02-ativo-nomesh.png,"A circular app icon badge in soft 3D clay-render style, front view, centered, on a pure white background. Outer ring: a thick dark espresso-brown disc (#2A211C) with a subtly beveled rim. The dark disc is plain, no network mesh, no nodes. Behind the mesh, a vibrant orange halo (#F57C1F) surrounds a smooth matte cream medallion (#F5EBD7) in the center. On the medallion: a vintage key with a clothing swing tag tied to its bow, rendered as a single chunky matte-black object (#1E1B18) with rounded edges, soft studio lighting from the top-left, a short soft shadow on the cream medallion. With accent details in bright orange (#F57C1F): an orange swing tag. No text, no letters, no numbers anywhere. Flat composition, no perspective tilt, no extra objects, no background scene, no watermark, crisp edges, high detail, 1024x1024.","text, letters, watermark, logo of real brands, photorealistic person, face, hands, gradient background, perspective, multiple objects, clutter, blur"
ACT-03,ACT,RF3,Notificações,normal,full,"512,96",act-03-normal.png,"A circular app icon badge in soft 3D clay-render style, front view, centered, on a pure white background. Outer ring: a thick dark espresso-brown disc (#2A211C) with a subtly beveled rim. On the disc: a network mesh of thin cream-colored threads forming triangles, connecting round glossy nodes in yellow, orange, green, blue and brown, larger nodes near the outer edge, smaller near the center. Behind the mesh, a vibrant orange halo (#F57C1F) surrounds a smooth matte cream medallion (#F5EBD7) in the center. On the medallion: a small bell hanging from a clothes hanger hook, rendered as a single chunky matte-black object (#1E1B18) with rounded edges, soft studio lighting from the top-left, a short soft shadow on the cream medallion. No text, no letters, no numbers anywhere. Flat composition, no perspective tilt, no extra objects, no background scene, no watermark, crisp edges, high detail, 1024x1024.","text, letters, watermark, logo of real brands, photorealistic person, face, hands, gradient background, perspective, multiple objects, clutter, blur"
ACT-03,ACT,RF3,Notificações,normal,halfmesh,48,act-03-normal-halfmesh.png,"A circular app icon badge in soft 3D clay-render style, front view, centered, on a pure white background. Outer ring: a thick dark espresso-brown disc (#2A211C) with a subtly beveled rim. On the disc: a sparse network mesh of thin cream-colored threads with half the usual number of round glossy nodes in yellow, orange, green, blue and brown, larger nodes near the outer edge. Behind the mesh, a vibrant orange halo (#F57C1F) surrounds a smooth matte cream medallion (#F5EBD7) in the center. On the medallion: a small bell hanging from a clothes hanger hook, rendered as a single chunky matte-black object (#1E1B18) with rounded edges, soft studio lighting from the top-left, a short soft shadow on the cream medallion. No text, no letters, no numbers anywhere. Flat composition, no perspective tilt, no extra objects, no background scene, no watermark, crisp edges, high detail, 1024x1024.","text, letters, watermark, logo of real brands, photorealistic person, face, hands, gradient background, perspective, multiple objects, clutter, blur"
ACT-03,ACT,RF3,Notificações,normal,nomesh,24,act-03-normal-nomesh.png,"A circular app icon badge in soft 3D clay-render style, front view, centered, on a pure white background. Outer ring: a thick dark espresso-brown disc (#2A211C) with a subtly beveled rim. The dark disc is plain, no network mesh, no nodes. Behind the mesh, a vibrant orange halo (#F57C1F) surrounds a smooth matte cream medallion (#F5EBD7) in the center. On the medallion: a small bell hanging from a clothes hanger hook, rendered as a single chunky matte-black object (#1E1B18) with rounded edges, soft studio lighting from the top-left, a short soft shadow on the cream medallion. No text, no letters, no numbers anywhere. Flat composition, no perspective tilt, no extra objects, no background scene, no watermark, crisp edges, high detail, 1024x1024.","text, letters, watermark, logo of real brands, photorealistic person, face, hands, gradient background, perspective, multiple objects, clutter, blur"
ACT-03,ACT,RF3,Notificações,ativo,full,"512,96",act-03-ativo.png,"A circular app icon badge in soft 3D clay-render style, front view, centered, on a pure white background. Outer ring: a thick dark espresso-brown disc (#2A211C) with a subtly beveled rim. On the disc: a network mesh of thin cream-colored threads forming triangles, connecting round glossy nodes in yellow, orange, green, blue and brown, larger nodes near the outer edge, smaller near the center. Behind the mesh, a vibrant orange halo (#F57C1F) surrounds a smooth matte cream medallion (#F5EBD7) in the center. On the medallion: a small bell hanging from a clothes hanger hook, rendered as a single chunky matte-black object (#1E1B18) with rounded edges, soft studio lighting from the top-left, a short soft shadow on the cream medallion. With accent details in bright orange (#F57C1F): an orange bell clapper. No text, no letters, no numbers anywhere. Flat composition, no perspective tilt, no extra objects, no background scene, no watermark, crisp edges, high detail, 1024x1024.","text, letters, watermark, logo of real brands, photorealistic person, face, hands, gradient background, perspective, multiple objects, clutter, blur"
ACT-03,ACT,RF3,Notificações,ativo,halfmesh,48,act-03-ativo-halfmesh.png,"A circular app icon badge in soft 3D clay-render style, front view, centered, on a pure white background. Outer ring: a thick dark espresso-brown disc (#2A211C) with a subtly beveled rim. On the disc: a sparse network mesh of thin cream-colored threads with half the usual number of round glossy nodes in yellow, orange, green, blue and brown, larger nodes near the outer edge. Behind the mesh, a vibrant orange halo (#F57C1F) surrounds a smooth matte cream medallion (#F5EBD7) in the center. On the medallion: a small bell hanging from a clothes hanger hook, rendered as a single chunky matte-black object (#1E1B18) with rounded edges, soft studio lighting from the top-left, a short soft shadow on the cream medallion. With accent details in bright orange (#F57C1F): an orange bell clapper. No text, no letters, no numbers anywhere. Flat composition, no perspective tilt, no extra objects, no background scene, no watermark, crisp edges, high detail, 1024x1024.","text, letters, watermark, logo of real brands, photorealistic person, face, hands, gradient background, perspective, multiple objects, clutter, blur"
ACT-03,ACT,RF3,Notificações,ativo,nomesh,24,act-03-ativo-nomesh.png,"A circular app icon badge in soft 3D clay-render style, front view, centered, on a pure white background. Outer ring: a thick dark espresso-brown disc (#2A211C) with a subtly beveled rim. The dark disc is plain, no network mesh, no nodes. Behind the mesh, a vibrant orange halo (#F57C1F) surrounds a smooth matte cream medallion (#F5EBD7) in the center. On the medallion: a small bell hanging from a clothes hanger hook, rendered as a single chunky matte-black object (#1E1B18) with rounded edges, soft studio lighting from the top-left, a short soft shadow on the cream medallion. With accent details in bright orange (#F57C1F): an orange bell clapper. No text, no letters, no numbers anywhere. Flat composition, no perspective tilt, no extra objects, no background scene, no watermark, crisp edges, high detail, 1024x1024.","text, letters, watermark, logo of real brands, photorealistic person, face, hands, gradient background, perspective, multiple objects, clutter, blur"
ACT-04,ACT,RF3,Privacidade,normal,full,"512,96",act-04-normal.png,"A circular app icon badge in soft 3D clay-render style, front view, centered, on a pure white background. Outer ring: a thick dark espresso-brown disc (#2A211C) with a subtly beveled rim. On the disc: a network mesh of thin cream-colored threads forming triangles, connecting round glossy nodes in yellow, orange, green, blue and brown, larger nodes near the outer edge, smaller near the center. Behind the mesh, a vibrant orange halo (#F57C1F) surrounds a smooth matte cream medallion (#F5EBD7) in the center. On the medallion: a padlock shaped like a handbag clasp, rendered as a single chunky matte-black object (#1E1B18) with rounded edges, soft studio lighting from the top-left, a short soft shadow on the cream medallion. No text, no letters, no numbers anywhere. Flat composition, no perspective tilt, no extra objects, no background scene, no watermark, crisp edges, high detail, 1024x1024.","text, letters, watermark, logo of real brands, photorealistic person, face, hands, gradient background, perspective, multiple objects, clutter, blur"
ACT-04,ACT,RF3,Privacidade,normal,halfmesh,48,act-04-normal-halfmesh.png,"A circular app icon badge in soft 3D clay-render style, front view, centered, on a pure white background. Outer ring: a thick dark espresso-brown disc (#2A211C) with a subtly beveled rim. On the disc: a sparse network mesh of thin cream-colored threads with half the usual number of round glossy nodes in yellow, orange, green, blue and brown, larger nodes near the outer edge. Behind the mesh, a vibrant orange halo (#F57C1F) surrounds a smooth matte cream medallion (#F5EBD7) in the center. On the medallion: a padlock shaped like a handbag clasp, rendered as a single chunky matte-black object (#1E1B18) with rounded edges, soft studio lighting from the top-left, a short soft shadow on the cream medallion. No text, no letters, no numbers anywhere. Flat composition, no perspective tilt, no extra objects, no background scene, no watermark, crisp edges, high detail, 1024x1024.","text, letters, watermark, logo of real brands, photorealistic person, face, hands, gradient background, perspective, multiple objects, clutter, blur"
ACT-04,ACT,RF3,Privacidade,normal,nomesh,24,act-04-normal-nomesh.png,"A circular app icon badge in soft 3D clay-render style, front view, centered, on a pure white background. Outer ring: a thick dark espresso-brown disc (#2A211C) with a subtly beveled rim. The dark disc is plain, no network mesh, no nodes. Behind the mesh, a vibrant orange halo (#F57C1F) surrounds a smooth matte cream medallion (#F5EBD7) in the center. On the medallion: a padlock shaped like a handbag clasp, rendered as a single chunky matte-black object (#1E1B18) with rounded edges, soft studio lighting from the top-left, a short soft shadow on the cream medallion. No text, no letters, no numbers anywhere. Flat composition, no perspective tilt, no extra objects, no background scene, no watermark, crisp edges, high detail, 1024x1024.","text, letters, watermark, logo of real brands, photorealistic person, face, hands, gradient background, perspective, multiple objects, clutter, blur"
ACT-04,ACT,RF3,Privacidade,ativo,full,"512,96",act-04-ativo.png,"A circular app icon badge in soft 3D clay-render style, front view, centered, on a pure white background. Outer ring: a thick dark espresso-brown disc (#2A211C) with a subtly beveled rim. On the disc: a network mesh of thin cream-colored threads forming triangles, connecting round glossy nodes in yellow, orange, green, blue and brown, larger nodes near the outer edge, smaller near the center. Behind the mesh, a vibrant orange halo (#F57C1F) surrounds a smooth matte cream medallion (#F5EBD7) in the center. On the medallion: a padlock shaped like a handbag clasp, rendered as a single chunky matte-black object (#1E1B18) with rounded edges, soft studio lighting from the top-left, a short soft shadow on the cream medallion. With accent details in bright orange (#F57C1F): an orange clasp. No text, no letters, no numbers anywhere. Flat composition, no perspective tilt, no extra objects, no background scene, no watermark, crisp edges, high detail, 1024x1024.","text, letters, watermark, logo of real brands, photorealistic person, face, hands, gradient background, perspective, multiple objects, clutter, blur"
ACT-04,ACT,RF3,Privacidade,ativo,halfmesh,48,act-04-ativo-halfmesh.png,"A circular app icon badge in soft 3D clay-render style, front view, centered, on a pure white background. Outer ring: a thick dark espresso-brown disc (#2A211C) with a subtly beveled rim. On the disc: a sparse network mesh of thin cream-colored threads with half the usual number of round glossy nodes in yellow, orange, green, blue and brown, larger nodes near the outer edge. Behind the mesh, a vibrant orange halo (#F57C1F) surrounds a smooth matte cream medallion (#F5EBD7) in the center. On the medallion: a padlock shaped like a handbag clasp, rendered as a single chunky matte-black object (#1E1B18) with rounded edges, soft studio lighting from the top-left, a short soft shadow on the cream medallion. With accent details in bright orange (#F57C1F): an orange clasp. No text, no letters, no numbers anywhere. Flat composition, no perspective tilt, no extra objects, no background scene, no watermark, crisp edges, high detail, 1024x1024.","text, letters, watermark, logo of real brands, photorealistic person, face, hands, gradient background, perspective, multiple objects, clutter, blur"
ACT-04,ACT,RF3,Privacidade,ativo,nomesh,24,act-04-ativo-nomesh.png,"A circular app icon badge in soft 3D clay-render style, front view, centered, on a pure white background. Outer ring: a thick dark espresso-brown disc (#2A211C) with a subtly beveled rim. The dark disc is plain, no network mesh, no nodes. Behind the mesh, a vibrant orange halo (#F57C1F) surrounds a smooth matte cream medallion (#F5EBD7) in the center. On the medallion: a padlock shaped like a handbag clasp, rendered as a single chunky matte-black object (#1E1B18) with rounded edges, soft studio lighting from the top-left, a short soft shadow on the cream medallion. With accent details in bright orange (#F57C1F): an orange clasp. No text, no letters, no numbers anywhere. Flat composition, no perspective tilt, no extra objects, no background scene, no watermark, crisp edges, high detail, 1024x1024.","text, letters, watermark, logo of real brands, photorealistic person, face, hands, gradient background, perspective, multiple objects, clutter, blur"
ACT-05,ACT,RF3,Sair,normal,full,"512,96",act-05-normal.png,"A circular app icon badge in soft 3D clay-render style, front view, centered, on a pure white background. Outer ring: a thick dark espresso-brown disc (#2A211C) with a subtly beveled rim. On the disc: a network mesh of thin cream-colored threads forming triangles, connecting round glossy nodes in yellow, orange, green, blue and brown, larger nodes near the outer edge, smaller near the center. Behind the mesh, a vibrant orange halo (#F57C1F) surrounds a smooth matte cream medallion (#F5EBD7) in the center. On the medallion: a half-open door with a coat hook on it, rendered as a single chunky matte-black object (#1E1B18) with rounded edges, soft studio lighting from the top-left, a short soft shadow on the cream medallion. No text, no letters, no numbers anywhere. Flat composition, no perspective tilt, no extra objects, no background scene, no watermark, crisp edges, high detail, 1024x1024.","text, letters, watermark, logo of real brands, photorealistic person, face, hands, gradient background, perspective, multiple objects, clutter, blur"
ACT-05,ACT,RF3,Sair,normal,halfmesh,48,act-05-normal-halfmesh.png,"A circular app icon badge in soft 3D clay-render style, front view, centered, on a pure white background. Outer ring: a thick dark espresso-brown disc (#2A211C) with a subtly beveled rim. On the disc: a sparse network mesh of thin cream-colored threads with half the usual number of round glossy nodes in yellow, orange, green, blue and brown, larger nodes near the outer edge. Behind the mesh, a vibrant orange halo (#F57C1F) surrounds a smooth matte cream medallion (#F5EBD7) in the center. On the medallion: a half-open door with a coat hook on it, rendered as a single chunky matte-black object (#1E1B18) with rounded edges, soft studio lighting from the top-left, a short soft shadow on the cream medallion. No text, no letters, no numbers anywhere. Flat composition, no perspective tilt, no extra objects, no background scene, no watermark, crisp edges, high detail, 1024x1024.","text, letters, watermark, logo of real brands, photorealistic person, face, hands, gradient background, perspective, multiple objects, clutter, blur"
ACT-05,ACT,RF3,Sair,normal,nomesh,24,act-05-normal-nomesh.png,"A circular app icon badge in soft 3D clay-render style, front view, centered, on a pure white background. Outer ring: a thick dark espresso-brown disc (#2A211C) with a subtly beveled rim. The dark disc is plain, no network mesh, no nodes. Behind the mesh, a vibrant orange halo (#F57C1F) surrounds a smooth matte cream medallion (#F5EBD7) in the center. On the medallion: a half-open door with a coat hook on it, rendered as a single chunky matte-black object (#1E1B18) with rounded edges, soft studio lighting from the top-left, a short soft shadow on the cream medallion. No text, no letters, no numbers anywhere. Flat composition, no perspective tilt, no extra objects, no background scene, no watermark, crisp edges, high detail, 1024x1024.","text, letters, watermark, logo of real brands, photorealistic person, face, hands, gradient background, perspective, multiple objects, clutter, blur"
ACT-06,ACT,RF4,Adicionar peça,normal,full,"512,96",act-06-normal.png,"A circular app icon badge in soft 3D clay-render style, front view, centered, on a pure white background. Outer ring: a thick dark espresso-brown disc (#2A211C) with a subtly beveled rim. On the disc: a network mesh of thin cream-colored threads forming triangles, connecting round glossy nodes in yellow, orange, green, blue and brown, larger nodes near the outer edge, smaller near the center. Behind the mesh, a vibrant orange halo (#F57C1F) surrounds a smooth matte cream medallion (#F5EBD7) in the center. On the medallion: a clothes hanger with a round plus-sign tag, rendered as a single chunky matte-black object (#1E1B18) with rounded edges, soft studio lighting from the top-left, a short soft shadow on the cream medallion. No text, no letters, no numbers anywhere. Flat composition, no perspective tilt, no extra objects, no background scene, no watermark, crisp edges, high detail, 1024x1024.","text, letters, watermark, logo of real brands, photorealistic person, face, hands, gradient background, perspective, multiple objects, clutter, blur"
ACT-06,ACT,RF4,Adicionar peça,normal,halfmesh,48,act-06-normal-halfmesh.png,"A circular app icon badge in soft 3D clay-render style, front view, centered, on a pure white background. Outer ring: a thick dark espresso-brown disc (#2A211C) with a subtly beveled rim. On the disc: a sparse network mesh of thin cream-colored threads with half the usual number of round glossy nodes in yellow, orange, green, blue and brown, larger nodes near the outer edge. Behind the mesh, a vibrant orange halo (#F57C1F) surrounds a smooth matte cream medallion (#F5EBD7) in the center. On the medallion: a clothes hanger with a round plus-sign tag, rendered as a single chunky matte-black object (#1E1B18) with rounded edges, soft studio lighting from the top-left, a short soft shadow on the cream medallion. No text, no letters, no numbers anywhere. Flat composition, no perspective tilt, no extra objects, no background scene, no watermark, crisp edges, high detail, 1024x1024.","text, letters, watermark, logo of real brands, photorealistic person, face, hands, gradient background, perspective, multiple objects, clutter, blur"
ACT-06,ACT,RF4,Adicionar peça,normal,nomesh,24,act-06-normal-nomesh.png,"A circular app icon badge in soft 3D clay-render style, front view, centered, on a pure white background. Outer ring: a thick dark espresso-brown disc (#2A211C) with a subtly beveled rim. The dark disc is plain, no network mesh, no nodes. Behind the mesh, a vibrant orange halo (#F57C1F) surrounds a smooth matte cream medallion (#F5EBD7) in the center. On the medallion: a clothes hanger with a round plus-sign tag, rendered as a single chunky matte-black object (#1E1B18) with rounded edges, soft studio lighting from the top-left, a short soft shadow on the cream medallion. No text, no letters, no numbers anywhere. Flat composition, no perspective tilt, no extra objects, no background scene, no watermark, crisp edges, high detail, 1024x1024.","text, letters, watermark, logo of real brands, photorealistic person, face, hands, gradient background, perspective, multiple objects, clutter, blur"
ACT-06,ACT,RF4,Adicionar peça,ativo,full,"512,96",act-06-ativo.png,"A circular app icon badge in soft 3D clay-render style, front view, centered, on a pure white background. Outer ring: a thick dark espresso-brown disc (#2A211C) with a subtly beveled rim. On the disc: a network mesh of thin cream-colored threads forming triangles, connecting round glossy nodes in yellow, orange, green, blue and brown, larger nodes near the outer edge, smaller near the center. Behind the mesh, a vibrant orange halo (#F57C1F) surrounds a smooth matte cream medallion (#F5EBD7) in the center. On the medallion: a clothes hanger with a round plus-sign tag, rendered as a single chunky matte-black object (#1E1B18) with rounded edges, soft studio lighting from the top-left, a short soft shadow on the cream medallion. With accent details in bright orange (#F57C1F): an orange plus tag. No text, no letters, no numbers anywhere. Flat composition, no perspective tilt, no extra objects, no background scene, no watermark, crisp edges, high detail, 1024x1024.","text, letters, watermark, logo of real brands, photorealistic person, face, hands, gradient background, perspective, multiple objects, clutter, blur"
ACT-06,ACT,RF4,Adicionar peça,ativo,halfmesh,48,act-06-ativo-halfmesh.png,"A circular app icon badge in soft 3D clay-render style, front view, centered, on a pure white background. Outer ring: a thick dark espresso-brown disc (#2A211C) with a subtly beveled rim. On the disc: a sparse network mesh of thin cream-colored threads with half the usual number of round glossy nodes in yellow, orange, green, blue and brown, larger nodes near the outer edge. Behind the mesh, a vibrant orange halo (#F57C1F) surrounds a smooth matte cream medallion (#F5EBD7) in the center. On the medallion: a clothes hanger with a round plus-sign tag, rendered as a single chunky matte-black object (#1E1B18) with rounded edges, soft studio lighting from the top-left, a short soft shadow on the cream medallion. With accent details in bright orange (#F57C1F): an orange plus tag. No text, no letters, no numbers anywhere. Flat composition, no perspective tilt, no extra objects, no background scene, no watermark, crisp edges, high detail, 1024x1024.","text, letters, watermark, logo of real brands, photorealistic person, face, hands, gradient background, perspective, multiple objects, clutter, blur"
ACT-06,ACT,RF4,Adicionar peça,ativo,nomesh,24,act-06-ativo-nomesh.png,"A circular app icon badge in soft 3D clay-render style, front view, centered, on a pure white background. Outer ring: a thick dark espresso-brown disc (#2A211C) with a subtly beveled rim. The dark disc is plain, no network mesh, no nodes. Behind the mesh, a vibrant orange halo (#F57C1F) surrounds a smooth matte cream medallion (#F5EBD7) in the center. On the medallion: a clothes hanger with a round plus-sign tag, rendered as a single chunky matte-black object (#1E1B18) with rounded edges, soft studio lighting from the top-left, a short soft shadow on the cream medallion. With accent details in bright orange (#F57C1F): an orange plus tag. No text, no letters, no numbers anywhere. Flat composition, no perspective tilt, no extra objects, no background scene, no watermark, crisp edges, high detail, 1024x1024.","text, letters, watermark, logo of real brands, photorealistic person, face, hands, gradient background, perspective, multiple objects, clutter, blur"
ACT-07,ACT,RF4,Enviar foto,normal,full,"512,96",act-07-normal.png,"A circular app icon badge in soft 3D clay-render style, front view, centered, on a pure white background. Outer ring: a thick dark espresso-brown disc (#2A211C) with a subtly beveled rim. On the disc: a network mesh of thin cream-colored threads forming triangles, connecting round glossy nodes in yellow, orange, green, blue and brown, larger nodes near the outer edge, smaller near the center. Behind the mesh, a vibrant orange halo (#F57C1F) surrounds a smooth matte cream medallion (#F5EBD7) in the center. On the medallion: a camera with a folded t-shirt resting on top, rendered as a single chunky matte-black object (#1E1B18) with rounded edges, soft studio lighting from the top-left, a short soft shadow on the cream medallion. No text, no letters, no numbers anywhere. Flat composition, no perspective tilt, no extra objects, no background scene, no watermark, crisp edges, high detail, 1024x1024.","text, letters, watermark, logo of real brands, photorealistic person, face, hands, gradient background, perspective, multiple objects, clutter, blur"
ACT-07,ACT,RF4,Enviar foto,normal,halfmesh,48,act-07-normal-halfmesh.png,"A circular app icon badge in soft 3D clay-render style, front view, centered, on a pure white background. Outer ring: a thick dark espresso-brown disc (#2A211C) with a subtly beveled rim. On the disc: a sparse network mesh of thin cream-colored threads with half the usual number of round glossy nodes in yellow, orange, green, blue and brown, larger nodes near the outer edge. Behind the mesh, a vibrant orange halo (#F57C1F) surrounds a smooth matte cream medallion (#F5EBD7) in the center. On the medallion: a camera with a folded t-shirt resting on top, rendered as a single chunky matte-black object (#1E1B18) with rounded edges, soft studio lighting from the top-left, a short soft shadow on the cream medallion. No text, no letters, no numbers anywhere. Flat composition, no perspective tilt, no extra objects, no background scene, no watermark, crisp edges, high detail, 1024x1024.","text, letters, watermark, logo of real brands, photorealistic person, face, hands, gradient background, perspective, multiple objects, clutter, blur"
ACT-07,ACT,RF4,Enviar foto,normal,nomesh,24,act-07-normal-nomesh.png,"A circular app icon badge in soft 3D clay-render style, front view, centered, on a pure white background. Outer ring: a thick dark espresso-brown disc (#2A211C) with a subtly beveled rim. The dark disc is plain, no network mesh, no nodes. Behind the mesh, a vibrant orange halo (#F57C1F) surrounds a smooth matte cream medallion (#F5EBD7) in the center. On the medallion: a camera with a folded t-shirt resting on top, rendered as a single chunky matte-black object (#1E1B18) with rounded edges, soft studio lighting from the top-left, a short soft shadow on the cream medallion. No text, no letters, no numbers anywhere. Flat composition, no perspective tilt, no extra objects, no background scene, no watermark, crisp edges, high detail, 1024x1024.","text, letters, watermark, logo of real brands, photorealistic person, face, hands, gradient background, perspective, multiple objects, clutter, blur"
ACT-07,ACT,RF4,Enviar foto,ativo,full,"512,96",act-07-ativo.png,"A circular app icon badge in soft 3D clay-render style, front view, centered, on a pure white background. Outer ring: a thick dark espresso-brown disc (#2A211C) with a subtly beveled rim. On the disc: a network mesh of thin cream-colored threads forming triangles, connecting round glossy nodes in yellow, orange, green, blue and brown, larger nodes near the outer edge, smaller near the center. Behind the mesh, a vibrant orange halo (#F57C1F) surrounds a smooth matte cream medallion (#F5EBD7) in the center. On the medallion: a camera with a folded t-shirt resting on top, rendered as a single chunky matte-black object (#1E1B18) with rounded edges, soft studio lighting from the top-left, a short soft shadow on the cream medallion. With accent details in bright orange (#F57C1F): an orange lens ring. No text, no letters, no numbers anywhere. Flat composition, no perspective tilt, no extra objects, no background scene, no watermark, crisp edges, high detail, 1024x1024.","text, letters, watermark, logo of real brands, photorealistic person, face, hands, gradient background, perspective, multiple objects, clutter, blur"
ACT-07,ACT,RF4,Enviar foto,ativo,halfmesh,48,act-07-ativo-halfmesh.png,"A circular app icon badge in soft 3D clay-render style, front view, centered, on a pure white background. Outer ring: a thick dark espresso-brown disc (#2A211C) with a subtly beveled rim. On the disc: a sparse network mesh of thin cream-colored threads with half the usual number of round glossy nodes in yellow, orange, green, blue and brown, larger nodes near the outer edge. Behind the mesh, a vibrant orange halo (#F57C1F) surrounds a smooth matte cream medallion (#F5EBD7) in the center. On the medallion: a camera with a folded t-shirt resting on top, rendered as a single chunky matte-black object (#1E1B18) with rounded edges, soft studio lighting from the top-left, a short soft shadow on the cream medallion. With accent details in bright orange (#F57C1F): an orange lens ring. No text, no letters, no numbers anywhere. Flat composition, no perspective tilt, no extra objects, no background scene, no watermark, crisp edges, high detail, 1024x1024.","text, letters, watermark, logo of real brands, photorealistic person, face, hands, gradient background, perspective, multiple objects, clutter, blur"
ACT-07,ACT,RF4,Enviar foto,ativo,nomesh,24,act-07-ativo-nomesh.png,"A circular app icon badge in soft 3D clay-render style, front view, centered, on a pure white background. Outer ring: a thick dark espresso-brown disc (#2A211C) with a subtly beveled rim. The dark disc is plain, no network mesh, no nodes. Behind the mesh, a vibrant orange halo (#F57C1F) surrounds a smooth matte cream medallion (#F5EBD7) in the center. On the medallion: a camera with a folded t-shirt resting on top, rendered as a single chunky matte-black object (#1E1B18) with rounded edges, soft studio lighting from the top-left, a short soft shadow on the cream medallion. With accent details in bright orange (#F57C1F): an orange lens ring. No text, no letters, no numbers anywhere. Flat composition, no perspective tilt, no extra objects, no background scene, no watermark, crisp edges, high detail, 1024x1024.","text, letters, watermark, logo of real brands, photorealistic person, face, hands, gradient background, perspective, multiple objects, clutter, blur"
ACT-08,ACT,RF4,Detectar com IA,normal,full,"512,96",act-08-normal.png,"A circular app icon badge in soft 3D clay-render style, front view, centered, on a pure white background. Outer ring: a thick dark espresso-brown disc (#2A211C) with a subtly beveled rim. On the disc: a network mesh of thin cream-colored threads forming triangles, connecting round glossy nodes in yellow, orange, green, blue and brown, larger nodes near the outer edge, smaller near the center. Behind the mesh, a vibrant orange halo (#F57C1F) surrounds a smooth matte cream medallion (#F5EBD7) in the center. On the medallion: a folded shirt with a small four-point sparkle over its collar, rendered as a single chunky matte-black object (#1E1B18) with rounded edges, soft studio lighting from the top-left, a short soft shadow on the cream medallion. No text, no letters, no numbers anywhere. Flat composition, no perspective tilt, no extra objects, no background scene, no watermark, crisp edges, high detail, 1024x1024.","text, letters, watermark, logo of real brands, photorealistic person, face, hands, gradient background, perspective, multiple objects, clutter, blur"
ACT-08,ACT,RF4,Detectar com IA,normal,halfmesh,48,act-08-normal-halfmesh.png,"A circular app icon badge in soft 3D clay-render style, front view, centered, on a pure white background. Outer ring: a thick dark espresso-brown disc (#2A211C) with a subtly beveled rim. On the disc: a sparse network mesh of thin cream-colored threads with half the usual number of round glossy nodes in yellow, orange, green, blue and brown, larger nodes near the outer edge. Behind the mesh, a vibrant orange halo (#F57C1F) surrounds a smooth matte cream medallion (#F5EBD7) in the center. On the medallion: a folded shirt with a small four-point sparkle over its collar, rendered as a single chunky matte-black object (#1E1B18) with rounded edges, soft studio lighting from the top-left, a short soft shadow on the cream medallion. No text, no letters, no numbers anywhere. Flat composition, no perspective tilt, no extra objects, no background scene, no watermark, crisp edges, high detail, 1024x1024.","text, letters, watermark, logo of real brands, photorealistic person, face, hands, gradient background, perspective, multiple objects, clutter, blur"
ACT-08,ACT,RF4,Detectar com IA,normal,nomesh,24,act-08-normal-nomesh.png,"A circular app icon badge in soft 3D clay-render style, front view, centered, on a pure white background. Outer ring: a thick dark espresso-brown disc (#2A211C) with a subtly beveled rim. The dark disc is plain, no network mesh, no nodes. Behind the mesh, a vibrant orange halo (#F57C1F) surrounds a smooth matte cream medallion (#F5EBD7) in the center. On the medallion: a folded shirt with a small four-point sparkle over its collar, rendered as a single chunky matte-black object (#1E1B18) with rounded edges, soft studio lighting from the top-left, a short soft shadow on the cream medallion. No text, no letters, no numbers anywhere. Flat composition, no perspective tilt, no extra objects, no background scene, no watermark, crisp edges, high detail, 1024x1024.","text, letters, watermark, logo of real brands, photorealistic person, face, hands, gradient background, perspective, multiple objects, clutter, blur"
ACT-08,ACT,RF4,Detectar com IA,ativo,full,"512,96",act-08-ativo.png,"A circular app icon badge in soft 3D clay-render style, front view, centered, on a pure white background. Outer ring: a thick dark espresso-brown disc (#2A211C) with a subtly beveled rim. On the disc: a network mesh of thin cream-colored threads forming triangles, connecting round glossy nodes in yellow, orange, green, blue and brown, larger nodes near the outer edge, smaller near the center. Behind the mesh, a vibrant orange halo (#F57C1F) surrounds a smooth matte cream medallion (#F5EBD7) in the center. On the medallion: a folded shirt with a small four-point sparkle over its collar, rendered as a single chunky matte-black object (#1E1B18) with rounded edges, soft studio lighting from the top-left, a short soft shadow on the cream medallion. With accent details in bright orange (#F57C1F): an orange sparkle. No text, no letters, no numbers anywhere. Flat composition, no perspective tilt, no extra objects, no background scene, no watermark, crisp edges, high detail, 1024x1024.","text, letters, watermark, logo of real brands, photorealistic person, face, hands, gradient background, perspective, multiple objects, clutter, blur"
ACT-08,ACT,RF4,Detectar com IA,ativo,halfmesh,48,act-08-ativo-halfmesh.png,"A circular app icon badge in soft 3D clay-render style, front view, centered, on a pure white background. Outer ring: a thick dark espresso-brown disc (#2A211C) with a subtly beveled rim. On the disc: a sparse network mesh of thin cream-colored threads with half the usual number of round glossy nodes in yellow, orange, green, blue and brown, larger nodes near the outer edge. Behind the mesh, a vibrant orange halo (#F57C1F) surrounds a smooth matte cream medallion (#F5EBD7) in the center. On the medallion: a folded shirt with a small four-point sparkle over its collar, rendered as a single chunky matte-black object (#1E1B18) with rounded edges, soft studio lighting from the top-left, a short soft shadow on the cream medallion. With accent details in bright orange (#F57C1F): an orange sparkle. No text, no letters, no numbers anywhere. Flat composition, no perspective tilt, no extra objects, no background scene, no watermark, crisp edges, high detail, 1024x1024.","text, letters, watermark, logo of real brands, photorealistic person, face, hands, gradient background, perspective, multiple objects, clutter, blur"
ACT-08,ACT,RF4,Detectar com IA,ativo,nomesh,24,act-08-ativo-nomesh.png,"A circular app icon badge in soft 3D clay-render style, front view, centered, on a pure white background. Outer ring: a thick dark espresso-brown disc (#2A211C) with a subtly beveled rim. The dark disc is plain, no network mesh, no nodes. Behind the mesh, a vibrant orange halo (#F57C1F) surrounds a smooth matte cream medallion (#F5EBD7) in the center. On the medallion: a folded shirt with a small four-point sparkle over its collar, rendered as a single chunky matte-black object (#1E1B18) with rounded edges, soft studio lighting from the top-left, a short soft shadow on the cream medallion. With accent details in bright orange (#F57C1F): an orange sparkle. No text, no letters, no numbers anywhere. Flat composition, no perspective tilt, no extra objects, no background scene, no watermark, crisp edges, high detail, 1024x1024.","text, letters, watermark, logo of real brands, photorealistic person, face, hands, gradient background, perspective, multiple objects, clutter, blur"
ACT-09,ACT,RF5,Gerar com IA,normal,full,"512,96",act-09-normal.png,"A circular app icon badge in soft 3D clay-render style, front view, centered, on a pure white background. Outer ring: a thick dark espresso-brown disc (#2A211C) with a subtly beveled rim. On the disc: a network mesh of thin cream-colored threads forming triangles, connecting round glossy nodes in yellow, orange, green, blue and brown, larger nodes near the outer edge, smaller near the center. Behind the mesh, a vibrant orange halo (#F57C1F) surrounds a smooth matte cream medallion (#F5EBD7) in the center. On the medallion: a knitting needle used as a magic wand, with a tiny sparkle at its tip, rendered as a single chunky matte-black object (#1E1B18) with rounded edges, soft studio lighting from the top-left, a short soft shadow on the cream medallion. No text, no letters, no numbers anywhere. Flat composition, no perspective tilt, no extra objects, no background scene, no watermark, crisp edges, high detail, 1024x1024.","text, letters, watermark, logo of real brands, photorealistic person, face, hands, gradient background, perspective, multiple objects, clutter, blur"
ACT-09,ACT,RF5,Gerar com IA,normal,halfmesh,48,act-09-normal-halfmesh.png,"A circular app icon badge in soft 3D clay-render style, front view, centered, on a pure white background. Outer ring: a thick dark espresso-brown disc (#2A211C) with a subtly beveled rim. On the disc: a sparse network mesh of thin cream-colored threads with half the usual number of round glossy nodes in yellow, orange, green, blue and brown, larger nodes near the outer edge. Behind the mesh, a vibrant orange halo (#F57C1F) surrounds a smooth matte cream medallion (#F5EBD7) in the center. On the medallion: a knitting needle used as a magic wand, with a tiny sparkle at its tip, rendered as a single chunky matte-black object (#1E1B18) with rounded edges, soft studio lighting from the top-left, a short soft shadow on the cream medallion. No text, no letters, no numbers anywhere. Flat composition, no perspective tilt, no extra objects, no background scene, no watermark, crisp edges, high detail, 1024x1024.","text, letters, watermark, logo of real brands, photorealistic person, face, hands, gradient background, perspective, multiple objects, clutter, blur"
ACT-09,ACT,RF5,Gerar com IA,normal,nomesh,24,act-09-normal-nomesh.png,"A circular app icon badge in soft 3D clay-render style, front view, centered, on a pure white background. Outer ring: a thick dark espresso-brown disc (#2A211C) with a subtly beveled rim. The dark disc is plain, no network mesh, no nodes. Behind the mesh, a vibrant orange halo (#F57C1F) surrounds a smooth matte cream medallion (#F5EBD7) in the center. On the medallion: a knitting needle used as a magic wand, with a tiny sparkle at its tip, rendered as a single chunky matte-black object (#1E1B18) with rounded edges, soft studio lighting from the top-left, a short soft shadow on the cream medallion. No text, no letters, no numbers anywhere. Flat composition, no perspective tilt, no extra objects, no background scene, no watermark, crisp edges, high detail, 1024x1024.","text, letters, watermark, logo of real brands, photorealistic person, face, hands, gradient background, perspective, multiple objects, clutter, blur"
ACT-09,ACT,RF5,Gerar com IA,ativo,full,"512,96",act-09-ativo.png,"A circular app icon badge in soft 3D clay-render style, front view, centered, on a pure white background. Outer ring: a thick dark espresso-brown disc (#2A211C) with a subtly beveled rim. On the disc: a network mesh of thin cream-colored threads forming triangles, connecting round glossy nodes in yellow, orange, green, blue and brown, larger nodes near the outer edge, smaller near the center. Behind the mesh, a vibrant orange halo (#F57C1F) surrounds a smooth matte cream medallion (#F5EBD7) in the center. On the medallion: a knitting needle used as a magic wand, with a tiny sparkle at its tip, rendered as a single chunky matte-black object (#1E1B18) with rounded edges, soft studio lighting from the top-left, a short soft shadow on the cream medallion. With accent details in bright orange (#F57C1F): an orange sparkle at the tip. No text, no letters, no numbers anywhere. Flat composition, no perspective tilt, no extra objects, no background scene, no watermark, crisp edges, high detail, 1024x1024.","text, letters, watermark, logo of real brands, photorealistic person, face, hands, gradient background, perspective, multiple objects, clutter, blur"
ACT-09,ACT,RF5,Gerar com IA,ativo,halfmesh,48,act-09-ativo-halfmesh.png,"A circular app icon badge in soft 3D clay-render style, front view, centered, on a pure white background. Outer ring: a thick dark espresso-brown disc (#2A211C) with a subtly beveled rim. On the disc: a sparse network mesh of thin cream-colored threads with half the usual number of round glossy nodes in yellow, orange, green, blue and brown, larger nodes near the outer edge. Behind the mesh, a vibrant orange halo (#F57C1F) surrounds a smooth matte cream medallion (#F5EBD7) in the center. On the medallion: a knitting needle used as a magic wand, with a tiny sparkle at its tip, rendered as a single chunky matte-black object (#1E1B18) with rounded edges, soft studio lighting from the top-left, a short soft shadow on the cream medallion. With accent details in bright orange (#F57C1F): an orange sparkle at the tip. No text, no letters, no numbers anywhere. Flat composition, no perspective tilt, no extra objects, no background scene, no watermark, crisp edges, high detail, 1024x1024.","text, letters, watermark, logo of real brands, photorealistic person, face, hands, gradient background, perspective, multiple objects, clutter, blur"
ACT-09,ACT,RF5,Gerar com IA,ativo,nomesh,24,act-09-ativo-nomesh.png,"A circular app icon badge in soft 3D clay-render style, front view, centered, on a pure white background. Outer ring: a thick dark espresso-brown disc (#2A211C) with a subtly beveled rim. The dark disc is plain, no network mesh, no nodes. Behind the mesh, a vibrant orange halo (#F57C1F) surrounds a smooth matte cream medallion (#F5EBD7) in the center. On the medallion: a knitting needle used as a magic wand, with a tiny sparkle at its tip, rendered as a single chunky matte-black object (#1E1B18) with rounded edges, soft studio lighting from the top-left, a short soft shadow on the cream medallion. With accent details in bright orange (#F57C1F): an orange sparkle at the tip. No text, no letters, no numbers anywhere. Flat composition, no perspective tilt, no extra objects, no background scene, no watermark, crisp edges, high detail, 1024x1024.","text, letters, watermark, logo of real brands, photorealistic person, face, hands, gradient background, perspective, multiple objects, clutter, blur"
ACT-10,ACT,RF5,Salvar esquema,normal,full,"512,96",act-10-normal.png,"A circular app icon badge in soft 3D clay-render style, front view, centered, on a pure white background. Outer ring: a thick dark espresso-brown disc (#2A211C) with a subtly beveled rim. On the disc: a network mesh of thin cream-colored threads forming triangles, connecting round glossy nodes in yellow, orange, green, blue and brown, larger nodes near the outer edge, smaller near the center. Behind the mesh, a vibrant orange halo (#F57C1F) surrounds a smooth matte cream medallion (#F5EBD7) in the center. On the medallion: a look box: a flat gift box with a garment hanger printed on the lid, rendered as a single chunky matte-black object (#1E1B18) with rounded edges, soft studio lighting from the top-left, a short soft shadow on the cream medallion. No text, no letters, no numbers anywhere. Flat composition, no perspective tilt, no extra objects, no background scene, no watermark, crisp edges, high detail, 1024x1024.","text, letters, watermark, logo of real brands, photorealistic person, face, hands, gradient background, perspective, multiple objects, clutter, blur"
ACT-10,ACT,RF5,Salvar esquema,normal,halfmesh,48,act-10-normal-halfmesh.png,"A circular app icon badge in soft 3D clay-render style, front view, centered, on a pure white background. Outer ring: a thick dark espresso-brown disc (#2A211C) with a subtly beveled rim. On the disc: a sparse network mesh of thin cream-colored threads with half the usual number of round glossy nodes in yellow, orange, green, blue and brown, larger nodes near the outer edge. Behind the mesh, a vibrant orange halo (#F57C1F) surrounds a smooth matte cream medallion (#F5EBD7) in the center. On the medallion: a look box: a flat gift box with a garment hanger printed on the lid, rendered as a single chunky matte-black object (#1E1B18) with rounded edges, soft studio lighting from the top-left, a short soft shadow on the cream medallion. No text, no letters, no numbers anywhere. Flat composition, no perspective tilt, no extra objects, no background scene, no watermark, crisp edges, high detail, 1024x1024.","text, letters, watermark, logo of real brands, photorealistic person, face, hands, gradient background, perspective, multiple objects, clutter, blur"
ACT-10,ACT,RF5,Salvar esquema,normal,nomesh,24,act-10-normal-nomesh.png,"A circular app icon badge in soft 3D clay-render style, front view, centered, on a pure white background. Outer ring: a thick dark espresso-brown disc (#2A211C) with a subtly beveled rim. The dark disc is plain, no network mesh, no nodes. Behind the mesh, a vibrant orange halo (#F57C1F) surrounds a smooth matte cream medallion (#F5EBD7) in the center. On the medallion: a look box: a flat gift box with a garment hanger printed on the lid, rendered as a single chunky matte-black object (#1E1B18) with rounded edges, soft studio lighting from the top-left, a short soft shadow on the cream medallion. No text, no letters, no numbers anywhere. Flat composition, no perspective tilt, no extra objects, no background scene, no watermark, crisp edges, high detail, 1024x1024.","text, letters, watermark, logo of real brands, photorealistic person, face, hands, gradient background, perspective, multiple objects, clutter, blur"
ACT-10,ACT,RF5,Salvar esquema,ativo,full,"512,96",act-10-ativo.png,"A circular app icon badge in soft 3D clay-render style, front view, centered, on a pure white background. Outer ring: a thick dark espresso-brown disc (#2A211C) with a subtly beveled rim. On the disc: a network mesh of thin cream-colored threads forming triangles, connecting round glossy nodes in yellow, orange, green, blue and brown, larger nodes near the outer edge, smaller near the center. Behind the mesh, a vibrant orange halo (#F57C1F) surrounds a smooth matte cream medallion (#F5EBD7) in the center. On the medallion: a look box: a flat gift box with a garment hanger printed on the lid, rendered as a single chunky matte-black object (#1E1B18) with rounded edges, soft studio lighting from the top-left, a short soft shadow on the cream medallion. With accent details in bright orange (#F57C1F): an orange hanger print. No text, no letters, no numbers anywhere. Flat composition, no perspective tilt, no extra objects, no background scene, no watermark, crisp edges, high detail, 1024x1024.","text, letters, watermark, logo of real brands, photorealistic person, face, hands, gradient background, perspective, multiple objects, clutter, blur"
ACT-10,ACT,RF5,Salvar esquema,ativo,halfmesh,48,act-10-ativo-halfmesh.png,"A circular app icon badge in soft 3D clay-render style, front view, centered, on a pure white background. Outer ring: a thick dark espresso-brown disc (#2A211C) with a subtly beveled rim. On the disc: a sparse network mesh of thin cream-colored threads with half the usual number of round glossy nodes in yellow, orange, green, blue and brown, larger nodes near the outer edge. Behind the mesh, a vibrant orange halo (#F57C1F) surrounds a smooth matte cream medallion (#F5EBD7) in the center. On the medallion: a look box: a flat gift box with a garment hanger printed on the lid, rendered as a single chunky matte-black object (#1E1B18) with rounded edges, soft studio lighting from the top-left, a short soft shadow on the cream medallion. With accent details in bright orange (#F57C1F): an orange hanger print. No text, no letters, no numbers anywhere. Flat composition, no perspective tilt, no extra objects, no background scene, no watermark, crisp edges, high detail, 1024x1024.","text, letters, watermark, logo of real brands, photorealistic person, face, hands, gradient background, perspective, multiple objects, clutter, blur"
ACT-10,ACT,RF5,Salvar esquema,ativo,nomesh,24,act-10-ativo-nomesh.png,"A circular app icon badge in soft 3D clay-render style, front view, centered, on a pure white background. Outer ring: a thick dark espresso-brown disc (#2A211C) with a subtly beveled rim. The dark disc is plain, no network mesh, no nodes. Behind the mesh, a vibrant orange halo (#F57C1F) surrounds a smooth matte cream medallion (#F5EBD7) in the center. On the medallion: a look box: a flat gift box with a garment hanger printed on the lid, rendered as a single chunky matte-black object (#1E1B18) with rounded edges, soft studio lighting from the top-left, a short soft shadow on the cream medallion. With accent details in bright orange (#F57C1F): an orange hanger print. No text, no letters, no numbers anywhere. Flat composition, no perspective tilt, no extra objects, no background scene, no watermark, crisp edges, high detail, 1024x1024.","text, letters, watermark, logo of real brands, photorealistic person, face, hands, gradient background, perspective, multiple objects, clutter, blur"
ACT-11,ACT,RF5,Publicar no feed,normal,full,"512,96",act-11-normal.png,"A circular app icon badge in soft 3D clay-render style, front view, centered, on a pure white background. Outer ring: a thick dark espresso-brown disc (#2A211C) with a subtly beveled rim. On the disc: a network mesh of thin cream-colored threads forming triangles, connecting round glossy nodes in yellow, orange, green, blue and brown, larger nodes near the outer edge, smaller near the center. Behind the mesh, a vibrant orange halo (#F57C1F) surrounds a smooth matte cream medallion (#F5EBD7) in the center. On the medallion: a small spotlight lamp pointing upward, rendered as a single chunky matte-black object (#1E1B18) with rounded edges, soft studio lighting from the top-left, a short soft shadow on the cream medallion. No text, no letters, no numbers anywhere. Flat composition, no perspective tilt, no extra objects, no background scene, no watermark, crisp edges, high detail, 1024x1024.","text, letters, watermark, logo of real brands, photorealistic person, face, hands, gradient background, perspective, multiple objects, clutter, blur"
ACT-11,ACT,RF5,Publicar no feed,normal,halfmesh,48,act-11-normal-halfmesh.png,"A circular app icon badge in soft 3D clay-render style, front view, centered, on a pure white background. Outer ring: a thick dark espresso-brown disc (#2A211C) with a subtly beveled rim. On the disc: a sparse network mesh of thin cream-colored threads with half the usual number of round glossy nodes in yellow, orange, green, blue and brown, larger nodes near the outer edge. Behind the mesh, a vibrant orange halo (#F57C1F) surrounds a smooth matte cream medallion (#F5EBD7) in the center. On the medallion: a small spotlight lamp pointing upward, rendered as a single chunky matte-black object (#1E1B18) with rounded edges, soft studio lighting from the top-left, a short soft shadow on the cream medallion. No text, no letters, no numbers anywhere. Flat composition, no perspective tilt, no extra objects, no background scene, no watermark, crisp edges, high detail, 1024x1024.","text, letters, watermark, logo of real brands, photorealistic person, face, hands, gradient background, perspective, multiple objects, clutter, blur"
ACT-11,ACT,RF5,Publicar no feed,normal,nomesh,24,act-11-normal-nomesh.png,"A circular app icon badge in soft 3D clay-render style, front view, centered, on a pure white background. Outer ring: a thick dark espresso-brown disc (#2A211C) with a subtly beveled rim. The dark disc is plain, no network mesh, no nodes. Behind the mesh, a vibrant orange halo (#F57C1F) surrounds a smooth matte cream medallion (#F5EBD7) in the center. On the medallion: a small spotlight lamp pointing upward, rendered as a single chunky matte-black object (#1E1B18) with rounded edges, soft studio lighting from the top-left, a short soft shadow on the cream medallion. No text, no letters, no numbers anywhere. Flat composition, no perspective tilt, no extra objects, no background scene, no watermark, crisp edges, high detail, 1024x1024.","text, letters, watermark, logo of real brands, photorealistic person, face, hands, gradient background, perspective, multiple objects, clutter, blur"
ACT-11,ACT,RF5,Publicar no feed,ativo,full,"512,96",act-11-ativo.png,"A circular app icon badge in soft 3D clay-render style, front view, centered, on a pure white background. Outer ring: a thick dark espresso-brown disc (#2A211C) with a subtly beveled rim. On the disc: a network mesh of thin cream-colored threads forming triangles, connecting round glossy nodes in yellow, orange, green, blue and brown, larger nodes near the outer edge, smaller near the center. Behind the mesh, a vibrant orange halo (#F57C1F) surrounds a smooth matte cream medallion (#F5EBD7) in the center. On the medallion: a small spotlight lamp pointing upward, rendered as a single chunky matte-black object (#1E1B18) with rounded edges, soft studio lighting from the top-left, a short soft shadow on the cream medallion. With accent details in bright orange (#F57C1F): an orange light beam. No text, no letters, no numbers anywhere. Flat composition, no perspective tilt, no extra objects, no background scene, no watermark, crisp edges, high detail, 1024x1024.","text, letters, watermark, logo of real brands, photorealistic person, face, hands, gradient background, perspective, multiple objects, clutter, blur"
ACT-11,ACT,RF5,Publicar no feed,ativo,halfmesh,48,act-11-ativo-halfmesh.png,"A circular app icon badge in soft 3D clay-render style, front view, centered, on a pure white background. Outer ring: a thick dark espresso-brown disc (#2A211C) with a subtly beveled rim. On the disc: a sparse network mesh of thin cream-colored threads with half the usual number of round glossy nodes in yellow, orange, green, blue and brown, larger nodes near the outer edge. Behind the mesh, a vibrant orange halo (#F57C1F) surrounds a smooth matte cream medallion (#F5EBD7) in the center. On the medallion: a small spotlight lamp pointing upward, rendered as a single chunky matte-black object (#1E1B18) with rounded edges, soft studio lighting from the top-left, a short soft shadow on the cream medallion. With accent details in bright orange (#F57C1F): an orange light beam. No text, no letters, no numbers anywhere. Flat composition, no perspective tilt, no extra objects, no background scene, no watermark, crisp edges, high detail, 1024x1024.","text, letters, watermark, logo of real brands, photorealistic person, face, hands, gradient background, perspective, multiple objects, clutter, blur"
ACT-11,ACT,RF5,Publicar no feed,ativo,nomesh,24,act-11-ativo-nomesh.png,"A circular app icon badge in soft 3D clay-render style, front view, centered, on a pure white background. Outer ring: a thick dark espresso-brown disc (#2A211C) with a subtly beveled rim. The dark disc is plain, no network mesh, no nodes. Behind the mesh, a vibrant orange halo (#F57C1F) surrounds a smooth matte cream medallion (#F5EBD7) in the center. On the medallion: a small spotlight lamp pointing upward, rendered as a single chunky matte-black object (#1E1B18) with rounded edges, soft studio lighting from the top-left, a short soft shadow on the cream medallion. With accent details in bright orange (#F57C1F): an orange light beam. No text, no letters, no numbers anywhere. Flat composition, no perspective tilt, no extra objects, no background scene, no watermark, crisp edges, high detail, 1024x1024.","text, letters, watermark, logo of real brands, photorealistic person, face, hands, gradient background, perspective, multiple objects, clutter, blur"
ACT-12,ACT,RF8,Filtrar,normal,full,"512,96",act-12-normal.png,"A circular app icon badge in soft 3D clay-render style, front view, centered, on a pure white background. Outer ring: a thick dark espresso-brown disc (#2A211C) with a subtly beveled rim. On the disc: a network mesh of thin cream-colored threads forming triangles, connecting round glossy nodes in yellow, orange, green, blue and brown, larger nodes near the outer edge, smaller near the center. Behind the mesh, a vibrant orange halo (#F57C1F) surrounds a smooth matte cream medallion (#F5EBD7) in the center. On the medallion: a funnel shaped like an A-line skirt, rendered as a single chunky matte-black object (#1E1B18) with rounded edges, soft studio lighting from the top-left, a short soft shadow on the cream medallion. No text, no letters, no numbers anywhere. Flat composition, no perspective tilt, no extra objects, no background scene, no watermark, crisp edges, high detail, 1024x1024.","text, letters, watermark, logo of real brands, photorealistic person, face, hands, gradient background, perspective, multiple objects, clutter, blur"
ACT-12,ACT,RF8,Filtrar,normal,halfmesh,48,act-12-normal-halfmesh.png,"A circular app icon badge in soft 3D clay-render style, front view, centered, on a pure white background. Outer ring: a thick dark espresso-brown disc (#2A211C) with a subtly beveled rim. On the disc: a sparse network mesh of thin cream-colored threads with half the usual number of round glossy nodes in yellow, orange, green, blue and brown, larger nodes near the outer edge. Behind the mesh, a vibrant orange halo (#F57C1F) surrounds a smooth matte cream medallion (#F5EBD7) in the center. On the medallion: a funnel shaped like an A-line skirt, rendered as a single chunky matte-black object (#1E1B18) with rounded edges, soft studio lighting from the top-left, a short soft shadow on the cream medallion. No text, no letters, no numbers anywhere. Flat composition, no perspective tilt, no extra objects, no background scene, no watermark, crisp edges, high detail, 1024x1024.","text, letters, watermark, logo of real brands, photorealistic person, face, hands, gradient background, perspective, multiple objects, clutter, blur"
ACT-12,ACT,RF8,Filtrar,normal,nomesh,24,act-12-normal-nomesh.png,"A circular app icon badge in soft 3D clay-render style, front view, centered, on a pure white background. Outer ring: a thick dark espresso-brown disc (#2A211C) with a subtly beveled rim. The dark disc is plain, no network mesh, no nodes. Behind the mesh, a vibrant orange halo (#F57C1F) surrounds a smooth matte cream medallion (#F5EBD7) in the center. On the medallion: a funnel shaped like an A-line skirt, rendered as a single chunky matte-black object (#1E1B18) with rounded edges, soft studio lighting from the top-left, a short soft shadow on the cream medallion. No text, no letters, no numbers anywhere. Flat composition, no perspective tilt, no extra objects, no background scene, no watermark, crisp edges, high detail, 1024x1024.","text, letters, watermark, logo of real brands, photorealistic person, face, hands, gradient background, perspective, multiple objects, clutter, blur"
ACT-12,ACT,RF8,Filtrar,ativo,full,"512,96",act-12-ativo.png,"A circular app icon badge in soft 3D clay-render style, front view, centered, on a pure white background. Outer ring: a thick dark espresso-brown disc (#2A211C) with a subtly beveled rim. On the disc: a network mesh of thin cream-colored threads forming triangles, connecting round glossy nodes in yellow, orange, green, blue and brown, larger nodes near the outer edge, smaller near the center. Behind the mesh, a vibrant orange halo (#F57C1F) surrounds a smooth matte cream medallion (#F5EBD7) in the center. On the medallion: a funnel shaped like an A-line skirt, rendered as a single chunky matte-black object (#1E1B18) with rounded edges, soft studio lighting from the top-left, a short soft shadow on the cream medallion. With accent details in bright orange (#F57C1F): an orange hem. No text, no letters, no numbers anywhere. Flat composition, no perspective tilt, no extra objects, no background scene, no watermark, crisp edges, high detail, 1024x1024.","text, letters, watermark, logo of real brands, photorealistic person, face, hands, gradient background, perspective, multiple objects, clutter, blur"
ACT-12,ACT,RF8,Filtrar,ativo,halfmesh,48,act-12-ativo-halfmesh.png,"A circular app icon badge in soft 3D clay-render style, front view, centered, on a pure white background. Outer ring: a thick dark espresso-brown disc (#2A211C) with a subtly beveled rim. On the disc: a sparse network mesh of thin cream-colored threads with half the usual number of round glossy nodes in yellow, orange, green, blue and brown, larger nodes near the outer edge. Behind the mesh, a vibrant orange halo (#F57C1F) surrounds a smooth matte cream medallion (#F5EBD7) in the center. On the medallion: a funnel shaped like an A-line skirt, rendered as a single chunky matte-black object (#1E1B18) with rounded edges, soft studio lighting from the top-left, a short soft shadow on the cream medallion. With accent details in bright orange (#F57C1F): an orange hem. No text, no letters, no numbers anywhere. Flat composition, no perspective tilt, no extra objects, no background scene, no watermark, crisp edges, high detail, 1024x1024.","text, letters, watermark, logo of real brands, photorealistic person, face, hands, gradient background, perspective, multiple objects, clutter, blur"
ACT-12,ACT,RF8,Filtrar,ativo,nomesh,24,act-12-ativo-nomesh.png,"A circular app icon badge in soft 3D clay-render style, front view, centered, on a pure white background. Outer ring: a thick dark espresso-brown disc (#2A211C) with a subtly beveled rim. The dark disc is plain, no network mesh, no nodes. Behind the mesh, a vibrant orange halo (#F57C1F) surrounds a smooth matte cream medallion (#F5EBD7) in the center. On the medallion: a funnel shaped like an A-line skirt, rendered as a single chunky matte-black object (#1E1B18) with rounded edges, soft studio lighting from the top-left, a short soft shadow on the cream medallion. With accent details in bright orange (#F57C1F): an orange hem. No text, no letters, no numbers anywhere. Flat composition, no perspective tilt, no extra objects, no background scene, no watermark, crisp edges, high detail, 1024x1024.","text, letters, watermark, logo of real brands, photorealistic person, face, hands, gradient background, perspective, multiple objects, clutter, blur"
ACT-13,ACT,RF10,Abrir Copilot,normal,full,"512,96",act-13-normal.png,"A circular app icon badge in soft 3D clay-render style, front view, centered, on a pure white background. Outer ring: a thick dark espresso-brown disc (#2A211C) with a subtly beveled rim. On the disc: a network mesh of thin cream-colored threads forming triangles, connecting round glossy nodes in yellow, orange, green, blue and brown, larger nodes near the outer edge, smaller near the center. Behind the mesh, a vibrant orange halo (#F57C1F) surrounds a smooth matte cream medallion (#F5EBD7) in the center. On the medallion: a dress form mannequin bust with a small speech bubble beside it, no face, rendered as a single chunky matte-black object (#1E1B18) with rounded edges, soft studio lighting from the top-left, a short soft shadow on the cream medallion. No text, no letters, no numbers anywhere. Flat composition, no perspective tilt, no extra objects, no background scene, no watermark, crisp edges, high detail, 1024x1024.","text, letters, watermark, logo of real brands, photorealistic person, face, hands, gradient background, perspective, multiple objects, clutter, blur"
ACT-13,ACT,RF10,Abrir Copilot,normal,halfmesh,48,act-13-normal-halfmesh.png,"A circular app icon badge in soft 3D clay-render style, front view, centered, on a pure white background. Outer ring: a thick dark espresso-brown disc (#2A211C) with a subtly beveled rim. On the disc: a sparse network mesh of thin cream-colored threads with half the usual number of round glossy nodes in yellow, orange, green, blue and brown, larger nodes near the outer edge. Behind the mesh, a vibrant orange halo (#F57C1F) surrounds a smooth matte cream medallion (#F5EBD7) in the center. On the medallion: a dress form mannequin bust with a small speech bubble beside it, no face, rendered as a single chunky matte-black object (#1E1B18) with rounded edges, soft studio lighting from the top-left, a short soft shadow on the cream medallion. No text, no letters, no numbers anywhere. Flat composition, no perspective tilt, no extra objects, no background scene, no watermark, crisp edges, high detail, 1024x1024.","text, letters, watermark, logo of real brands, photorealistic person, face, hands, gradient background, perspective, multiple objects, clutter, blur"
ACT-13,ACT,RF10,Abrir Copilot,normal,nomesh,24,act-13-normal-nomesh.png,"A circular app icon badge in soft 3D clay-render style, front view, centered, on a pure white background. Outer ring: a thick dark espresso-brown disc (#2A211C) with a subtly beveled rim. The dark disc is plain, no network mesh, no nodes. Behind the mesh, a vibrant orange halo (#F57C1F) surrounds a smooth matte cream medallion (#F5EBD7) in the center. On the medallion: a dress form mannequin bust with a small speech bubble beside it, no face, rendered as a single chunky matte-black object (#1E1B18) with rounded edges, soft studio lighting from the top-left, a short soft shadow on the cream medallion. No text, no letters, no numbers anywhere. Flat composition, no perspective tilt, no extra objects, no background scene, no watermark, crisp edges, high detail, 1024x1024.","text, letters, watermark, logo of real brands, photorealistic person, face, hands, gradient background, perspective, multiple objects, clutter, blur"
ACT-13,ACT,RF10,Abrir Copilot,ativo,full,"512,96",act-13-ativo.png,"A circular app icon badge in soft 3D clay-render style, front view, centered, on a pure white background. Outer ring: a thick dark espresso-brown disc (#2A211C) with a subtly beveled rim. On the disc: a network mesh of thin cream-colored threads forming triangles, connecting round glossy nodes in yellow, orange, green, blue and brown, larger nodes near the outer edge, smaller near the center. Behind the mesh, a vibrant orange halo (#F57C1F) surrounds a smooth matte cream medallion (#F5EBD7) in the center. On the medallion: a dress form mannequin bust with a small speech bubble beside it, no face, rendered as a single chunky matte-black object (#1E1B18) with rounded edges, soft studio lighting from the top-left, a short soft shadow on the cream medallion. With accent details in bright orange (#F57C1F): an orange speech bubble. No text, no letters, no numbers anywhere. Flat composition, no perspective tilt, no extra objects, no background scene, no watermark, crisp edges, high detail, 1024x1024.","text, letters, watermark, logo of real brands, photorealistic person, face, hands, gradient background, perspective, multiple objects, clutter, blur"
ACT-13,ACT,RF10,Abrir Copilot,ativo,halfmesh,48,act-13-ativo-halfmesh.png,"A circular app icon badge in soft 3D clay-render style, front view, centered, on a pure white background. Outer ring: a thick dark espresso-brown disc (#2A211C) with a subtly beveled rim. On the disc: a sparse network mesh of thin cream-colored threads with half the usual number of round glossy nodes in yellow, orange, green, blue and brown, larger nodes near the outer edge. Behind the mesh, a vibrant orange halo (#F57C1F) surrounds a smooth matte cream medallion (#F5EBD7) in the center. On the medallion: a dress form mannequin bust with a small speech bubble beside it, no face, rendered as a single chunky matte-black object (#1E1B18) with rounded edges, soft studio lighting from the top-left, a short soft shadow on the cream medallion. With accent details in bright orange (#F57C1F): an orange speech bubble. No text, no letters, no numbers anywhere. Flat composition, no perspective tilt, no extra objects, no background scene, no watermark, crisp edges, high detail, 1024x1024.","text, letters, watermark, logo of real brands, photorealistic person, face, hands, gradient background, perspective, multiple objects, clutter, blur"
ACT-13,ACT,RF10,Abrir Copilot,ativo,nomesh,24,act-13-ativo-nomesh.png,"A circular app icon badge in soft 3D clay-render style, front view, centered, on a pure white background. Outer ring: a thick dark espresso-brown disc (#2A211C) with a subtly beveled rim. The dark disc is plain, no network mesh, no nodes. Behind the mesh, a vibrant orange halo (#F57C1F) surrounds a smooth matte cream medallion (#F5EBD7) in the center. On the medallion: a dress form mannequin bust with a small speech bubble beside it, no face, rendered as a single chunky matte-black object (#1E1B18) with rounded edges, soft studio lighting from the top-left, a short soft shadow on the cream medallion. With accent details in bright orange (#F57C1F): an orange speech bubble. No text, no letters, no numbers anywhere. Flat composition, no perspective tilt, no extra objects, no background scene, no watermark, crisp edges, high detail, 1024x1024.","text, letters, watermark, logo of real brands, photorealistic person, face, hands, gradient background, perspective, multiple objects, clutter, blur"
ACT-14,ACT,RF11,Abrir Background Studio,normal,full,"512,96",act-14-normal.png,"A circular app icon badge in soft 3D clay-render style, front view, centered, on a pure white background. Outer ring: a thick dark espresso-brown disc (#2A211C) with a subtly beveled rim. On the disc: a network mesh of thin cream-colored threads forming triangles, connecting round glossy nodes in yellow, orange, green, blue and brown, larger nodes near the outer edge, smaller near the center. Behind the mesh, a vibrant orange halo (#F57C1F) surrounds a smooth matte cream medallion (#F5EBD7) in the center. On the medallion: a painter's palette whose paint wells are small fabric swatches, rendered as a single chunky matte-black object (#1E1B18) with rounded edges, soft studio lighting from the top-left, a short soft shadow on the cream medallion. No text, no letters, no numbers anywhere. Flat composition, no perspective tilt, no extra objects, no background scene, no watermark, crisp edges, high detail, 1024x1024.","text, letters, watermark, logo of real brands, photorealistic person, face, hands, gradient background, perspective, multiple objects, clutter, blur"
ACT-14,ACT,RF11,Abrir Background Studio,normal,halfmesh,48,act-14-normal-halfmesh.png,"A circular app icon badge in soft 3D clay-render style, front view, centered, on a pure white background. Outer ring: a thick dark espresso-brown disc (#2A211C) with a subtly beveled rim. On the disc: a sparse network mesh of thin cream-colored threads with half the usual number of round glossy nodes in yellow, orange, green, blue and brown, larger nodes near the outer edge. Behind the mesh, a vibrant orange halo (#F57C1F) surrounds a smooth matte cream medallion (#F5EBD7) in the center. On the medallion: a painter's palette whose paint wells are small fabric swatches, rendered as a single chunky matte-black object (#1E1B18) with rounded edges, soft studio lighting from the top-left, a short soft shadow on the cream medallion. No text, no letters, no numbers anywhere. Flat composition, no perspective tilt, no extra objects, no background scene, no watermark, crisp edges, high detail, 1024x1024.","text, letters, watermark, logo of real brands, photorealistic person, face, hands, gradient background, perspective, multiple objects, clutter, blur"
ACT-14,ACT,RF11,Abrir Background Studio,normal,nomesh,24,act-14-normal-nomesh.png,"A circular app icon badge in soft 3D clay-render style, front view, centered, on a pure white background. Outer ring: a thick dark espresso-brown disc (#2A211C) with a subtly beveled rim. The dark disc is plain, no network mesh, no nodes. Behind the mesh, a vibrant orange halo (#F57C1F) surrounds a smooth matte cream medallion (#F5EBD7) in the center. On the medallion: a painter's palette whose paint wells are small fabric swatches, rendered as a single chunky matte-black object (#1E1B18) with rounded edges, soft studio lighting from the top-left, a short soft shadow on the cream medallion. No text, no letters, no numbers anywhere. Flat composition, no perspective tilt, no extra objects, no background scene, no watermark, crisp edges, high detail, 1024x1024.","text, letters, watermark, logo of real brands, photorealistic person, face, hands, gradient background, perspective, multiple objects, clutter, blur"
ACT-14,ACT,RF11,Abrir Background Studio,ativo,full,"512,96",act-14-ativo.png,"A circular app icon badge in soft 3D clay-render style, front view, centered, on a pure white background. Outer ring: a thick dark espresso-brown disc (#2A211C) with a subtly beveled rim. On the disc: a network mesh of thin cream-colored threads forming triangles, connecting round glossy nodes in yellow, orange, green, blue and brown, larger nodes near the outer edge, smaller near the center. Behind the mesh, a vibrant orange halo (#F57C1F) surrounds a smooth matte cream medallion (#F5EBD7) in the center. On the medallion: a painter's palette whose paint wells are small fabric swatches, rendered as a single chunky matte-black object (#1E1B18) with rounded edges, soft studio lighting from the top-left, a short soft shadow on the cream medallion. With accent details in bright orange (#F57C1F): an orange swatch. No text, no letters, no numbers anywhere. Flat composition, no perspective tilt, no extra objects, no background scene, no watermark, crisp edges, high detail, 1024x1024.","text, letters, watermark, logo of real brands, photorealistic person, face, hands, gradient background, perspective, multiple objects, clutter, blur"
ACT-14,ACT,RF11,Abrir Background Studio,ativo,halfmesh,48,act-14-ativo-halfmesh.png,"A circular app icon badge in soft 3D clay-render style, front view, centered, on a pure white background. Outer ring: a thick dark espresso-brown disc (#2A211C) with a subtly beveled rim. On the disc: a sparse network mesh of thin cream-colored threads with half the usual number of round glossy nodes in yellow, orange, green, blue and brown, larger nodes near the outer edge. Behind the mesh, a vibrant orange halo (#F57C1F) surrounds a smooth matte cream medallion (#F5EBD7) in the center. On the medallion: a painter's palette whose paint wells are small fabric swatches, rendered as a single chunky matte-black object (#1E1B18) with rounded edges, soft studio lighting from the top-left, a short soft shadow on the cream medallion. With accent details in bright orange (#F57C1F): an orange swatch. No text, no letters, no numbers anywhere. Flat composition, no perspective tilt, no extra objects, no background scene, no watermark, crisp edges, high detail, 1024x1024.","text, letters, watermark, logo of real brands, photorealistic person, face, hands, gradient background, perspective, multiple objects, clutter, blur"
ACT-14,ACT,RF11,Abrir Background Studio,ativo,nomesh,24,act-14-ativo-nomesh.png,"A circular app icon badge in soft 3D clay-render style, front view, centered, on a pure white background. Outer ring: a thick dark espresso-brown disc (#2A211C) with a subtly beveled rim. The dark disc is plain, no network mesh, no nodes. Behind the mesh, a vibrant orange halo (#F57C1F) surrounds a smooth matte cream medallion (#F5EBD7) in the center. On the medallion: a painter's palette whose paint wells are small fabric swatches, rendered as a single chunky matte-black object (#1E1B18) with rounded edges, soft studio lighting from the top-left, a short soft shadow on the cream medallion. With accent details in bright orange (#F57C1F): an orange swatch. No text, no letters, no numbers anywhere. Flat composition, no perspective tilt, no extra objects, no background scene, no watermark, crisp edges, high detail, 1024x1024.","text, letters, watermark, logo of real brands, photorealistic person, face, hands, gradient background, perspective, multiple objects, clutter, blur"
ACT-15,ACT,RF11,Gerar fundo com IA,normal,full,"512,96",act-15-normal.png,"A circular app icon badge in soft 3D clay-render style, front view, centered, on a pure white background. Outer ring: a thick dark espresso-brown disc (#2A211C) with a subtly beveled rim. On the disc: a network mesh of thin cream-colored threads forming triangles, connecting round glossy nodes in yellow, orange, green, blue and brown, larger nodes near the outer edge, smaller near the center. Behind the mesh, a vibrant orange halo (#F57C1F) surrounds a smooth matte cream medallion (#F5EBD7) in the center. On the medallion: a small framed landscape canvas with a sparkle in its corner, rendered as a single chunky matte-black object (#1E1B18) with rounded edges, soft studio lighting from the top-left, a short soft shadow on the cream medallion. No text, no letters, no numbers anywhere. Flat composition, no perspective tilt, no extra objects, no background scene, no watermark, crisp edges, high detail, 1024x1024.","text, letters, watermark, logo of real brands, photorealistic person, face, hands, gradient background, perspective, multiple objects, clutter, blur"
ACT-15,ACT,RF11,Gerar fundo com IA,normal,halfmesh,48,act-15-normal-halfmesh.png,"A circular app icon badge in soft 3D clay-render style, front view, centered, on a pure white background. Outer ring: a thick dark espresso-brown disc (#2A211C) with a subtly beveled rim. On the disc: a sparse network mesh of thin cream-colored threads with half the usual number of round glossy nodes in yellow, orange, green, blue and brown, larger nodes near the outer edge. Behind the mesh, a vibrant orange halo (#F57C1F) surrounds a smooth matte cream medallion (#F5EBD7) in the center. On the medallion: a small framed landscape canvas with a sparkle in its corner, rendered as a single chunky matte-black object (#1E1B18) with rounded edges, soft studio lighting from the top-left, a short soft shadow on the cream medallion. No text, no letters, no numbers anywhere. Flat composition, no perspective tilt, no extra objects, no background scene, no watermark, crisp edges, high detail, 1024x1024.","text, letters, watermark, logo of real brands, photorealistic person, face, hands, gradient background, perspective, multiple objects, clutter, blur"
ACT-15,ACT,RF11,Gerar fundo com IA,normal,nomesh,24,act-15-normal-nomesh.png,"A circular app icon badge in soft 3D clay-render style, front view, centered, on a pure white background. Outer ring: a thick dark espresso-brown disc (#2A211C) with a subtly beveled rim. The dark disc is plain, no network mesh, no nodes. Behind the mesh, a vibrant orange halo (#F57C1F) surrounds a smooth matte cream medallion (#F5EBD7) in the center. On the medallion: a small framed landscape canvas with a sparkle in its corner, rendered as a single chunky matte-black object (#1E1B18) with rounded edges, soft studio lighting from the top-left, a short soft shadow on the cream medallion. No text, no letters, no numbers anywhere. Flat composition, no perspective tilt, no extra objects, no background scene, no watermark, crisp edges, high detail, 1024x1024.","text, letters, watermark, logo of real brands, photorealistic person, face, hands, gradient background, perspective, multiple objects, clutter, blur"
ACT-15,ACT,RF11,Gerar fundo com IA,ativo,full,"512,96",act-15-ativo.png,"A circular app icon badge in soft 3D clay-render style, front view, centered, on a pure white background. Outer ring: a thick dark espresso-brown disc (#2A211C) with a subtly beveled rim. On the disc: a network mesh of thin cream-colored threads forming triangles, connecting round glossy nodes in yellow, orange, green, blue and brown, larger nodes near the outer edge, smaller near the center. Behind the mesh, a vibrant orange halo (#F57C1F) surrounds a smooth matte cream medallion (#F5EBD7) in the center. On the medallion: a small framed landscape canvas with a sparkle in its corner, rendered as a single chunky matte-black object (#1E1B18) with rounded edges, soft studio lighting from the top-left, a short soft shadow on the cream medallion. With accent details in bright orange (#F57C1F): an orange sparkle. No text, no letters, no numbers anywhere. Flat composition, no perspective tilt, no extra objects, no background scene, no watermark, crisp edges, high detail, 1024x1024.","text, letters, watermark, logo of real brands, photorealistic person, face, hands, gradient background, perspective, multiple objects, clutter, blur"
ACT-15,ACT,RF11,Gerar fundo com IA,ativo,halfmesh,48,act-15-ativo-halfmesh.png,"A circular app icon badge in soft 3D clay-render style, front view, centered, on a pure white background. Outer ring: a thick dark espresso-brown disc (#2A211C) with a subtly beveled rim. On the disc: a sparse network mesh of thin cream-colored threads with half the usual number of round glossy nodes in yellow, orange, green, blue and brown, larger nodes near the outer edge. Behind the mesh, a vibrant orange halo (#F57C1F) surrounds a smooth matte cream medallion (#F5EBD7) in the center. On the medallion: a small framed landscape canvas with a sparkle in its corner, rendered as a single chunky matte-black object (#1E1B18) with rounded edges, soft studio lighting from the top-left, a short soft shadow on the cream medallion. With accent details in bright orange (#F57C1F): an orange sparkle. No text, no letters, no numbers anywhere. Flat composition, no perspective tilt, no extra objects, no background scene, no watermark, crisp edges, high detail, 1024x1024.","text, letters, watermark, logo of real brands, photorealistic person, face, hands, gradient background, perspective, multiple objects, clutter, blur"
ACT-15,ACT,RF11,Gerar fundo com IA,ativo,nomesh,24,act-15-ativo-nomesh.png,"A circular app icon badge in soft 3D clay-render style, front view, centered, on a pure white background. Outer ring: a thick dark espresso-brown disc (#2A211C) with a subtly beveled rim. The dark disc is plain, no network mesh, no nodes. Behind the mesh, a vibrant orange halo (#F57C1F) surrounds a smooth matte cream medallion (#F5EBD7) in the center. On the medallion: a small framed landscape canvas with a sparkle in its corner, rendered as a single chunky matte-black object (#1E1B18) with rounded edges, soft studio lighting from the top-left, a short soft shadow on the cream medallion. With accent details in bright orange (#F57C1F): an orange sparkle. No text, no letters, no numbers anywhere. Flat composition, no perspective tilt, no extra objects, no background scene, no watermark, crisp edges, high detail, 1024x1024.","text, letters, watermark, logo of real brands, photorealistic person, face, hands, gradient background, perspective, multiple objects, clutter, blur"
ACT-16,ACT,RF11,Enviar imagem de fundo,normal,full,"512,96",act-16-normal.png,"A circular app icon badge in soft 3D clay-render style, front view, centered, on a pure white background. Outer ring: a thick dark espresso-brown disc (#2A211C) with a subtly beveled rim. On the disc: a network mesh of thin cream-colored threads forming triangles, connecting round glossy nodes in yellow, orange, green, blue and brown, larger nodes near the outer edge, smaller near the center. Behind the mesh, a vibrant orange halo (#F57C1F) surrounds a smooth matte cream medallion (#F5EBD7) in the center. On the medallion: a picture frame with an upward arrow above it, rendered as a single chunky matte-black object (#1E1B18) with rounded edges, soft studio lighting from the top-left, a short soft shadow on the cream medallion. No text, no letters, no numbers anywhere. Flat composition, no perspective tilt, no extra objects, no background scene, no watermark, crisp edges, high detail, 1024x1024.","text, letters, watermark, logo of real brands, photorealistic person, face, hands, gradient background, perspective, multiple objects, clutter, blur"
ACT-16,ACT,RF11,Enviar imagem de fundo,normal,halfmesh,48,act-16-normal-halfmesh.png,"A circular app icon badge in soft 3D clay-render style, front view, centered, on a pure white background. Outer ring: a thick dark espresso-brown disc (#2A211C) with a subtly beveled rim. On the disc: a sparse network mesh of thin cream-colored threads with half the usual number of round glossy nodes in yellow, orange, green, blue and brown, larger nodes near the outer edge. Behind the mesh, a vibrant orange halo (#F57C1F) surrounds a smooth matte cream medallion (#F5EBD7) in the center. On the medallion: a picture frame with an upward arrow above it, rendered as a single chunky matte-black object (#1E1B18) with rounded edges, soft studio lighting from the top-left, a short soft shadow on the cream medallion. No text, no letters, no numbers anywhere. Flat composition, no perspective tilt, no extra objects, no background scene, no watermark, crisp edges, high detail, 1024x1024.","text, letters, watermark, logo of real brands, photorealistic person, face, hands, gradient background, perspective, multiple objects, clutter, blur"
ACT-16,ACT,RF11,Enviar imagem de fundo,normal,nomesh,24,act-16-normal-nomesh.png,"A circular app icon badge in soft 3D clay-render style, front view, centered, on a pure white background. Outer ring: a thick dark espresso-brown disc (#2A211C) with a subtly beveled rim. The dark disc is plain, no network mesh, no nodes. Behind the mesh, a vibrant orange halo (#F57C1F) surrounds a smooth matte cream medallion (#F5EBD7) in the center. On the medallion: a picture frame with an upward arrow above it, rendered as a single chunky matte-black object (#1E1B18) with rounded edges, soft studio lighting from the top-left, a short soft shadow on the cream medallion. No text, no letters, no numbers anywhere. Flat composition, no perspective tilt, no extra objects, no background scene, no watermark, crisp edges, high detail, 1024x1024.","text, letters, watermark, logo of real brands, photorealistic person, face, hands, gradient background, perspective, multiple objects, clutter, blur"
ACT-16,ACT,RF11,Enviar imagem de fundo,ativo,full,"512,96",act-16-ativo.png,"A circular app icon badge in soft 3D clay-render style, front view, centered, on a pure white background. Outer ring: a thick dark espresso-brown disc (#2A211C) with a subtly beveled rim. On the disc: a network mesh of thin cream-colored threads forming triangles, connecting round glossy nodes in yellow, orange, green, blue and brown, larger nodes near the outer edge, smaller near the center. Behind the mesh, a vibrant orange halo (#F57C1F) surrounds a smooth matte cream medallion (#F5EBD7) in the center. On the medallion: a picture frame with an upward arrow above it, rendered as a single chunky matte-black object (#1E1B18) with rounded edges, soft studio lighting from the top-left, a short soft shadow on the cream medallion. With accent details in bright orange (#F57C1F): an orange arrow. No text, no letters, no numbers anywhere. Flat composition, no perspective tilt, no extra objects, no background scene, no watermark, crisp edges, high detail, 1024x1024.","text, letters, watermark, logo of real brands, photorealistic person, face, hands, gradient background, perspective, multiple objects, clutter, blur"
ACT-16,ACT,RF11,Enviar imagem de fundo,ativo,halfmesh,48,act-16-ativo-halfmesh.png,"A circular app icon badge in soft 3D clay-render style, front view, centered, on a pure white background. Outer ring: a thick dark espresso-brown disc (#2A211C) with a subtly beveled rim. On the disc: a sparse network mesh of thin cream-colored threads with half the usual number of round glossy nodes in yellow, orange, green, blue and brown, larger nodes near the outer edge. Behind the mesh, a vibrant orange halo (#F57C1F) surrounds a smooth matte cream medallion (#F5EBD7) in the center. On the medallion: a picture frame with an upward arrow above it, rendered as a single chunky matte-black object (#1E1B18) with rounded edges, soft studio lighting from the top-left, a short soft shadow on the cream medallion. With accent details in bright orange (#F57C1F): an orange arrow. No text, no letters, no numbers anywhere. Flat composition, no perspective tilt, no extra objects, no background scene, no watermark, crisp edges, high detail, 1024x1024.","text, letters, watermark, logo of real brands, photorealistic person, face, hands, gradient background, perspective, multiple objects, clutter, blur"
ACT-16,ACT,RF11,Enviar imagem de fundo,ativo,nomesh,24,act-16-ativo-nomesh.png,"A circular app icon badge in soft 3D clay-render style, front view, centered, on a pure white background. Outer ring: a thick dark espresso-brown disc (#2A211C) with a subtly beveled rim. The dark disc is plain, no network mesh, no nodes. Behind the mesh, a vibrant orange halo (#F57C1F) surrounds a smooth matte cream medallion (#F5EBD7) in the center. On the medallion: a picture frame with an upward arrow above it, rendered as a single chunky matte-black object (#1E1B18) with rounded edges, soft studio lighting from the top-left, a short soft shadow on the cream medallion. With accent details in bright orange (#F57C1F): an orange arrow. No text, no letters, no numbers anywhere. Flat composition, no perspective tilt, no extra objects, no background scene, no watermark, crisp edges, high detail, 1024x1024.","text, letters, watermark, logo of real brands, photorealistic person, face, hands, gradient background, perspective, multiple objects, clutter, blur"
ACT-17,ACT,RF12,Baixar foto,normal,full,"512,96",act-17-normal.png,"A circular app icon badge in soft 3D clay-render style, front view, centered, on a pure white background. Outer ring: a thick dark espresso-brown disc (#2A211C) with a subtly beveled rim. On the disc: a network mesh of thin cream-colored threads forming triangles, connecting round glossy nodes in yellow, orange, green, blue and brown, larger nodes near the outer edge, smaller near the center. Behind the mesh, a vibrant orange halo (#F57C1F) surrounds a smooth matte cream medallion (#F5EBD7) in the center. On the medallion: a photo print sliding down into an open shopping bag, rendered as a single chunky matte-black object (#1E1B18) with rounded edges, soft studio lighting from the top-left, a short soft shadow on the cream medallion. No text, no letters, no numbers anywhere. Flat composition, no perspective tilt, no extra objects, no background scene, no watermark, crisp edges, high detail, 1024x1024.","text, letters, watermark, logo of real brands, photorealistic person, face, hands, gradient background, perspective, multiple objects, clutter, blur"
ACT-17,ACT,RF12,Baixar foto,normal,halfmesh,48,act-17-normal-halfmesh.png,"A circular app icon badge in soft 3D clay-render style, front view, centered, on a pure white background. Outer ring: a thick dark espresso-brown disc (#2A211C) with a subtly beveled rim. On the disc: a sparse network mesh of thin cream-colored threads with half the usual number of round glossy nodes in yellow, orange, green, blue and brown, larger nodes near the outer edge. Behind the mesh, a vibrant orange halo (#F57C1F) surrounds a smooth matte cream medallion (#F5EBD7) in the center. On the medallion: a photo print sliding down into an open shopping bag, rendered as a single chunky matte-black object (#1E1B18) with rounded edges, soft studio lighting from the top-left, a short soft shadow on the cream medallion. No text, no letters, no numbers anywhere. Flat composition, no perspective tilt, no extra objects, no background scene, no watermark, crisp edges, high detail, 1024x1024.","text, letters, watermark, logo of real brands, photorealistic person, face, hands, gradient background, perspective, multiple objects, clutter, blur"
ACT-17,ACT,RF12,Baixar foto,normal,nomesh,24,act-17-normal-nomesh.png,"A circular app icon badge in soft 3D clay-render style, front view, centered, on a pure white background. Outer ring: a thick dark espresso-brown disc (#2A211C) with a subtly beveled rim. The dark disc is plain, no network mesh, no nodes. Behind the mesh, a vibrant orange halo (#F57C1F) surrounds a smooth matte cream medallion (#F5EBD7) in the center. On the medallion: a photo print sliding down into an open shopping bag, rendered as a single chunky matte-black object (#1E1B18) with rounded edges, soft studio lighting from the top-left, a short soft shadow on the cream medallion. No text, no letters, no numbers anywhere. Flat composition, no perspective tilt, no extra objects, no background scene, no watermark, crisp edges, high detail, 1024x1024.","text, letters, watermark, logo of real brands, photorealistic person, face, hands, gradient background, perspective, multiple objects, clutter, blur"
ACT-18,ACT,RF12,Excluir em lote,normal,full,"512,96",act-18-normal.png,"A circular app icon badge in soft 3D clay-render style, front view, centered, on a pure white background. Outer ring: a thick dark espresso-brown disc (#2A211C) with a subtly beveled rim. On the disc: a network mesh of thin cream-colored threads forming triangles, connecting round glossy nodes in yellow, orange, green, blue and brown, larger nodes near the outer edge, smaller near the center. Behind the mesh, a vibrant orange halo (#F57C1F) surrounds a smooth matte cream medallion (#F5EBD7) in the center. On the medallion: a stack of three photo prints with tailor's scissors across them, rendered as a single chunky matte-black object (#1E1B18) with rounded edges, soft studio lighting from the top-left, a short soft shadow on the cream medallion. No text, no letters, no numbers anywhere. Flat composition, no perspective tilt, no extra objects, no background scene, no watermark, crisp edges, high detail, 1024x1024.","text, letters, watermark, logo of real brands, photorealistic person, face, hands, gradient background, perspective, multiple objects, clutter, blur"
ACT-18,ACT,RF12,Excluir em lote,normal,halfmesh,48,act-18-normal-halfmesh.png,"A circular app icon badge in soft 3D clay-render style, front view, centered, on a pure white background. Outer ring: a thick dark espresso-brown disc (#2A211C) with a subtly beveled rim. On the disc: a sparse network mesh of thin cream-colored threads with half the usual number of round glossy nodes in yellow, orange, green, blue and brown, larger nodes near the outer edge. Behind the mesh, a vibrant orange halo (#F57C1F) surrounds a smooth matte cream medallion (#F5EBD7) in the center. On the medallion: a stack of three photo prints with tailor's scissors across them, rendered as a single chunky matte-black object (#1E1B18) with rounded edges, soft studio lighting from the top-left, a short soft shadow on the cream medallion. No text, no letters, no numbers anywhere. Flat composition, no perspective tilt, no extra objects, no background scene, no watermark, crisp edges, high detail, 1024x1024.","text, letters, watermark, logo of real brands, photorealistic person, face, hands, gradient background, perspective, multiple objects, clutter, blur"
ACT-18,ACT,RF12,Excluir em lote,normal,nomesh,24,act-18-normal-nomesh.png,"A circular app icon badge in soft 3D clay-render style, front view, centered, on a pure white background. Outer ring: a thick dark espresso-brown disc (#2A211C) with a subtly beveled rim. The dark disc is plain, no network mesh, no nodes. Behind the mesh, a vibrant orange halo (#F57C1F) surrounds a smooth matte cream medallion (#F5EBD7) in the center. On the medallion: a stack of three photo prints with tailor's scissors across them, rendered as a single chunky matte-black object (#1E1B18) with rounded edges, soft studio lighting from the top-left, a short soft shadow on the cream medallion. No text, no letters, no numbers anywhere. Flat composition, no perspective tilt, no extra objects, no background scene, no watermark, crisp edges, high detail, 1024x1024.","text, letters, watermark, logo of real brands, photorealistic person, face, hands, gradient background, perspective, multiple objects, clutter, blur"
ACT-18,ACT,RF12,Excluir em lote,ativo,full,"512,96",act-18-ativo.png,"A circular app icon badge in soft 3D clay-render style, front view, centered, on a pure white background. Outer ring: a thick dark espresso-brown disc (#2A211C) with a subtly beveled rim. On the disc: a network mesh of thin cream-colored threads forming triangles, connecting round glossy nodes in yellow, orange, green, blue and brown, larger nodes near the outer edge, smaller near the center. Behind the mesh, a vibrant orange halo (#F57C1F) surrounds a smooth matte cream medallion (#F5EBD7) in the center. On the medallion: a stack of three photo prints with tailor's scissors across them, rendered as a single chunky matte-black object (#1E1B18) with rounded edges, soft studio lighting from the top-left, a short soft shadow on the cream medallion. With accent details in bright orange (#F57C1F): orange scissor handles. No text, no letters, no numbers anywhere. Flat composition, no perspective tilt, no extra objects, no background scene, no watermark, crisp edges, high detail, 1024x1024.","text, letters, watermark, logo of real brands, photorealistic person, face, hands, gradient background, perspective, multiple objects, clutter, blur"
ACT-18,ACT,RF12,Excluir em lote,ativo,halfmesh,48,act-18-ativo-halfmesh.png,"A circular app icon badge in soft 3D clay-render style, front view, centered, on a pure white background. Outer ring: a thick dark espresso-brown disc (#2A211C) with a subtly beveled rim. On the disc: a sparse network mesh of thin cream-colored threads with half the usual number of round glossy nodes in yellow, orange, green, blue and brown, larger nodes near the outer edge. Behind the mesh, a vibrant orange halo (#F57C1F) surrounds a smooth matte cream medallion (#F5EBD7) in the center. On the medallion: a stack of three photo prints with tailor's scissors across them, rendered as a single chunky matte-black object (#1E1B18) with rounded edges, soft studio lighting from the top-left, a short soft shadow on the cream medallion. With accent details in bright orange (#F57C1F): orange scissor handles. No text, no letters, no numbers anywhere. Flat composition, no perspective tilt, no extra objects, no background scene, no watermark, crisp edges, high detail, 1024x1024.","text, letters, watermark, logo of real brands, photorealistic person, face, hands, gradient background, perspective, multiple objects, clutter, blur"
ACT-18,ACT,RF12,Excluir em lote,ativo,nomesh,24,act-18-ativo-nomesh.png,"A circular app icon badge in soft 3D clay-render style, front view, centered, on a pure white background. Outer ring: a thick dark espresso-brown disc (#2A211C) with a subtly beveled rim. The dark disc is plain, no network mesh, no nodes. Behind the mesh, a vibrant orange halo (#F57C1F) surrounds a smooth matte cream medallion (#F5EBD7) in the center. On the medallion: a stack of three photo prints with tailor's scissors across them, rendered as a single chunky matte-black object (#1E1B18) with rounded edges, soft studio lighting from the top-left, a short soft shadow on the cream medallion. With accent details in bright orange (#F57C1F): orange scissor handles. No text, no letters, no numbers anywhere. Flat composition, no perspective tilt, no extra objects, no background scene, no watermark, crisp edges, high detail, 1024x1024.","text, letters, watermark, logo of real brands, photorealistic person, face, hands, gradient background, perspective, multiple objects, clutter, blur"
ACT-19,ACT,RF13,Abrir DNA de Estilo,normal,full,"512,96",act-19-normal.png,"A circular app icon badge in soft 3D clay-render style, front view, centered, on a pure white background. Outer ring: a thick dark espresso-brown disc (#2A211C) with a subtly beveled rim. On the disc: a network mesh of thin cream-colored threads forming triangles, connecting round glossy nodes in yellow, orange, green, blue and brown, larger nodes near the outer edge, smaller near the center. Behind the mesh, a vibrant orange halo (#F57C1F) surrounds a smooth matte cream medallion (#F5EBD7) in the center. On the medallion: a double helix made of two twisted threads with small buttons as the rungs, rendered as a single chunky matte-black object (#1E1B18) with rounded edges, soft studio lighting from the top-left, a short soft shadow on the cream medallion. No text, no letters, no numbers anywhere. Flat composition, no perspective tilt, no extra objects, no background scene, no watermark, crisp edges, high detail, 1024x1024.","text, letters, watermark, logo of real brands, photorealistic person, face, hands, gradient background, perspective, multiple objects, clutter, blur"
ACT-19,ACT,RF13,Abrir DNA de Estilo,normal,halfmesh,48,act-19-normal-halfmesh.png,"A circular app icon badge in soft 3D clay-render style, front view, centered, on a pure white background. Outer ring: a thick dark espresso-brown disc (#2A211C) with a subtly beveled rim. On the disc: a sparse network mesh of thin cream-colored threads with half the usual number of round glossy nodes in yellow, orange, green, blue and brown, larger nodes near the outer edge. Behind the mesh, a vibrant orange halo (#F57C1F) surrounds a smooth matte cream medallion (#F5EBD7) in the center. On the medallion: a double helix made of two twisted threads with small buttons as the rungs, rendered as a single chunky matte-black object (#1E1B18) with rounded edges, soft studio lighting from the top-left, a short soft shadow on the cream medallion. No text, no letters, no numbers anywhere. Flat composition, no perspective tilt, no extra objects, no background scene, no watermark, crisp edges, high detail, 1024x1024.","text, letters, watermark, logo of real brands, photorealistic person, face, hands, gradient background, perspective, multiple objects, clutter, blur"
ACT-19,ACT,RF13,Abrir DNA de Estilo,normal,nomesh,24,act-19-normal-nomesh.png,"A circular app icon badge in soft 3D clay-render style, front view, centered, on a pure white background. Outer ring: a thick dark espresso-brown disc (#2A211C) with a subtly beveled rim. The dark disc is plain, no network mesh, no nodes. Behind the mesh, a vibrant orange halo (#F57C1F) surrounds a smooth matte cream medallion (#F5EBD7) in the center. On the medallion: a double helix made of two twisted threads with small buttons as the rungs, rendered as a single chunky matte-black object (#1E1B18) with rounded edges, soft studio lighting from the top-left, a short soft shadow on the cream medallion. No text, no letters, no numbers anywhere. Flat composition, no perspective tilt, no extra objects, no background scene, no watermark, crisp edges, high detail, 1024x1024.","text, letters, watermark, logo of real brands, photorealistic person, face, hands, gradient background, perspective, multiple objects, clutter, blur"
ACT-19,ACT,RF13,Abrir DNA de Estilo,ativo,full,"512,96",act-19-ativo.png,"A circular app icon badge in soft 3D clay-render style, front view, centered, on a pure white background. Outer ring: a thick dark espresso-brown disc (#2A211C) with a subtly beveled rim. On the disc: a network mesh of thin cream-colored threads forming triangles, connecting round glossy nodes in yellow, orange, green, blue and brown, larger nodes near the outer edge, smaller near the center. Behind the mesh, a vibrant orange halo (#F57C1F) surrounds a smooth matte cream medallion (#F5EBD7) in the center. On the medallion: a double helix made of two twisted threads with small buttons as the rungs, rendered as a single chunky matte-black object (#1E1B18) with rounded edges, soft studio lighting from the top-left, a short soft shadow on the cream medallion. With accent details in bright orange (#F57C1F): orange buttons. No text, no letters, no numbers anywhere. Flat composition, no perspective tilt, no extra objects, no background scene, no watermark, crisp edges, high detail, 1024x1024.","text, letters, watermark, logo of real brands, photorealistic person, face, hands, gradient background, perspective, multiple objects, clutter, blur"
ACT-19,ACT,RF13,Abrir DNA de Estilo,ativo,halfmesh,48,act-19-ativo-halfmesh.png,"A circular app icon badge in soft 3D clay-render style, front view, centered, on a pure white background. Outer ring: a thick dark espresso-brown disc (#2A211C) with a subtly beveled rim. On the disc: a sparse network mesh of thin cream-colored threads with half the usual number of round glossy nodes in yellow, orange, green, blue and brown, larger nodes near the outer edge. Behind the mesh, a vibrant orange halo (#F57C1F) surrounds a smooth matte cream medallion (#F5EBD7) in the center. On the medallion: a double helix made of two twisted threads with small buttons as the rungs, rendered as a single chunky matte-black object (#1E1B18) with rounded edges, soft studio lighting from the top-left, a short soft shadow on the cream medallion. With accent details in bright orange (#F57C1F): orange buttons. No text, no letters, no numbers anywhere. Flat composition, no perspective tilt, no extra objects, no background scene, no watermark, crisp edges, high detail, 1024x1024.","text, letters, watermark, logo of real brands, photorealistic person, face, hands, gradient background, perspective, multiple objects, clutter, blur"
ACT-19,ACT,RF13,Abrir DNA de Estilo,ativo,nomesh,24,act-19-ativo-nomesh.png,"A circular app icon badge in soft 3D clay-render style, front view, centered, on a pure white background. Outer ring: a thick dark espresso-brown disc (#2A211C) with a subtly beveled rim. The dark disc is plain, no network mesh, no nodes. Behind the mesh, a vibrant orange halo (#F57C1F) surrounds a smooth matte cream medallion (#F5EBD7) in the center. On the medallion: a double helix made of two twisted threads with small buttons as the rungs, rendered as a single chunky matte-black object (#1E1B18) with rounded edges, soft studio lighting from the top-left, a short soft shadow on the cream medallion. With accent details in bright orange (#F57C1F): orange buttons. No text, no letters, no numbers anywhere. Flat composition, no perspective tilt, no extra objects, no background scene, no watermark, crisp edges, high detail, 1024x1024.","text, letters, watermark, logo of real brands, photorealistic person, face, hands, gradient background, perspective, multiple objects, clutter, blur"
ACT-20,ACT,RF16,Gerar 3D,normal,full,"512,96",act-20-normal.png,"A circular app icon badge in soft 3D clay-render style, front view, centered, on a pure white background. Outer ring: a thick dark espresso-brown disc (#2A211C) with a subtly beveled rim. On the disc: a network mesh of thin cream-colored threads forming triangles, connecting round glossy nodes in yellow, orange, green, blue and brown, larger nodes near the outer edge, smaller near the center. Behind the mesh, a vibrant orange halo (#F57C1F) surrounds a smooth matte cream medallion (#F5EBD7) in the center. On the medallion: a wireframe cube with a small t-shirt inside it, rendered as a single chunky matte-black object (#1E1B18) with rounded edges, soft studio lighting from the top-left, a short soft shadow on the cream medallion. No text, no letters, no numbers anywhere. Flat composition, no perspective tilt, no extra objects, no background scene, no watermark, crisp edges, high detail, 1024x1024.","text, letters, watermark, logo of real brands, photorealistic person, face, hands, gradient background, perspective, multiple objects, clutter, blur"
ACT-20,ACT,RF16,Gerar 3D,normal,halfmesh,48,act-20-normal-halfmesh.png,"A circular app icon badge in soft 3D clay-render style, front view, centered, on a pure white background. Outer ring: a thick dark espresso-brown disc (#2A211C) with a subtly beveled rim. On the disc: a sparse network mesh of thin cream-colored threads with half the usual number of round glossy nodes in yellow, orange, green, blue and brown, larger nodes near the outer edge. Behind the mesh, a vibrant orange halo (#F57C1F) surrounds a smooth matte cream medallion (#F5EBD7) in the center. On the medallion: a wireframe cube with a small t-shirt inside it, rendered as a single chunky matte-black object (#1E1B18) with rounded edges, soft studio lighting from the top-left, a short soft shadow on the cream medallion. No text, no letters, no numbers anywhere. Flat composition, no perspective tilt, no extra objects, no background scene, no watermark, crisp edges, high detail, 1024x1024.","text, letters, watermark, logo of real brands, photorealistic person, face, hands, gradient background, perspective, multiple objects, clutter, blur"
ACT-20,ACT,RF16,Gerar 3D,normal,nomesh,24,act-20-normal-nomesh.png,"A circular app icon badge in soft 3D clay-render style, front view, centered, on a pure white background. Outer ring: a thick dark espresso-brown disc (#2A211C) with a subtly beveled rim. The dark disc is plain, no network mesh, no nodes. Behind the mesh, a vibrant orange halo (#F57C1F) surrounds a smooth matte cream medallion (#F5EBD7) in the center. On the medallion: a wireframe cube with a small t-shirt inside it, rendered as a single chunky matte-black object (#1E1B18) with rounded edges, soft studio lighting from the top-left, a short soft shadow on the cream medallion. No text, no letters, no numbers anywhere. Flat composition, no perspective tilt, no extra objects, no background scene, no watermark, crisp edges, high detail, 1024x1024.","text, letters, watermark, logo of real brands, photorealistic person, face, hands, gradient background, perspective, multiple objects, clutter, blur"
ACT-20,ACT,RF16,Gerar 3D,ativo,full,"512,96",act-20-ativo.png,"A circular app icon badge in soft 3D clay-render style, front view, centered, on a pure white background. Outer ring: a thick dark espresso-brown disc (#2A211C) with a subtly beveled rim. On the disc: a network mesh of thin cream-colored threads forming triangles, connecting round glossy nodes in yellow, orange, green, blue and brown, larger nodes near the outer edge, smaller near the center. Behind the mesh, a vibrant orange halo (#F57C1F) surrounds a smooth matte cream medallion (#F5EBD7) in the center. On the medallion: a wireframe cube with a small t-shirt inside it, rendered as a single chunky matte-black object (#1E1B18) with rounded edges, soft studio lighting from the top-left, a short soft shadow on the cream medallion. With accent details in bright orange (#F57C1F): an orange t-shirt. No text, no letters, no numbers anywhere. Flat composition, no perspective tilt, no extra objects, no background scene, no watermark, crisp edges, high detail, 1024x1024.","text, letters, watermark, logo of real brands, photorealistic person, face, hands, gradient background, perspective, multiple objects, clutter, blur"
ACT-20,ACT,RF16,Gerar 3D,ativo,halfmesh,48,act-20-ativo-halfmesh.png,"A circular app icon badge in soft 3D clay-render style, front view, centered, on a pure white background. Outer ring: a thick dark espresso-brown disc (#2A211C) with a subtly beveled rim. On the disc: a sparse network mesh of thin cream-colored threads with half the usual number of round glossy nodes in yellow, orange, green, blue and brown, larger nodes near the outer edge. Behind the mesh, a vibrant orange halo (#F57C1F) surrounds a smooth matte cream medallion (#F5EBD7) in the center. On the medallion: a wireframe cube with a small t-shirt inside it, rendered as a single chunky matte-black object (#1E1B18) with rounded edges, soft studio lighting from the top-left, a short soft shadow on the cream medallion. With accent details in bright orange (#F57C1F): an orange t-shirt. No text, no letters, no numbers anywhere. Flat composition, no perspective tilt, no extra objects, no background scene, no watermark, crisp edges, high detail, 1024x1024.","text, letters, watermark, logo of real brands, photorealistic person, face, hands, gradient background, perspective, multiple objects, clutter, blur"
ACT-20,ACT,RF16,Gerar 3D,ativo,nomesh,24,act-20-ativo-nomesh.png,"A circular app icon badge in soft 3D clay-render style, front view, centered, on a pure white background. Outer ring: a thick dark espresso-brown disc (#2A211C) with a subtly beveled rim. The dark disc is plain, no network mesh, no nodes. Behind the mesh, a vibrant orange halo (#F57C1F) surrounds a smooth matte cream medallion (#F5EBD7) in the center. On the medallion: a wireframe cube with a small t-shirt inside it, rendered as a single chunky matte-black object (#1E1B18) with rounded edges, soft studio lighting from the top-left, a short soft shadow on the cream medallion. With accent details in bright orange (#F57C1F): an orange t-shirt. No text, no letters, no numbers anywhere. Flat composition, no perspective tilt, no extra objects, no background scene, no watermark, crisp edges, high detail, 1024x1024.","text, letters, watermark, logo of real brands, photorealistic person, face, hands, gradient background, perspective, multiple objects, clutter, blur"
ACT-21,ACT,RF16,Reprocessar 3D,normal,full,"512,96",act-21-normal.png,"A circular app icon badge in soft 3D clay-render style, front view, centered, on a pure white background. Outer ring: a thick dark espresso-brown disc (#2A211C) with a subtly beveled rim. On the disc: a network mesh of thin cream-colored threads forming triangles, connecting round glossy nodes in yellow, orange, green, blue and brown, larger nodes near the outer edge, smaller near the center. Behind the mesh, a vibrant orange halo (#F57C1F) surrounds a smooth matte cream medallion (#F5EBD7) in the center. On the medallion: a wireframe cube with a circular arrow around it, rendered as a single chunky matte-black object (#1E1B18) with rounded edges, soft studio lighting from the top-left, a short soft shadow on the cream medallion. No text, no letters, no numbers anywhere. Flat composition, no perspective tilt, no extra objects, no background scene, no watermark, crisp edges, high detail, 1024x1024.","text, letters, watermark, logo of real brands, photorealistic person, face, hands, gradient background, perspective, multiple objects, clutter, blur"
ACT-21,ACT,RF16,Reprocessar 3D,normal,halfmesh,48,act-21-normal-halfmesh.png,"A circular app icon badge in soft 3D clay-render style, front view, centered, on a pure white background. Outer ring: a thick dark espresso-brown disc (#2A211C) with a subtly beveled rim. On the disc: a sparse network mesh of thin cream-colored threads with half the usual number of round glossy nodes in yellow, orange, green, blue and brown, larger nodes near the outer edge. Behind the mesh, a vibrant orange halo (#F57C1F) surrounds a smooth matte cream medallion (#F5EBD7) in the center. On the medallion: a wireframe cube with a circular arrow around it, rendered as a single chunky matte-black object (#1E1B18) with rounded edges, soft studio lighting from the top-left, a short soft shadow on the cream medallion. No text, no letters, no numbers anywhere. Flat composition, no perspective tilt, no extra objects, no background scene, no watermark, crisp edges, high detail, 1024x1024.","text, letters, watermark, logo of real brands, photorealistic person, face, hands, gradient background, perspective, multiple objects, clutter, blur"
ACT-21,ACT,RF16,Reprocessar 3D,normal,nomesh,24,act-21-normal-nomesh.png,"A circular app icon badge in soft 3D clay-render style, front view, centered, on a pure white background. Outer ring: a thick dark espresso-brown disc (#2A211C) with a subtly beveled rim. The dark disc is plain, no network mesh, no nodes. Behind the mesh, a vibrant orange halo (#F57C1F) surrounds a smooth matte cream medallion (#F5EBD7) in the center. On the medallion: a wireframe cube with a circular arrow around it, rendered as a single chunky matte-black object (#1E1B18) with rounded edges, soft studio lighting from the top-left, a short soft shadow on the cream medallion. No text, no letters, no numbers anywhere. Flat composition, no perspective tilt, no extra objects, no background scene, no watermark, crisp edges, high detail, 1024x1024.","text, letters, watermark, logo of real brands, photorealistic person, face, hands, gradient background, perspective, multiple objects, clutter, blur"
ACT-21,ACT,RF16,Reprocessar 3D,ativo,full,"512,96",act-21-ativo.png,"A circular app icon badge in soft 3D clay-render style, front view, centered, on a pure white background. Outer ring: a thick dark espresso-brown disc (#2A211C) with a subtly beveled rim. On the disc: a network mesh of thin cream-colored threads forming triangles, connecting round glossy nodes in yellow, orange, green, blue and brown, larger nodes near the outer edge, smaller near the center. Behind the mesh, a vibrant orange halo (#F57C1F) surrounds a smooth matte cream medallion (#F5EBD7) in the center. On the medallion: a wireframe cube with a circular arrow around it, rendered as a single chunky matte-black object (#1E1B18) with rounded edges, soft studio lighting from the top-left, a short soft shadow on the cream medallion. With accent details in bright orange (#F57C1F): an orange circular arrow. No text, no letters, no numbers anywhere. Flat composition, no perspective tilt, no extra objects, no background scene, no watermark, crisp edges, high detail, 1024x1024.","text, letters, watermark, logo of real brands, photorealistic person, face, hands, gradient background, perspective, multiple objects, clutter, blur"
ACT-21,ACT,RF16,Reprocessar 3D,ativo,halfmesh,48,act-21-ativo-halfmesh.png,"A circular app icon badge in soft 3D clay-render style, front view, centered, on a pure white background. Outer ring: a thick dark espresso-brown disc (#2A211C) with a subtly beveled rim. On the disc: a sparse network mesh of thin cream-colored threads with half the usual number of round glossy nodes in yellow, orange, green, blue and brown, larger nodes near the outer edge. Behind the mesh, a vibrant orange halo (#F57C1F) surrounds a smooth matte cream medallion (#F5EBD7) in the center. On the medallion: a wireframe cube with a circular arrow around it, rendered as a single chunky matte-black object (#1E1B18) with rounded edges, soft studio lighting from the top-left, a short soft shadow on the cream medallion. With accent details in bright orange (#F57C1F): an orange circular arrow. No text, no letters, no numbers anywhere. Flat composition, no perspective tilt, no extra objects, no background scene, no watermark, crisp edges, high detail, 1024x1024.","text, letters, watermark, logo of real brands, photorealistic person, face, hands, gradient background, perspective, multiple objects, clutter, blur"
ACT-21,ACT,RF16,Reprocessar 3D,ativo,nomesh,24,act-21-ativo-nomesh.png,"A circular app icon badge in soft 3D clay-render style, front view, centered, on a pure white background. Outer ring: a thick dark espresso-brown disc (#2A211C) with a subtly beveled rim. The dark disc is plain, no network mesh, no nodes. Behind the mesh, a vibrant orange halo (#F57C1F) surrounds a smooth matte cream medallion (#F5EBD7) in the center. On the medallion: a wireframe cube with a circular arrow around it, rendered as a single chunky matte-black object (#1E1B18) with rounded edges, soft studio lighting from the top-left, a short soft shadow on the cream medallion. With accent details in bright orange (#F57C1F): an orange circular arrow. No text, no letters, no numbers anywhere. Flat composition, no perspective tilt, no extra objects, no background scene, no watermark, crisp edges, high detail, 1024x1024.","text, letters, watermark, logo of real brands, photorealistic person, face, hands, gradient background, perspective, multiple objects, clutter, blur"
ACT-22,ACT,RF18,Manequim masculino,normal,full,"512,96",act-22-normal.png,"A circular app icon badge in soft 3D clay-render style, front view, centered, on a pure white background. Outer ring: a thick dark espresso-brown disc (#2A211C) with a subtly beveled rim. On the disc: a network mesh of thin cream-colored threads forming triangles, connecting round glossy nodes in yellow, orange, green, blue and brown, larger nodes near the outer edge, smaller near the center. Behind the mesh, a vibrant orange halo (#F57C1F) surrounds a smooth matte cream medallion (#F5EBD7) in the center. On the medallion: a male tailor's dress form with broad shoulders on a stand, rendered as a single chunky matte-black object (#1E1B18) with rounded edges, soft studio lighting from the top-left, a short soft shadow on the cream medallion. No text, no letters, no numbers anywhere. Flat composition, no perspective tilt, no extra objects, no background scene, no watermark, crisp edges, high detail, 1024x1024.","text, letters, watermark, logo of real brands, photorealistic person, face, hands, gradient background, perspective, multiple objects, clutter, blur"
ACT-22,ACT,RF18,Manequim masculino,normal,halfmesh,48,act-22-normal-halfmesh.png,"A circular app icon badge in soft 3D clay-render style, front view, centered, on a pure white background. Outer ring: a thick dark espresso-brown disc (#2A211C) with a subtly beveled rim. On the disc: a sparse network mesh of thin cream-colored threads with half the usual number of round glossy nodes in yellow, orange, green, blue and brown, larger nodes near the outer edge. Behind the mesh, a vibrant orange halo (#F57C1F) surrounds a smooth matte cream medallion (#F5EBD7) in the center. On the medallion: a male tailor's dress form with broad shoulders on a stand, rendered as a single chunky matte-black object (#1E1B18) with rounded edges, soft studio lighting from the top-left, a short soft shadow on the cream medallion. No text, no letters, no numbers anywhere. Flat composition, no perspective tilt, no extra objects, no background scene, no watermark, crisp edges, high detail, 1024x1024.","text, letters, watermark, logo of real brands, photorealistic person, face, hands, gradient background, perspective, multiple objects, clutter, blur"
ACT-22,ACT,RF18,Manequim masculino,normal,nomesh,24,act-22-normal-nomesh.png,"A circular app icon badge in soft 3D clay-render style, front view, centered, on a pure white background. Outer ring: a thick dark espresso-brown disc (#2A211C) with a subtly beveled rim. The dark disc is plain, no network mesh, no nodes. Behind the mesh, a vibrant orange halo (#F57C1F) surrounds a smooth matte cream medallion (#F5EBD7) in the center. On the medallion: a male tailor's dress form with broad shoulders on a stand, rendered as a single chunky matte-black object (#1E1B18) with rounded edges, soft studio lighting from the top-left, a short soft shadow on the cream medallion. No text, no letters, no numbers anywhere. Flat composition, no perspective tilt, no extra objects, no background scene, no watermark, crisp edges, high detail, 1024x1024.","text, letters, watermark, logo of real brands, photorealistic person, face, hands, gradient background, perspective, multiple objects, clutter, blur"
ACT-22,ACT,RF18,Manequim masculino,ativo,full,"512,96",act-22-ativo.png,"A circular app icon badge in soft 3D clay-render style, front view, centered, on a pure white background. Outer ring: a thick dark espresso-brown disc (#2A211C) with a subtly beveled rim. On the disc: a network mesh of thin cream-colored threads forming triangles, connecting round glossy nodes in yellow, orange, green, blue and brown, larger nodes near the outer edge, smaller near the center. Behind the mesh, a vibrant orange halo (#F57C1F) surrounds a smooth matte cream medallion (#F5EBD7) in the center. On the medallion: a male tailor's dress form with broad shoulders on a stand, rendered as a single chunky matte-black object (#1E1B18) with rounded edges, soft studio lighting from the top-left, a short soft shadow on the cream medallion. With accent details in bright orange (#F57C1F): an orange stand. No text, no letters, no numbers anywhere. Flat composition, no perspective tilt, no extra objects, no background scene, no watermark, crisp edges, high detail, 1024x1024.","text, letters, watermark, logo of real brands, photorealistic person, face, hands, gradient background, perspective, multiple objects, clutter, blur"
ACT-22,ACT,RF18,Manequim masculino,ativo,halfmesh,48,act-22-ativo-halfmesh.png,"A circular app icon badge in soft 3D clay-render style, front view, centered, on a pure white background. Outer ring: a thick dark espresso-brown disc (#2A211C) with a subtly beveled rim. On the disc: a sparse network mesh of thin cream-colored threads with half the usual number of round glossy nodes in yellow, orange, green, blue and brown, larger nodes near the outer edge. Behind the mesh, a vibrant orange halo (#F57C1F) surrounds a smooth matte cream medallion (#F5EBD7) in the center. On the medallion: a male tailor's dress form with broad shoulders on a stand, rendered as a single chunky matte-black object (#1E1B18) with rounded edges, soft studio lighting from the top-left, a short soft shadow on the cream medallion. With accent details in bright orange (#F57C1F): an orange stand. No text, no letters, no numbers anywhere. Flat composition, no perspective tilt, no extra objects, no background scene, no watermark, crisp edges, high detail, 1024x1024.","text, letters, watermark, logo of real brands, photorealistic person, face, hands, gradient background, perspective, multiple objects, clutter, blur"
ACT-22,ACT,RF18,Manequim masculino,ativo,nomesh,24,act-22-ativo-nomesh.png,"A circular app icon badge in soft 3D clay-render style, front view, centered, on a pure white background. Outer ring: a thick dark espresso-brown disc (#2A211C) with a subtly beveled rim. The dark disc is plain, no network mesh, no nodes. Behind the mesh, a vibrant orange halo (#F57C1F) surrounds a smooth matte cream medallion (#F5EBD7) in the center. On the medallion: a male tailor's dress form with broad shoulders on a stand, rendered as a single chunky matte-black object (#1E1B18) with rounded edges, soft studio lighting from the top-left, a short soft shadow on the cream medallion. With accent details in bright orange (#F57C1F): an orange stand. No text, no letters, no numbers anywhere. Flat composition, no perspective tilt, no extra objects, no background scene, no watermark, crisp edges, high detail, 1024x1024.","text, letters, watermark, logo of real brands, photorealistic person, face, hands, gradient background, perspective, multiple objects, clutter, blur"
ACT-23,ACT,RF18,Manequim feminino,normal,full,"512,96",act-23-normal.png,"A circular app icon badge in soft 3D clay-render style, front view, centered, on a pure white background. Outer ring: a thick dark espresso-brown disc (#2A211C) with a subtly beveled rim. On the disc: a network mesh of thin cream-colored threads forming triangles, connecting round glossy nodes in yellow, orange, green, blue and brown, larger nodes near the outer edge, smaller near the center. Behind the mesh, a vibrant orange halo (#F57C1F) surrounds a smooth matte cream medallion (#F5EBD7) in the center. On the medallion: a female tailor's dress form with a defined waist on a stand, rendered as a single chunky matte-black object (#1E1B18) with rounded edges, soft studio lighting from the top-left, a short soft shadow on the cream medallion. No text, no letters, no numbers anywhere. Flat composition, no perspective tilt, no extra objects, no background scene, no watermark, crisp edges, high detail, 1024x1024.","text, letters, watermark, logo of real brands, photorealistic person, face, hands, gradient background, perspective, multiple objects, clutter, blur"
ACT-23,ACT,RF18,Manequim feminino,normal,halfmesh,48,act-23-normal-halfmesh.png,"A circular app icon badge in soft 3D clay-render style, front view, centered, on a pure white background. Outer ring: a thick dark espresso-brown disc (#2A211C) with a subtly beveled rim. On the disc: a sparse network mesh of thin cream-colored threads with half the usual number of round glossy nodes in yellow, orange, green, blue and brown, larger nodes near the outer edge. Behind the mesh, a vibrant orange halo (#F57C1F) surrounds a smooth matte cream medallion (#F5EBD7) in the center. On the medallion: a female tailor's dress form with a defined waist on a stand, rendered as a single chunky matte-black object (#1E1B18) with rounded edges, soft studio lighting from the top-left, a short soft shadow on the cream medallion. No text, no letters, no numbers anywhere. Flat composition, no perspective tilt, no extra objects, no background scene, no watermark, crisp edges, high detail, 1024x1024.","text, letters, watermark, logo of real brands, photorealistic person, face, hands, gradient background, perspective, multiple objects, clutter, blur"
ACT-23,ACT,RF18,Manequim feminino,normal,nomesh,24,act-23-normal-nomesh.png,"A circular app icon badge in soft 3D clay-render style, front view, centered, on a pure white background. Outer ring: a thick dark espresso-brown disc (#2A211C) with a subtly beveled rim. The dark disc is plain, no network mesh, no nodes. Behind the mesh, a vibrant orange halo (#F57C1F) surrounds a smooth matte cream medallion (#F5EBD7) in the center. On the medallion: a female tailor's dress form with a defined waist on a stand, rendered as a single chunky matte-black object (#1E1B18) with rounded edges, soft studio lighting from the top-left, a short soft shadow on the cream medallion. No text, no letters, no numbers anywhere. Flat composition, no perspective tilt, no extra objects, no background scene, no watermark, crisp edges, high detail, 1024x1024.","text, letters, watermark, logo of real brands, photorealistic person, face, hands, gradient background, perspective, multiple objects, clutter, blur"
ACT-23,ACT,RF18,Manequim feminino,ativo,full,"512,96",act-23-ativo.png,"A circular app icon badge in soft 3D clay-render style, front view, centered, on a pure white background. Outer ring: a thick dark espresso-brown disc (#2A211C) with a subtly beveled rim. On the disc: a network mesh of thin cream-colored threads forming triangles, connecting round glossy nodes in yellow, orange, green, blue and brown, larger nodes near the outer edge, smaller near the center. Behind the mesh, a vibrant orange halo (#F57C1F) surrounds a smooth matte cream medallion (#F5EBD7) in the center. On the medallion: a female tailor's dress form with a defined waist on a stand, rendered as a single chunky matte-black object (#1E1B18) with rounded edges, soft studio lighting from the top-left, a short soft shadow on the cream medallion. With accent details in bright orange (#F57C1F): an orange stand. No text, no letters, no numbers anywhere. Flat composition, no perspective tilt, no extra objects, no background scene, no watermark, crisp edges, high detail, 1024x1024.","text, letters, watermark, logo of real brands, photorealistic person, face, hands, gradient background, perspective, multiple objects, clutter, blur"
ACT-23,ACT,RF18,Manequim feminino,ativo,halfmesh,48,act-23-ativo-halfmesh.png,"A circular app icon badge in soft 3D clay-render style, front view, centered, on a pure white background. Outer ring: a thick dark espresso-brown disc (#2A211C) with a subtly beveled rim. On the disc: a sparse network mesh of thin cream-colored threads with half the usual number of round glossy nodes in yellow, orange, green, blue and brown, larger nodes near the outer edge. Behind the mesh, a vibrant orange halo (#F57C1F) surrounds a smooth matte cream medallion (#F5EBD7) in the center. On the medallion: a female tailor's dress form with a defined waist on a stand, rendered as a single chunky matte-black object (#1E1B18) with rounded edges, soft studio lighting from the top-left, a short soft shadow on the cream medallion. With accent details in bright orange (#F57C1F): an orange stand. No text, no letters, no numbers anywhere. Flat composition, no perspective tilt, no extra objects, no background scene, no watermark, crisp edges, high detail, 1024x1024.","text, letters, watermark, logo of real brands, photorealistic person, face, hands, gradient background, perspective, multiple objects, clutter, blur"
ACT-23,ACT,RF18,Manequim feminino,ativo,nomesh,24,act-23-ativo-nomesh.png,"A circular app icon badge in soft 3D clay-render style, front view, centered, on a pure white background. Outer ring: a thick dark espresso-brown disc (#2A211C) with a subtly beveled rim. The dark disc is plain, no network mesh, no nodes. Behind the mesh, a vibrant orange halo (#F57C1F) surrounds a smooth matte cream medallion (#F5EBD7) in the center. On the medallion: a female tailor's dress form with a defined waist on a stand, rendered as a single chunky matte-black object (#1E1B18) with rounded edges, soft studio lighting from the top-left, a short soft shadow on the cream medallion. With accent details in bright orange (#F57C1F): an orange stand. No text, no letters, no numbers anywhere. Flat composition, no perspective tilt, no extra objects, no background scene, no watermark, crisp edges, high detail, 1024x1024.","text, letters, watermark, logo of real brands, photorealistic person, face, hands, gradient background, perspective, multiple objects, clutter, blur"
ACT-24,ACT,RF18,Limpar manequim,normal,full,"512,96",act-24-normal.png,"A circular app icon badge in soft 3D clay-render style, front view, centered, on a pure white background. Outer ring: a thick dark espresso-brown disc (#2A211C) with a subtly beveled rim. On the disc: a network mesh of thin cream-colored threads forming triangles, connecting round glossy nodes in yellow, orange, green, blue and brown, larger nodes near the outer edge, smaller near the center. Behind the mesh, a vibrant orange halo (#F57C1F) surrounds a smooth matte cream medallion (#F5EBD7) in the center. On the medallion: a lint roller, rendered as a single chunky matte-black object (#1E1B18) with rounded edges, soft studio lighting from the top-left, a short soft shadow on the cream medallion. No text, no letters, no numbers anywhere. Flat composition, no perspective tilt, no extra objects, no background scene, no watermark, crisp edges, high detail, 1024x1024.","text, letters, watermark, logo of real brands, photorealistic person, face, hands, gradient background, perspective, multiple objects, clutter, blur"
ACT-24,ACT,RF18,Limpar manequim,normal,halfmesh,48,act-24-normal-halfmesh.png,"A circular app icon badge in soft 3D clay-render style, front view, centered, on a pure white background. Outer ring: a thick dark espresso-brown disc (#2A211C) with a subtly beveled rim. On the disc: a sparse network mesh of thin cream-colored threads with half the usual number of round glossy nodes in yellow, orange, green, blue and brown, larger nodes near the outer edge. Behind the mesh, a vibrant orange halo (#F57C1F) surrounds a smooth matte cream medallion (#F5EBD7) in the center. On the medallion: a lint roller, rendered as a single chunky matte-black object (#1E1B18) with rounded edges, soft studio lighting from the top-left, a short soft shadow on the cream medallion. No text, no letters, no numbers anywhere. Flat composition, no perspective tilt, no extra objects, no background scene, no watermark, crisp edges, high detail, 1024x1024.","text, letters, watermark, logo of real brands, photorealistic person, face, hands, gradient background, perspective, multiple objects, clutter, blur"
ACT-24,ACT,RF18,Limpar manequim,normal,nomesh,24,act-24-normal-nomesh.png,"A circular app icon badge in soft 3D clay-render style, front view, centered, on a pure white background. Outer ring: a thick dark espresso-brown disc (#2A211C) with a subtly beveled rim. The dark disc is plain, no network mesh, no nodes. Behind the mesh, a vibrant orange halo (#F57C1F) surrounds a smooth matte cream medallion (#F5EBD7) in the center. On the medallion: a lint roller, rendered as a single chunky matte-black object (#1E1B18) with rounded edges, soft studio lighting from the top-left, a short soft shadow on the cream medallion. No text, no letters, no numbers anywhere. Flat composition, no perspective tilt, no extra objects, no background scene, no watermark, crisp edges, high detail, 1024x1024.","text, letters, watermark, logo of real brands, photorealistic person, face, hands, gradient background, perspective, multiple objects, clutter, blur"
ACT-25,ACT,RF18,Salvar como esquema,normal,full,"512,96",act-25-normal.png,"A circular app icon badge in soft 3D clay-render style, front view, centered, on a pure white background. Outer ring: a thick dark espresso-brown disc (#2A211C) with a subtly beveled rim. On the disc: a network mesh of thin cream-colored threads forming triangles, connecting round glossy nodes in yellow, orange, green, blue and brown, larger nodes near the outer edge, smaller near the center. Behind the mesh, a vibrant orange halo (#F57C1F) surrounds a smooth matte cream medallion (#F5EBD7) in the center. On the medallion: a dress form with a small bookmark ribbon on its stand, rendered as a single chunky matte-black object (#1E1B18) with rounded edges, soft studio lighting from the top-left, a short soft shadow on the cream medallion. No text, no letters, no numbers anywhere. Flat composition, no perspective tilt, no extra objects, no background scene, no watermark, crisp edges, high detail, 1024x1024.","text, letters, watermark, logo of real brands, photorealistic person, face, hands, gradient background, perspective, multiple objects, clutter, blur"
ACT-25,ACT,RF18,Salvar como esquema,normal,halfmesh,48,act-25-normal-halfmesh.png,"A circular app icon badge in soft 3D clay-render style, front view, centered, on a pure white background. Outer ring: a thick dark espresso-brown disc (#2A211C) with a subtly beveled rim. On the disc: a sparse network mesh of thin cream-colored threads with half the usual number of round glossy nodes in yellow, orange, green, blue and brown, larger nodes near the outer edge. Behind the mesh, a vibrant orange halo (#F57C1F) surrounds a smooth matte cream medallion (#F5EBD7) in the center. On the medallion: a dress form with a small bookmark ribbon on its stand, rendered as a single chunky matte-black object (#1E1B18) with rounded edges, soft studio lighting from the top-left, a short soft shadow on the cream medallion. No text, no letters, no numbers anywhere. Flat composition, no perspective tilt, no extra objects, no background scene, no watermark, crisp edges, high detail, 1024x1024.","text, letters, watermark, logo of real brands, photorealistic person, face, hands, gradient background, perspective, multiple objects, clutter, blur"
ACT-25,ACT,RF18,Salvar como esquema,normal,nomesh,24,act-25-normal-nomesh.png,"A circular app icon badge in soft 3D clay-render style, front view, centered, on a pure white background. Outer ring: a thick dark espresso-brown disc (#2A211C) with a subtly beveled rim. The dark disc is plain, no network mesh, no nodes. Behind the mesh, a vibrant orange halo (#F57C1F) surrounds a smooth matte cream medallion (#F5EBD7) in the center. On the medallion: a dress form with a small bookmark ribbon on its stand, rendered as a single chunky matte-black object (#1E1B18) with rounded edges, soft studio lighting from the top-left, a short soft shadow on the cream medallion. No text, no letters, no numbers anywhere. Flat composition, no perspective tilt, no extra objects, no background scene, no watermark, crisp edges, high detail, 1024x1024.","text, letters, watermark, logo of real brands, photorealistic person, face, hands, gradient background, perspective, multiple objects, clutter, blur"
ACT-25,ACT,RF18,Salvar como esquema,ativo,full,"512,96",act-25-ativo.png,"A circular app icon badge in soft 3D clay-render style, front view, centered, on a pure white background. Outer ring: a thick dark espresso-brown disc (#2A211C) with a subtly beveled rim. On the disc: a network mesh of thin cream-colored threads forming triangles, connecting round glossy nodes in yellow, orange, green, blue and brown, larger nodes near the outer edge, smaller near the center. Behind the mesh, a vibrant orange halo (#F57C1F) surrounds a smooth matte cream medallion (#F5EBD7) in the center. On the medallion: a dress form with a small bookmark ribbon on its stand, rendered as a single chunky matte-black object (#1E1B18) with rounded edges, soft studio lighting from the top-left, a short soft shadow on the cream medallion. With accent details in bright orange (#F57C1F): an orange ribbon. No text, no letters, no numbers anywhere. Flat composition, no perspective tilt, no extra objects, no background scene, no watermark, crisp edges, high detail, 1024x1024.","text, letters, watermark, logo of real brands, photorealistic person, face, hands, gradient background, perspective, multiple objects, clutter, blur"
ACT-25,ACT,RF18,Salvar como esquema,ativo,halfmesh,48,act-25-ativo-halfmesh.png,"A circular app icon badge in soft 3D clay-render style, front view, centered, on a pure white background. Outer ring: a thick dark espresso-brown disc (#2A211C) with a subtly beveled rim. On the disc: a sparse network mesh of thin cream-colored threads with half the usual number of round glossy nodes in yellow, orange, green, blue and brown, larger nodes near the outer edge. Behind the mesh, a vibrant orange halo (#F57C1F) surrounds a smooth matte cream medallion (#F5EBD7) in the center. On the medallion: a dress form with a small bookmark ribbon on its stand, rendered as a single chunky matte-black object (#1E1B18) with rounded edges, soft studio lighting from the top-left, a short soft shadow on the cream medallion. With accent details in bright orange (#F57C1F): an orange ribbon. No text, no letters, no numbers anywhere. Flat composition, no perspective tilt, no extra objects, no background scene, no watermark, crisp edges, high detail, 1024x1024.","text, letters, watermark, logo of real brands, photorealistic person, face, hands, gradient background, perspective, multiple objects, clutter, blur"
ACT-25,ACT,RF18,Salvar como esquema,ativo,nomesh,24,act-25-ativo-nomesh.png,"A circular app icon badge in soft 3D clay-render style, front view, centered, on a pure white background. Outer ring: a thick dark espresso-brown disc (#2A211C) with a subtly beveled rim. The dark disc is plain, no network mesh, no nodes. Behind the mesh, a vibrant orange halo (#F57C1F) surrounds a smooth matte cream medallion (#F5EBD7) in the center. On the medallion: a dress form with a small bookmark ribbon on its stand, rendered as a single chunky matte-black object (#1E1B18) with rounded edges, soft studio lighting from the top-left, a short soft shadow on the cream medallion. With accent details in bright orange (#F57C1F): an orange ribbon. No text, no letters, no numbers anywhere. Flat composition, no perspective tilt, no extra objects, no background scene, no watermark, crisp edges, high detail, 1024x1024.","text, letters, watermark, logo of real brands, photorealistic person, face, hands, gradient background, perspective, multiple objects, clutter, blur"
ACT-26,ACT,RF20,Selo de marca,normal,full,"512,96",act-26-normal.png,"A circular app icon badge in soft 3D clay-render style, front view, centered, on a pure white background. Outer ring: a thick dark espresso-brown disc (#2A211C) with a subtly beveled rim. On the disc: a network mesh of thin cream-colored threads forming triangles, connecting round glossy nodes in yellow, orange, green, blue and brown, larger nodes near the outer edge, smaller near the center. Behind the mesh, a vibrant orange halo (#F57C1F) surrounds a smooth matte cream medallion (#F5EBD7) in the center. On the medallion: a round rosette award ribbon with a blank label in the center, rendered as a single chunky matte-black object (#1E1B18) with rounded edges, soft studio lighting from the top-left, a short soft shadow on the cream medallion. No text, no letters, no numbers anywhere. Flat composition, no perspective tilt, no extra objects, no background scene, no watermark, crisp edges, high detail, 1024x1024.","text, letters, watermark, logo of real brands, photorealistic person, face, hands, gradient background, perspective, multiple objects, clutter, blur"
ACT-26,ACT,RF20,Selo de marca,normal,halfmesh,48,act-26-normal-halfmesh.png,"A circular app icon badge in soft 3D clay-render style, front view, centered, on a pure white background. Outer ring: a thick dark espresso-brown disc (#2A211C) with a subtly beveled rim. On the disc: a sparse network mesh of thin cream-colored threads with half the usual number of round glossy nodes in yellow, orange, green, blue and brown, larger nodes near the outer edge. Behind the mesh, a vibrant orange halo (#F57C1F) surrounds a smooth matte cream medallion (#F5EBD7) in the center. On the medallion: a round rosette award ribbon with a blank label in the center, rendered as a single chunky matte-black object (#1E1B18) with rounded edges, soft studio lighting from the top-left, a short soft shadow on the cream medallion. No text, no letters, no numbers anywhere. Flat composition, no perspective tilt, no extra objects, no background scene, no watermark, crisp edges, high detail, 1024x1024.","text, letters, watermark, logo of real brands, photorealistic person, face, hands, gradient background, perspective, multiple objects, clutter, blur"
ACT-26,ACT,RF20,Selo de marca,normal,nomesh,24,act-26-normal-nomesh.png,"A circular app icon badge in soft 3D clay-render style, front view, centered, on a pure white background. Outer ring: a thick dark espresso-brown disc (#2A211C) with a subtly beveled rim. The dark disc is plain, no network mesh, no nodes. Behind the mesh, a vibrant orange halo (#F57C1F) surrounds a smooth matte cream medallion (#F5EBD7) in the center. On the medallion: a round rosette award ribbon with a blank label in the center, rendered as a single chunky matte-black object (#1E1B18) with rounded edges, soft studio lighting from the top-left, a short soft shadow on the cream medallion. No text, no letters, no numbers anywhere. Flat composition, no perspective tilt, no extra objects, no background scene, no watermark, crisp edges, high detail, 1024x1024.","text, letters, watermark, logo of real brands, photorealistic person, face, hands, gradient background, perspective, multiple objects, clutter, blur"
ACT-26,ACT,RF20,Selo de marca,ativo,full,"512,96",act-26-ativo.png,"A circular app icon badge in soft 3D clay-render style, front view, centered, on a pure white background. Outer ring: a thick dark espresso-brown disc (#2A211C) with a subtly beveled rim. On the disc: a network mesh of thin cream-colored threads forming triangles, connecting round glossy nodes in yellow, orange, green, blue and brown, larger nodes near the outer edge, smaller near the center. Behind the mesh, a vibrant orange halo (#F57C1F) surrounds a smooth matte cream medallion (#F5EBD7) in the center. On the medallion: a round rosette award ribbon with a blank label in the center, rendered as a single chunky matte-black object (#1E1B18) with rounded edges, soft studio lighting from the top-left, a short soft shadow on the cream medallion. With accent details in bright orange (#F57C1F): orange ribbon tails. No text, no letters, no numbers anywhere. Flat composition, no perspective tilt, no extra objects, no background scene, no watermark, crisp edges, high detail, 1024x1024.","text, letters, watermark, logo of real brands, photorealistic person, face, hands, gradient background, perspective, multiple objects, clutter, blur"
ACT-26,ACT,RF20,Selo de marca,ativo,halfmesh,48,act-26-ativo-halfmesh.png,"A circular app icon badge in soft 3D clay-render style, front view, centered, on a pure white background. Outer ring: a thick dark espresso-brown disc (#2A211C) with a subtly beveled rim. On the disc: a sparse network mesh of thin cream-colored threads with half the usual number of round glossy nodes in yellow, orange, green, blue and brown, larger nodes near the outer edge. Behind the mesh, a vibrant orange halo (#F57C1F) surrounds a smooth matte cream medallion (#F5EBD7) in the center. On the medallion: a round rosette award ribbon with a blank label in the center, rendered as a single chunky matte-black object (#1E1B18) with rounded edges, soft studio lighting from the top-left, a short soft shadow on the cream medallion. With accent details in bright orange (#F57C1F): orange ribbon tails. No text, no letters, no numbers anywhere. Flat composition, no perspective tilt, no extra objects, no background scene, no watermark, crisp edges, high detail, 1024x1024.","text, letters, watermark, logo of real brands, photorealistic person, face, hands, gradient background, perspective, multiple objects, clutter, blur"
ACT-26,ACT,RF20,Selo de marca,ativo,nomesh,24,act-26-ativo-nomesh.png,"A circular app icon badge in soft 3D clay-render style, front view, centered, on a pure white background. Outer ring: a thick dark espresso-brown disc (#2A211C) with a subtly beveled rim. The dark disc is plain, no network mesh, no nodes. Behind the mesh, a vibrant orange halo (#F57C1F) surrounds a smooth matte cream medallion (#F5EBD7) in the center. On the medallion: a round rosette award ribbon with a blank label in the center, rendered as a single chunky matte-black object (#1E1B18) with rounded edges, soft studio lighting from the top-left, a short soft shadow on the cream medallion. With accent details in bright orange (#F57C1F): orange ribbon tails. No text, no letters, no numbers anywhere. Flat composition, no perspective tilt, no extra objects, no background scene, no watermark, crisp edges, high detail, 1024x1024.","text, letters, watermark, logo of real brands, photorealistic person, face, hands, gradient background, perspective, multiple objects, clutter, blur"
ACT-27,ACT,RF21,Selo de celebridade,normal,full,"512,96",act-27-normal.png,"A circular app icon badge in soft 3D clay-render style, front view, centered, on a pure white background. Outer ring: a thick dark espresso-brown disc (#2A211C) with a subtly beveled rim. On the disc: a network mesh of thin cream-colored threads forming triangles, connecting round glossy nodes in yellow, orange, green, blue and brown, larger nodes near the outer edge, smaller near the center. Behind the mesh, a vibrant orange halo (#F57C1F) surrounds a smooth matte cream medallion (#F5EBD7) in the center. On the medallion: a round rosette award ribbon with a small star in the center, rendered as a single chunky matte-black object (#1E1B18) with rounded edges, soft studio lighting from the top-left, a short soft shadow on the cream medallion. No text, no letters, no numbers anywhere. Flat composition, no perspective tilt, no extra objects, no background scene, no watermark, crisp edges, high detail, 1024x1024.","text, letters, watermark, logo of real brands, photorealistic person, face, hands, gradient background, perspective, multiple objects, clutter, blur"
ACT-27,ACT,RF21,Selo de celebridade,normal,halfmesh,48,act-27-normal-halfmesh.png,"A circular app icon badge in soft 3D clay-render style, front view, centered, on a pure white background. Outer ring: a thick dark espresso-brown disc (#2A211C) with a subtly beveled rim. On the disc: a sparse network mesh of thin cream-colored threads with half the usual number of round glossy nodes in yellow, orange, green, blue and brown, larger nodes near the outer edge. Behind the mesh, a vibrant orange halo (#F57C1F) surrounds a smooth matte cream medallion (#F5EBD7) in the center. On the medallion: a round rosette award ribbon with a small star in the center, rendered as a single chunky matte-black object (#1E1B18) with rounded edges, soft studio lighting from the top-left, a short soft shadow on the cream medallion. No text, no letters, no numbers anywhere. Flat composition, no perspective tilt, no extra objects, no background scene, no watermark, crisp edges, high detail, 1024x1024.","text, letters, watermark, logo of real brands, photorealistic person, face, hands, gradient background, perspective, multiple objects, clutter, blur"
ACT-27,ACT,RF21,Selo de celebridade,normal,nomesh,24,act-27-normal-nomesh.png,"A circular app icon badge in soft 3D clay-render style, front view, centered, on a pure white background. Outer ring: a thick dark espresso-brown disc (#2A211C) with a subtly beveled rim. The dark disc is plain, no network mesh, no nodes. Behind the mesh, a vibrant orange halo (#F57C1F) surrounds a smooth matte cream medallion (#F5EBD7) in the center. On the medallion: a round rosette award ribbon with a small star in the center, rendered as a single chunky matte-black object (#1E1B18) with rounded edges, soft studio lighting from the top-left, a short soft shadow on the cream medallion. No text, no letters, no numbers anywhere. Flat composition, no perspective tilt, no extra objects, no background scene, no watermark, crisp edges, high detail, 1024x1024.","text, letters, watermark, logo of real brands, photorealistic person, face, hands, gradient background, perspective, multiple objects, clutter, blur"
ACT-27,ACT,RF21,Selo de celebridade,ativo,full,"512,96",act-27-ativo.png,"A circular app icon badge in soft 3D clay-render style, front view, centered, on a pure white background. Outer ring: a thick dark espresso-brown disc (#2A211C) with a subtly beveled rim. On the disc: a network mesh of thin cream-colored threads forming triangles, connecting round glossy nodes in yellow, orange, green, blue and brown, larger nodes near the outer edge, smaller near the center. Behind the mesh, a vibrant orange halo (#F57C1F) surrounds a smooth matte cream medallion (#F5EBD7) in the center. On the medallion: a round rosette award ribbon with a small star in the center, rendered as a single chunky matte-black object (#1E1B18) with rounded edges, soft studio lighting from the top-left, a short soft shadow on the cream medallion. With accent details in bright orange (#F57C1F): an orange star. No text, no letters, no numbers anywhere. Flat composition, no perspective tilt, no extra objects, no background scene, no watermark, crisp edges, high detail, 1024x1024.","text, letters, watermark, logo of real brands, photorealistic person, face, hands, gradient background, perspective, multiple objects, clutter, blur"
ACT-27,ACT,RF21,Selo de celebridade,ativo,halfmesh,48,act-27-ativo-halfmesh.png,"A circular app icon badge in soft 3D clay-render style, front view, centered, on a pure white background. Outer ring: a thick dark espresso-brown disc (#2A211C) with a subtly beveled rim. On the disc: a sparse network mesh of thin cream-colored threads with half the usual number of round glossy nodes in yellow, orange, green, blue and brown, larger nodes near the outer edge. Behind the mesh, a vibrant orange halo (#F57C1F) surrounds a smooth matte cream medallion (#F5EBD7) in the center. On the medallion: a round rosette award ribbon with a small star in the center, rendered as a single chunky matte-black object (#1E1B18) with rounded edges, soft studio lighting from the top-left, a short soft shadow on the cream medallion. With accent details in bright orange (#F57C1F): an orange star. No text, no letters, no numbers anywhere. Flat composition, no perspective tilt, no extra objects, no background scene, no watermark, crisp edges, high detail, 1024x1024.","text, letters, watermark, logo of real brands, photorealistic person, face, hands, gradient background, perspective, multiple objects, clutter, blur"
ACT-27,ACT,RF21,Selo de celebridade,ativo,nomesh,24,act-27-ativo-nomesh.png,"A circular app icon badge in soft 3D clay-render style, front view, centered, on a pure white background. Outer ring: a thick dark espresso-brown disc (#2A211C) with a subtly beveled rim. The dark disc is plain, no network mesh, no nodes. Behind the mesh, a vibrant orange halo (#F57C1F) surrounds a smooth matte cream medallion (#F5EBD7) in the center. On the medallion: a round rosette award ribbon with a small star in the center, rendered as a single chunky matte-black object (#1E1B18) with rounded edges, soft studio lighting from the top-left, a short soft shadow on the cream medallion. With accent details in bright orange (#F57C1F): an orange star. No text, no letters, no numbers anywhere. Flat composition, no perspective tilt, no extra objects, no background scene, no watermark, crisp edges, high detail, 1024x1024.","text, letters, watermark, logo of real brands, photorealistic person, face, hands, gradient background, perspective, multiple objects, clutter, blur"
ACT-28,ACT,RF23,Tema claro/escuro,normal,full,"512,96",act-28-normal.png,"A circular app icon badge in soft 3D clay-render style, front view, centered, on a pure white background. Outer ring: a thick dark espresso-brown disc (#2A211C) with a subtly beveled rim. On the disc: a network mesh of thin cream-colored threads forming triangles, connecting round glossy nodes in yellow, orange, green, blue and brown, larger nodes near the outer edge, smaller near the center. Behind the mesh, a vibrant orange halo (#F57C1F) surrounds a smooth matte cream medallion (#F5EBD7) in the center. On the medallion: a wall light switch, half of it lit, rendered as a single chunky matte-black object (#1E1B18) with rounded edges, soft studio lighting from the top-left, a short soft shadow on the cream medallion. No text, no letters, no numbers anywhere. Flat composition, no perspective tilt, no extra objects, no background scene, no watermark, crisp edges, high detail, 1024x1024.","text, letters, watermark, logo of real brands, photorealistic person, face, hands, gradient background, perspective, multiple objects, clutter, blur"
ACT-28,ACT,RF23,Tema claro/escuro,normal,halfmesh,48,act-28-normal-halfmesh.png,"A circular app icon badge in soft 3D clay-render style, front view, centered, on a pure white background. Outer ring: a thick dark espresso-brown disc (#2A211C) with a subtly beveled rim. On the disc: a sparse network mesh of thin cream-colored threads with half the usual number of round glossy nodes in yellow, orange, green, blue and brown, larger nodes near the outer edge. Behind the mesh, a vibrant orange halo (#F57C1F) surrounds a smooth matte cream medallion (#F5EBD7) in the center. On the medallion: a wall light switch, half of it lit, rendered as a single chunky matte-black object (#1E1B18) with rounded edges, soft studio lighting from the top-left, a short soft shadow on the cream medallion. No text, no letters, no numbers anywhere. Flat composition, no perspective tilt, no extra objects, no background scene, no watermark, crisp edges, high detail, 1024x1024.","text, letters, watermark, logo of real brands, photorealistic person, face, hands, gradient background, perspective, multiple objects, clutter, blur"
ACT-28,ACT,RF23,Tema claro/escuro,normal,nomesh,24,act-28-normal-nomesh.png,"A circular app icon badge in soft 3D clay-render style, front view, centered, on a pure white background. Outer ring: a thick dark espresso-brown disc (#2A211C) with a subtly beveled rim. The dark disc is plain, no network mesh, no nodes. Behind the mesh, a vibrant orange halo (#F57C1F) surrounds a smooth matte cream medallion (#F5EBD7) in the center. On the medallion: a wall light switch, half of it lit, rendered as a single chunky matte-black object (#1E1B18) with rounded edges, soft studio lighting from the top-left, a short soft shadow on the cream medallion. No text, no letters, no numbers anywhere. Flat composition, no perspective tilt, no extra objects, no background scene, no watermark, crisp edges, high detail, 1024x1024.","text, letters, watermark, logo of real brands, photorealistic person, face, hands, gradient background, perspective, multiple objects, clutter, blur"
ACT-28,ACT,RF23,Tema claro/escuro,ativo,full,"512,96",act-28-ativo.png,"A circular app icon badge in soft 3D clay-render style, front view, centered, on a pure white background. Outer ring: a thick dark espresso-brown disc (#2A211C) with a subtly beveled rim. On the disc: a network mesh of thin cream-colored threads forming triangles, connecting round glossy nodes in yellow, orange, green, blue and brown, larger nodes near the outer edge, smaller near the center. Behind the mesh, a vibrant orange halo (#F57C1F) surrounds a smooth matte cream medallion (#F5EBD7) in the center. On the medallion: a wall light switch, half of it lit, rendered as a single chunky matte-black object (#1E1B18) with rounded edges, soft studio lighting from the top-left, a short soft shadow on the cream medallion. With accent details in bright orange (#F57C1F): an orange lit half. No text, no letters, no numbers anywhere. Flat composition, no perspective tilt, no extra objects, no background scene, no watermark, crisp edges, high detail, 1024x1024.","text, letters, watermark, logo of real brands, photorealistic person, face, hands, gradient background, perspective, multiple objects, clutter, blur"
ACT-28,ACT,RF23,Tema claro/escuro,ativo,halfmesh,48,act-28-ativo-halfmesh.png,"A circular app icon badge in soft 3D clay-render style, front view, centered, on a pure white background. Outer ring: a thick dark espresso-brown disc (#2A211C) with a subtly beveled rim. On the disc: a sparse network mesh of thin cream-colored threads with half the usual number of round glossy nodes in yellow, orange, green, blue and brown, larger nodes near the outer edge. Behind the mesh, a vibrant orange halo (#F57C1F) surrounds a smooth matte cream medallion (#F5EBD7) in the center. On the medallion: a wall light switch, half of it lit, rendered as a single chunky matte-black object (#1E1B18) with rounded edges, soft studio lighting from the top-left, a short soft shadow on the cream medallion. With accent details in bright orange (#F57C1F): an orange lit half. No text, no letters, no numbers anywhere. Flat composition, no perspective tilt, no extra objects, no background scene, no watermark, crisp edges, high detail, 1024x1024.","text, letters, watermark, logo of real brands, photorealistic person, face, hands, gradient background, perspective, multiple objects, clutter, blur"
ACT-28,ACT,RF23,Tema claro/escuro,ativo,nomesh,24,act-28-ativo-nomesh.png,"A circular app icon badge in soft 3D clay-render style, front view, centered, on a pure white background. Outer ring: a thick dark espresso-brown disc (#2A211C) with a subtly beveled rim. The dark disc is plain, no network mesh, no nodes. Behind the mesh, a vibrant orange halo (#F57C1F) surrounds a smooth matte cream medallion (#F5EBD7) in the center. On the medallion: a wall light switch, half of it lit, rendered as a single chunky matte-black object (#1E1B18) with rounded edges, soft studio lighting from the top-left, a short soft shadow on the cream medallion. With accent details in bright orange (#F57C1F): an orange lit half. No text, no letters, no numbers anywhere. Flat composition, no perspective tilt, no extra objects, no background scene, no watermark, crisp edges, high detail, 1024x1024.","text, letters, watermark, logo of real brands, photorealistic person, face, hands, gradient background, perspective, multiple objects, clutter, blur"
ACT-29,ACT,RF23,Idioma,normal,full,"512,96",act-29-normal.png,"A circular app icon badge in soft 3D clay-render style, front view, centered, on a pure white background. Outer ring: a thick dark espresso-brown disc (#2A211C) with a subtly beveled rim. On the disc: a network mesh of thin cream-colored threads forming triangles, connecting round glossy nodes in yellow, orange, green, blue and brown, larger nodes near the outer edge, smaller near the center. Behind the mesh, a vibrant orange halo (#F57C1F) surrounds a smooth matte cream medallion (#F5EBD7) in the center. On the medallion: a small globe wrapped by a measuring tape, rendered as a single chunky matte-black object (#1E1B18) with rounded edges, soft studio lighting from the top-left, a short soft shadow on the cream medallion. No text, no letters, no numbers anywhere. Flat composition, no perspective tilt, no extra objects, no background scene, no watermark, crisp edges, high detail, 1024x1024.","text, letters, watermark, logo of real brands, photorealistic person, face, hands, gradient background, perspective, multiple objects, clutter, blur"
ACT-29,ACT,RF23,Idioma,normal,halfmesh,48,act-29-normal-halfmesh.png,"A circular app icon badge in soft 3D clay-render style, front view, centered, on a pure white background. Outer ring: a thick dark espresso-brown disc (#2A211C) with a subtly beveled rim. On the disc: a sparse network mesh of thin cream-colored threads with half the usual number of round glossy nodes in yellow, orange, green, blue and brown, larger nodes near the outer edge. Behind the mesh, a vibrant orange halo (#F57C1F) surrounds a smooth matte cream medallion (#F5EBD7) in the center. On the medallion: a small globe wrapped by a measuring tape, rendered as a single chunky matte-black object (#1E1B18) with rounded edges, soft studio lighting from the top-left, a short soft shadow on the cream medallion. No text, no letters, no numbers anywhere. Flat composition, no perspective tilt, no extra objects, no background scene, no watermark, crisp edges, high detail, 1024x1024.","text, letters, watermark, logo of real brands, photorealistic person, face, hands, gradient background, perspective, multiple objects, clutter, blur"
ACT-29,ACT,RF23,Idioma,normal,nomesh,24,act-29-normal-nomesh.png,"A circular app icon badge in soft 3D clay-render style, front view, centered, on a pure white background. Outer ring: a thick dark espresso-brown disc (#2A211C) with a subtly beveled rim. The dark disc is plain, no network mesh, no nodes. Behind the mesh, a vibrant orange halo (#F57C1F) surrounds a smooth matte cream medallion (#F5EBD7) in the center. On the medallion: a small globe wrapped by a measuring tape, rendered as a single chunky matte-black object (#1E1B18) with rounded edges, soft studio lighting from the top-left, a short soft shadow on the cream medallion. No text, no letters, no numbers anywhere. Flat composition, no perspective tilt, no extra objects, no background scene, no watermark, crisp edges, high detail, 1024x1024.","text, letters, watermark, logo of real brands, photorealistic person, face, hands, gradient background, perspective, multiple objects, clutter, blur"
ACT-29,ACT,RF23,Idioma,ativo,full,"512,96",act-29-ativo.png,"A circular app icon badge in soft 3D clay-render style, front view, centered, on a pure white background. Outer ring: a thick dark espresso-brown disc (#2A211C) with a subtly beveled rim. On the disc: a network mesh of thin cream-colored threads forming triangles, connecting round glossy nodes in yellow, orange, green, blue and brown, larger nodes near the outer edge, smaller near the center. Behind the mesh, a vibrant orange halo (#F57C1F) surrounds a smooth matte cream medallion (#F5EBD7) in the center. On the medallion: a small globe wrapped by a measuring tape, rendered as a single chunky matte-black object (#1E1B18) with rounded edges, soft studio lighting from the top-left, a short soft shadow on the cream medallion. With accent details in bright orange (#F57C1F): an orange measuring tape. No text, no letters, no numbers anywhere. Flat composition, no perspective tilt, no extra objects, no background scene, no watermark, crisp edges, high detail, 1024x1024.","text, letters, watermark, logo of real brands, photorealistic person, face, hands, gradient background, perspective, multiple objects, clutter, blur"
ACT-29,ACT,RF23,Idioma,ativo,halfmesh,48,act-29-ativo-halfmesh.png,"A circular app icon badge in soft 3D clay-render style, front view, centered, on a pure white background. Outer ring: a thick dark espresso-brown disc (#2A211C) with a subtly beveled rim. On the disc: a sparse network mesh of thin cream-colored threads with half the usual number of round glossy nodes in yellow, orange, green, blue and brown, larger nodes near the outer edge. Behind the mesh, a vibrant orange halo (#F57C1F) surrounds a smooth matte cream medallion (#F5EBD7) in the center. On the medallion: a small globe wrapped by a measuring tape, rendered as a single chunky matte-black object (#1E1B18) with rounded edges, soft studio lighting from the top-left, a short soft shadow on the cream medallion. With accent details in bright orange (#F57C1F): an orange measuring tape. No text, no letters, no numbers anywhere. Flat composition, no perspective tilt, no extra objects, no background scene, no watermark, crisp edges, high detail, 1024x1024.","text, letters, watermark, logo of real brands, photorealistic person, face, hands, gradient background, perspective, multiple objects, clutter, blur"
ACT-29,ACT,RF23,Idioma,ativo,nomesh,24,act-29-ativo-nomesh.png,"A circular app icon badge in soft 3D clay-render style, front view, centered, on a pure white background. Outer ring: a thick dark espresso-brown disc (#2A211C) with a subtly beveled rim. The dark disc is plain, no network mesh, no nodes. Behind the mesh, a vibrant orange halo (#F57C1F) surrounds a smooth matte cream medallion (#F5EBD7) in the center. On the medallion: a small globe wrapped by a measuring tape, rendered as a single chunky matte-black object (#1E1B18) with rounded edges, soft studio lighting from the top-left, a short soft shadow on the cream medallion. With accent details in bright orange (#F57C1F): an orange measuring tape. No text, no letters, no numbers anywhere. Flat composition, no perspective tilt, no extra objects, no background scene, no watermark, crisp edges, high detail, 1024x1024.","text, letters, watermark, logo of real brands, photorealistic person, face, hands, gradient background, perspective, multiple objects, clutter, blur"
ACT-30,ACT,RF32,Organizar o quarto,normal,full,"512,96",act-30-normal.png,"A circular app icon badge in soft 3D clay-render style, front view, centered, on a pure white background. Outer ring: a thick dark espresso-brown disc (#2A211C) with a subtly beveled rim. On the disc: a network mesh of thin cream-colored threads forming triangles, connecting round glossy nodes in yellow, orange, green, blue and brown, larger nodes near the outer edge, smaller near the center. Behind the mesh, a vibrant orange halo (#F57C1F) surrounds a smooth matte cream medallion (#F5EBD7) in the center. On the medallion: a chest of drawers with one drawer pulled open, rendered as a single chunky matte-black object (#1E1B18) with rounded edges, soft studio lighting from the top-left, a short soft shadow on the cream medallion. No text, no letters, no numbers anywhere. Flat composition, no perspective tilt, no extra objects, no background scene, no watermark, crisp edges, high detail, 1024x1024.","text, letters, watermark, logo of real brands, photorealistic person, face, hands, gradient background, perspective, multiple objects, clutter, blur"
ACT-30,ACT,RF32,Organizar o quarto,normal,halfmesh,48,act-30-normal-halfmesh.png,"A circular app icon badge in soft 3D clay-render style, front view, centered, on a pure white background. Outer ring: a thick dark espresso-brown disc (#2A211C) with a subtly beveled rim. On the disc: a sparse network mesh of thin cream-colored threads with half the usual number of round glossy nodes in yellow, orange, green, blue and brown, larger nodes near the outer edge. Behind the mesh, a vibrant orange halo (#F57C1F) surrounds a smooth matte cream medallion (#F5EBD7) in the center. On the medallion: a chest of drawers with one drawer pulled open, rendered as a single chunky matte-black object (#1E1B18) with rounded edges, soft studio lighting from the top-left, a short soft shadow on the cream medallion. No text, no letters, no numbers anywhere. Flat composition, no perspective tilt, no extra objects, no background scene, no watermark, crisp edges, high detail, 1024x1024.","text, letters, watermark, logo of real brands, photorealistic person, face, hands, gradient background, perspective, multiple objects, clutter, blur"
ACT-30,ACT,RF32,Organizar o quarto,normal,nomesh,24,act-30-normal-nomesh.png,"A circular app icon badge in soft 3D clay-render style, front view, centered, on a pure white background. Outer ring: a thick dark espresso-brown disc (#2A211C) with a subtly beveled rim. The dark disc is plain, no network mesh, no nodes. Behind the mesh, a vibrant orange halo (#F57C1F) surrounds a smooth matte cream medallion (#F5EBD7) in the center. On the medallion: a chest of drawers with one drawer pulled open, rendered as a single chunky matte-black object (#1E1B18) with rounded edges, soft studio lighting from the top-left, a short soft shadow on the cream medallion. No text, no letters, no numbers anywhere. Flat composition, no perspective tilt, no extra objects, no background scene, no watermark, crisp edges, high detail, 1024x1024.","text, letters, watermark, logo of real brands, photorealistic person, face, hands, gradient background, perspective, multiple objects, clutter, blur"
ACT-30,ACT,RF32,Organizar o quarto,ativo,full,"512,96",act-30-ativo.png,"A circular app icon badge in soft 3D clay-render style, front view, centered, on a pure white background. Outer ring: a thick dark espresso-brown disc (#2A211C) with a subtly beveled rim. On the disc: a network mesh of thin cream-colored threads forming triangles, connecting round glossy nodes in yellow, orange, green, blue and brown, larger nodes near the outer edge, smaller near the center. Behind the mesh, a vibrant orange halo (#F57C1F) surrounds a smooth matte cream medallion (#F5EBD7) in the center. On the medallion: a chest of drawers with one drawer pulled open, rendered as a single chunky matte-black object (#1E1B18) with rounded edges, soft studio lighting from the top-left, a short soft shadow on the cream medallion. With accent details in bright orange (#F57C1F): an orange drawer. No text, no letters, no numbers anywhere. Flat composition, no perspective tilt, no extra objects, no background scene, no watermark, crisp edges, high detail, 1024x1024.","text, letters, watermark, logo of real brands, photorealistic person, face, hands, gradient background, perspective, multiple objects, clutter, blur"
ACT-30,ACT,RF32,Organizar o quarto,ativo,halfmesh,48,act-30-ativo-halfmesh.png,"A circular app icon badge in soft 3D clay-render style, front view, centered, on a pure white background. Outer ring: a thick dark espresso-brown disc (#2A211C) with a subtly beveled rim. On the disc: a sparse network mesh of thin cream-colored threads with half the usual number of round glossy nodes in yellow, orange, green, blue and brown, larger nodes near the outer edge. Behind the mesh, a vibrant orange halo (#F57C1F) surrounds a smooth matte cream medallion (#F5EBD7) in the center. On the medallion: a chest of drawers with one drawer pulled open, rendered as a single chunky matte-black object (#1E1B18) with rounded edges, soft studio lighting from the top-left, a short soft shadow on the cream medallion. With accent details in bright orange (#F57C1F): an orange drawer. No text, no letters, no numbers anywhere. Flat composition, no perspective tilt, no extra objects, no background scene, no watermark, crisp edges, high detail, 1024x1024.","text, letters, watermark, logo of real brands, photorealistic person, face, hands, gradient background, perspective, multiple objects, clutter, blur"
ACT-30,ACT,RF32,Organizar o quarto,ativo,nomesh,24,act-30-ativo-nomesh.png,"A circular app icon badge in soft 3D clay-render style, front view, centered, on a pure white background. Outer ring: a thick dark espresso-brown disc (#2A211C) with a subtly beveled rim. The dark disc is plain, no network mesh, no nodes. Behind the mesh, a vibrant orange halo (#F57C1F) surrounds a smooth matte cream medallion (#F5EBD7) in the center. On the medallion: a chest of drawers with one drawer pulled open, rendered as a single chunky matte-black object (#1E1B18) with rounded edges, soft studio lighting from the top-left, a short soft shadow on the cream medallion. With accent details in bright orange (#F57C1F): an orange drawer. No text, no letters, no numbers anywhere. Flat composition, no perspective tilt, no extra objects, no background scene, no watermark, crisp edges, high detail, 1024x1024.","text, letters, watermark, logo of real brands, photorealistic person, face, hands, gradient background, perspective, multiple objects, clutter, blur"
ACT-31,ACT,RF32,Mostrar no quarto,normal,full,"512,96",act-31-normal.png,"A circular app icon badge in soft 3D clay-render style, front view, centered, on a pure white background. Outer ring: a thick dark espresso-brown disc (#2A211C) with a subtly beveled rim. On the disc: a network mesh of thin cream-colored threads forming triangles, connecting round glossy nodes in yellow, orange, green, blue and brown, larger nodes near the outer edge, smaller near the center. Behind the mesh, a vibrant orange halo (#F57C1F) surrounds a smooth matte cream medallion (#F5EBD7) in the center. On the medallion: a single drawer with a small spotlight cone shining on it, rendered as a single chunky matte-black object (#1E1B18) with rounded edges, soft studio lighting from the top-left, a short soft shadow on the cream medallion. No text, no letters, no numbers anywhere. Flat composition, no perspective tilt, no extra objects, no background scene, no watermark, crisp edges, high detail, 1024x1024.","text, letters, watermark, logo of real brands, photorealistic person, face, hands, gradient background, perspective, multiple objects, clutter, blur"
ACT-31,ACT,RF32,Mostrar no quarto,normal,halfmesh,48,act-31-normal-halfmesh.png,"A circular app icon badge in soft 3D clay-render style, front view, centered, on a pure white background. Outer ring: a thick dark espresso-brown disc (#2A211C) with a subtly beveled rim. On the disc: a sparse network mesh of thin cream-colored threads with half the usual number of round glossy nodes in yellow, orange, green, blue and brown, larger nodes near the outer edge. Behind the mesh, a vibrant orange halo (#F57C1F) surrounds a smooth matte cream medallion (#F5EBD7) in the center. On the medallion: a single drawer with a small spotlight cone shining on it, rendered as a single chunky matte-black object (#1E1B18) with rounded edges, soft studio lighting from the top-left, a short soft shadow on the cream medallion. No text, no letters, no numbers anywhere. Flat composition, no perspective tilt, no extra objects, no background scene, no watermark, crisp edges, high detail, 1024x1024.","text, letters, watermark, logo of real brands, photorealistic person, face, hands, gradient background, perspective, multiple objects, clutter, blur"
ACT-31,ACT,RF32,Mostrar no quarto,normal,nomesh,24,act-31-normal-nomesh.png,"A circular app icon badge in soft 3D clay-render style, front view, centered, on a pure white background. Outer ring: a thick dark espresso-brown disc (#2A211C) with a subtly beveled rim. The dark disc is plain, no network mesh, no nodes. Behind the mesh, a vibrant orange halo (#F57C1F) surrounds a smooth matte cream medallion (#F5EBD7) in the center. On the medallion: a single drawer with a small spotlight cone shining on it, rendered as a single chunky matte-black object (#1E1B18) with rounded edges, soft studio lighting from the top-left, a short soft shadow on the cream medallion. No text, no letters, no numbers anywhere. Flat composition, no perspective tilt, no extra objects, no background scene, no watermark, crisp edges, high detail, 1024x1024.","text, letters, watermark, logo of real brands, photorealistic person, face, hands, gradient background, perspective, multiple objects, clutter, blur"
ACT-31,ACT,RF32,Mostrar no quarto,ativo,full,"512,96",act-31-ativo.png,"A circular app icon badge in soft 3D clay-render style, front view, centered, on a pure white background. Outer ring: a thick dark espresso-brown disc (#2A211C) with a subtly beveled rim. On the disc: a network mesh of thin cream-colored threads forming triangles, connecting round glossy nodes in yellow, orange, green, blue and brown, larger nodes near the outer edge, smaller near the center. Behind the mesh, a vibrant orange halo (#F57C1F) surrounds a smooth matte cream medallion (#F5EBD7) in the center. On the medallion: a single drawer with a small spotlight cone shining on it, rendered as a single chunky matte-black object (#1E1B18) with rounded edges, soft studio lighting from the top-left, a short soft shadow on the cream medallion. With accent details in bright orange (#F57C1F): an orange spotlight cone. No text, no letters, no numbers anywhere. Flat composition, no perspective tilt, no extra objects, no background scene, no watermark, crisp edges, high detail, 1024x1024.","text, letters, watermark, logo of real brands, photorealistic person, face, hands, gradient background, perspective, multiple objects, clutter, blur"
ACT-31,ACT,RF32,Mostrar no quarto,ativo,halfmesh,48,act-31-ativo-halfmesh.png,"A circular app icon badge in soft 3D clay-render style, front view, centered, on a pure white background. Outer ring: a thick dark espresso-brown disc (#2A211C) with a subtly beveled rim. On the disc: a sparse network mesh of thin cream-colored threads with half the usual number of round glossy nodes in yellow, orange, green, blue and brown, larger nodes near the outer edge. Behind the mesh, a vibrant orange halo (#F57C1F) surrounds a smooth matte cream medallion (#F5EBD7) in the center. On the medallion: a single drawer with a small spotlight cone shining on it, rendered as a single chunky matte-black object (#1E1B18) with rounded edges, soft studio lighting from the top-left, a short soft shadow on the cream medallion. With accent details in bright orange (#F57C1F): an orange spotlight cone. No text, no letters, no numbers anywhere. Flat composition, no perspective tilt, no extra objects, no background scene, no watermark, crisp edges, high detail, 1024x1024.","text, letters, watermark, logo of real brands, photorealistic person, face, hands, gradient background, perspective, multiple objects, clutter, blur"
ACT-31,ACT,RF32,Mostrar no quarto,ativo,nomesh,24,act-31-ativo-nomesh.png,"A circular app icon badge in soft 3D clay-render style, front view, centered, on a pure white background. Outer ring: a thick dark espresso-brown disc (#2A211C) with a subtly beveled rim. The dark disc is plain, no network mesh, no nodes. Behind the mesh, a vibrant orange halo (#F57C1F) surrounds a smooth matte cream medallion (#F5EBD7) in the center. On the medallion: a single drawer with a small spotlight cone shining on it, rendered as a single chunky matte-black object (#1E1B18) with rounded edges, soft studio lighting from the top-left, a short soft shadow on the cream medallion. With accent details in bright orange (#F57C1F): an orange spotlight cone. No text, no letters, no numbers anywhere. Flat composition, no perspective tilt, no extra objects, no background scene, no watermark, crisp edges, high detail, 1024x1024.","text, letters, watermark, logo of real brands, photorealistic person, face, hands, gradient background, perspective, multiple objects, clutter, blur"
ACT-32,ACT,RF33,Vista-me,normal,full,"512,96",act-32-normal.png,"A circular app icon badge in soft 3D clay-render style, front view, centered, on a pure white background. Outer ring: a thick dark espresso-brown disc (#2A211C) with a subtly beveled rim. On the disc: a network mesh of thin cream-colored threads forming triangles, connecting round glossy nodes in yellow, orange, green, blue and brown, larger nodes near the outer edge, smaller near the center. Behind the mesh, a vibrant orange halo (#F57C1F) surrounds a smooth matte cream medallion (#F5EBD7) in the center. On the medallion: a tall oval standing mirror with a four-point sparkle in its glass, rendered as a single chunky matte-black object (#1E1B18) with rounded edges, soft studio lighting from the top-left, a short soft shadow on the cream medallion. No text, no letters, no numbers anywhere. Flat composition, no perspective tilt, no extra objects, no background scene, no watermark, crisp edges, high detail, 1024x1024.","text, letters, watermark, logo of real brands, photorealistic person, face, hands, gradient background, perspective, multiple objects, clutter, blur"
ACT-32,ACT,RF33,Vista-me,normal,halfmesh,48,act-32-normal-halfmesh.png,"A circular app icon badge in soft 3D clay-render style, front view, centered, on a pure white background. Outer ring: a thick dark espresso-brown disc (#2A211C) with a subtly beveled rim. On the disc: a sparse network mesh of thin cream-colored threads with half the usual number of round glossy nodes in yellow, orange, green, blue and brown, larger nodes near the outer edge. Behind the mesh, a vibrant orange halo (#F57C1F) surrounds a smooth matte cream medallion (#F5EBD7) in the center. On the medallion: a tall oval standing mirror with a four-point sparkle in its glass, rendered as a single chunky matte-black object (#1E1B18) with rounded edges, soft studio lighting from the top-left, a short soft shadow on the cream medallion. No text, no letters, no numbers anywhere. Flat composition, no perspective tilt, no extra objects, no background scene, no watermark, crisp edges, high detail, 1024x1024.","text, letters, watermark, logo of real brands, photorealistic person, face, hands, gradient background, perspective, multiple objects, clutter, blur"
ACT-32,ACT,RF33,Vista-me,normal,nomesh,24,act-32-normal-nomesh.png,"A circular app icon badge in soft 3D clay-render style, front view, centered, on a pure white background. Outer ring: a thick dark espresso-brown disc (#2A211C) with a subtly beveled rim. The dark disc is plain, no network mesh, no nodes. Behind the mesh, a vibrant orange halo (#F57C1F) surrounds a smooth matte cream medallion (#F5EBD7) in the center. On the medallion: a tall oval standing mirror with a four-point sparkle in its glass, rendered as a single chunky matte-black object (#1E1B18) with rounded edges, soft studio lighting from the top-left, a short soft shadow on the cream medallion. No text, no letters, no numbers anywhere. Flat composition, no perspective tilt, no extra objects, no background scene, no watermark, crisp edges, high detail, 1024x1024.","text, letters, watermark, logo of real brands, photorealistic person, face, hands, gradient background, perspective, multiple objects, clutter, blur"
ACT-32,ACT,RF33,Vista-me,ativo,full,"512,96",act-32-ativo.png,"A circular app icon badge in soft 3D clay-render style, front view, centered, on a pure white background. Outer ring: a thick dark espresso-brown disc (#2A211C) with a subtly beveled rim. On the disc: a network mesh of thin cream-colored threads forming triangles, connecting round glossy nodes in yellow, orange, green, blue and brown, larger nodes near the outer edge, smaller near the center. Behind the mesh, a vibrant orange halo (#F57C1F) surrounds a smooth matte cream medallion (#F5EBD7) in the center. On the medallion: a tall oval standing mirror with a four-point sparkle in its glass, rendered as a single chunky matte-black object (#1E1B18) with rounded edges, soft studio lighting from the top-left, a short soft shadow on the cream medallion. With accent details in bright orange (#F57C1F): an orange sparkle. No text, no letters, no numbers anywhere. Flat composition, no perspective tilt, no extra objects, no background scene, no watermark, crisp edges, high detail, 1024x1024.","text, letters, watermark, logo of real brands, photorealistic person, face, hands, gradient background, perspective, multiple objects, clutter, blur"
ACT-32,ACT,RF33,Vista-me,ativo,halfmesh,48,act-32-ativo-halfmesh.png,"A circular app icon badge in soft 3D clay-render style, front view, centered, on a pure white background. Outer ring: a thick dark espresso-brown disc (#2A211C) with a subtly beveled rim. On the disc: a sparse network mesh of thin cream-colored threads with half the usual number of round glossy nodes in yellow, orange, green, blue and brown, larger nodes near the outer edge. Behind the mesh, a vibrant orange halo (#F57C1F) surrounds a smooth matte cream medallion (#F5EBD7) in the center. On the medallion: a tall oval standing mirror with a four-point sparkle in its glass, rendered as a single chunky matte-black object (#1E1B18) with rounded edges, soft studio lighting from the top-left, a short soft shadow on the cream medallion. With accent details in bright orange (#F57C1F): an orange sparkle. No text, no letters, no numbers anywhere. Flat composition, no perspective tilt, no extra objects, no background scene, no watermark, crisp edges, high detail, 1024x1024.","text, letters, watermark, logo of real brands, photorealistic person, face, hands, gradient background, perspective, multiple objects, clutter, blur"
ACT-32,ACT,RF33,Vista-me,ativo,nomesh,24,act-32-ativo-nomesh.png,"A circular app icon badge in soft 3D clay-render style, front view, centered, on a pure white background. Outer ring: a thick dark espresso-brown disc (#2A211C) with a subtly beveled rim. The dark disc is plain, no network mesh, no nodes. Behind the mesh, a vibrant orange halo (#F57C1F) surrounds a smooth matte cream medallion (#F5EBD7) in the center. On the medallion: a tall oval standing mirror with a four-point sparkle in its glass, rendered as a single chunky matte-black object (#1E1B18) with rounded edges, soft studio lighting from the top-left, a short soft shadow on the cream medallion. With accent details in bright orange (#F57C1F): an orange sparkle. No text, no letters, no numbers anywhere. Flat composition, no perspective tilt, no extra objects, no background scene, no watermark, crisp edges, high detail, 1024x1024.","text, letters, watermark, logo of real brands, photorealistic person, face, hands, gradient background, perspective, multiple objects, clutter, blur"
ACT-33,ACT,RF33,Tira uma coisa,normal,full,"512,96",act-33-normal.png,"A circular app icon badge in soft 3D clay-render style, front view, centered, on a pure white background. Outer ring: a thick dark espresso-brown disc (#2A211C) with a subtly beveled rim. On the disc: a network mesh of thin cream-colored threads forming triangles, connecting round glossy nodes in yellow, orange, green, blue and brown, larger nodes near the outer edge, smaller near the center. Behind the mesh, a vibrant orange halo (#F57C1F) surrounds a smooth matte cream medallion (#F5EBD7) in the center. On the medallion: a necklace lifting off a hanger, with a small minus sign beside it, rendered as a single chunky matte-black object (#1E1B18) with rounded edges, soft studio lighting from the top-left, a short soft shadow on the cream medallion. No text, no letters, no numbers anywhere. Flat composition, no perspective tilt, no extra objects, no background scene, no watermark, crisp edges, high detail, 1024x1024.","text, letters, watermark, logo of real brands, photorealistic person, face, hands, gradient background, perspective, multiple objects, clutter, blur"
ACT-33,ACT,RF33,Tira uma coisa,normal,halfmesh,48,act-33-normal-halfmesh.png,"A circular app icon badge in soft 3D clay-render style, front view, centered, on a pure white background. Outer ring: a thick dark espresso-brown disc (#2A211C) with a subtly beveled rim. On the disc: a sparse network mesh of thin cream-colored threads with half the usual number of round glossy nodes in yellow, orange, green, blue and brown, larger nodes near the outer edge. Behind the mesh, a vibrant orange halo (#F57C1F) surrounds a smooth matte cream medallion (#F5EBD7) in the center. On the medallion: a necklace lifting off a hanger, with a small minus sign beside it, rendered as a single chunky matte-black object (#1E1B18) with rounded edges, soft studio lighting from the top-left, a short soft shadow on the cream medallion. No text, no letters, no numbers anywhere. Flat composition, no perspective tilt, no extra objects, no background scene, no watermark, crisp edges, high detail, 1024x1024.","text, letters, watermark, logo of real brands, photorealistic person, face, hands, gradient background, perspective, multiple objects, clutter, blur"
ACT-33,ACT,RF33,Tira uma coisa,normal,nomesh,24,act-33-normal-nomesh.png,"A circular app icon badge in soft 3D clay-render style, front view, centered, on a pure white background. Outer ring: a thick dark espresso-brown disc (#2A211C) with a subtly beveled rim. The dark disc is plain, no network mesh, no nodes. Behind the mesh, a vibrant orange halo (#F57C1F) surrounds a smooth matte cream medallion (#F5EBD7) in the center. On the medallion: a necklace lifting off a hanger, with a small minus sign beside it, rendered as a single chunky matte-black object (#1E1B18) with rounded edges, soft studio lighting from the top-left, a short soft shadow on the cream medallion. No text, no letters, no numbers anywhere. Flat composition, no perspective tilt, no extra objects, no background scene, no watermark, crisp edges, high detail, 1024x1024.","text, letters, watermark, logo of real brands, photorealistic person, face, hands, gradient background, perspective, multiple objects, clutter, blur"
ACT-33,ACT,RF33,Tira uma coisa,ativo,full,"512,96",act-33-ativo.png,"A circular app icon badge in soft 3D clay-render style, front view, centered, on a pure white background. Outer ring: a thick dark espresso-brown disc (#2A211C) with a subtly beveled rim. On the disc: a network mesh of thin cream-colored threads forming triangles, connecting round glossy nodes in yellow, orange, green, blue and brown, larger nodes near the outer edge, smaller near the center. Behind the mesh, a vibrant orange halo (#F57C1F) surrounds a smooth matte cream medallion (#F5EBD7) in the center. On the medallion: a necklace lifting off a hanger, with a small minus sign beside it, rendered as a single chunky matte-black object (#1E1B18) with rounded edges, soft studio lighting from the top-left, a short soft shadow on the cream medallion. With accent details in bright orange (#F57C1F): an orange minus sign. No text, no letters, no numbers anywhere. Flat composition, no perspective tilt, no extra objects, no background scene, no watermark, crisp edges, high detail, 1024x1024.","text, letters, watermark, logo of real brands, photorealistic person, face, hands, gradient background, perspective, multiple objects, clutter, blur"
ACT-33,ACT,RF33,Tira uma coisa,ativo,halfmesh,48,act-33-ativo-halfmesh.png,"A circular app icon badge in soft 3D clay-render style, front view, centered, on a pure white background. Outer ring: a thick dark espresso-brown disc (#2A211C) with a subtly beveled rim. On the disc: a sparse network mesh of thin cream-colored threads with half the usual number of round glossy nodes in yellow, orange, green, blue and brown, larger nodes near the outer edge. Behind the mesh, a vibrant orange halo (#F57C1F) surrounds a smooth matte cream medallion (#F5EBD7) in the center. On the medallion: a necklace lifting off a hanger, with a small minus sign beside it, rendered as a single chunky matte-black object (#1E1B18) with rounded edges, soft studio lighting from the top-left, a short soft shadow on the cream medallion. With accent details in bright orange (#F57C1F): an orange minus sign. No text, no letters, no numbers anywhere. Flat composition, no perspective tilt, no extra objects, no background scene, no watermark, crisp edges, high detail, 1024x1024.","text, letters, watermark, logo of real brands, photorealistic person, face, hands, gradient background, perspective, multiple objects, clutter, blur"
ACT-33,ACT,RF33,Tira uma coisa,ativo,nomesh,24,act-33-ativo-nomesh.png,"A circular app icon badge in soft 3D clay-render style, front view, centered, on a pure white background. Outer ring: a thick dark espresso-brown disc (#2A211C) with a subtly beveled rim. The dark disc is plain, no network mesh, no nodes. Behind the mesh, a vibrant orange halo (#F57C1F) surrounds a smooth matte cream medallion (#F5EBD7) in the center. On the medallion: a necklace lifting off a hanger, with a small minus sign beside it, rendered as a single chunky matte-black object (#1E1B18) with rounded edges, soft studio lighting from the top-left, a short soft shadow on the cream medallion. With accent details in bright orange (#F57C1F): an orange minus sign. No text, no letters, no numbers anywhere. Flat composition, no perspective tilt, no extra objects, no background scene, no watermark, crisp edges, high detail, 1024x1024.","text, letters, watermark, logo of real brands, photorealistic person, face, hands, gradient background, perspective, multiple objects, clutter, blur"
ACT-34,ACT,RF33,Trocar uma peça,normal,full,"512,96",act-34-normal.png,"A circular app icon badge in soft 3D clay-render style, front view, centered, on a pure white background. Outer ring: a thick dark espresso-brown disc (#2A211C) with a subtly beveled rim. On the disc: a network mesh of thin cream-colored threads forming triangles, connecting round glossy nodes in yellow, orange, green, blue and brown, larger nodes near the outer edge, smaller near the center. Behind the mesh, a vibrant orange halo (#F57C1F) surrounds a smooth matte cream medallion (#F5EBD7) in the center. On the medallion: two clothes hangers with two curved arrows swapping them, rendered as a single chunky matte-black object (#1E1B18) with rounded edges, soft studio lighting from the top-left, a short soft shadow on the cream medallion. No text, no letters, no numbers anywhere. Flat composition, no perspective tilt, no extra objects, no background scene, no watermark, crisp edges, high detail, 1024x1024.","text, letters, watermark, logo of real brands, photorealistic person, face, hands, gradient background, perspective, multiple objects, clutter, blur"
ACT-34,ACT,RF33,Trocar uma peça,normal,halfmesh,48,act-34-normal-halfmesh.png,"A circular app icon badge in soft 3D clay-render style, front view, centered, on a pure white background. Outer ring: a thick dark espresso-brown disc (#2A211C) with a subtly beveled rim. On the disc: a sparse network mesh of thin cream-colored threads with half the usual number of round glossy nodes in yellow, orange, green, blue and brown, larger nodes near the outer edge. Behind the mesh, a vibrant orange halo (#F57C1F) surrounds a smooth matte cream medallion (#F5EBD7) in the center. On the medallion: two clothes hangers with two curved arrows swapping them, rendered as a single chunky matte-black object (#1E1B18) with rounded edges, soft studio lighting from the top-left, a short soft shadow on the cream medallion. No text, no letters, no numbers anywhere. Flat composition, no perspective tilt, no extra objects, no background scene, no watermark, crisp edges, high detail, 1024x1024.","text, letters, watermark, logo of real brands, photorealistic person, face, hands, gradient background, perspective, multiple objects, clutter, blur"
ACT-34,ACT,RF33,Trocar uma peça,normal,nomesh,24,act-34-normal-nomesh.png,"A circular app icon badge in soft 3D clay-render style, front view, centered, on a pure white background. Outer ring: a thick dark espresso-brown disc (#2A211C) with a subtly beveled rim. The dark disc is plain, no network mesh, no nodes. Behind the mesh, a vibrant orange halo (#F57C1F) surrounds a smooth matte cream medallion (#F5EBD7) in the center. On the medallion: two clothes hangers with two curved arrows swapping them, rendered as a single chunky matte-black object (#1E1B18) with rounded edges, soft studio lighting from the top-left, a short soft shadow on the cream medallion. No text, no letters, no numbers anywhere. Flat composition, no perspective tilt, no extra objects, no background scene, no watermark, crisp edges, high detail, 1024x1024.","text, letters, watermark, logo of real brands, photorealistic person, face, hands, gradient background, perspective, multiple objects, clutter, blur"
ACT-34,ACT,RF33,Trocar uma peça,ativo,full,"512,96",act-34-ativo.png,"A circular app icon badge in soft 3D clay-render style, front view, centered, on a pure white background. Outer ring: a thick dark espresso-brown disc (#2A211C) with a subtly beveled rim. On the disc: a network mesh of thin cream-colored threads forming triangles, connecting round glossy nodes in yellow, orange, green, blue and brown, larger nodes near the outer edge, smaller near the center. Behind the mesh, a vibrant orange halo (#F57C1F) surrounds a smooth matte cream medallion (#F5EBD7) in the center. On the medallion: two clothes hangers with two curved arrows swapping them, rendered as a single chunky matte-black object (#1E1B18) with rounded edges, soft studio lighting from the top-left, a short soft shadow on the cream medallion. With accent details in bright orange (#F57C1F): orange arrows. No text, no letters, no numbers anywhere. Flat composition, no perspective tilt, no extra objects, no background scene, no watermark, crisp edges, high detail, 1024x1024.","text, letters, watermark, logo of real brands, photorealistic person, face, hands, gradient background, perspective, multiple objects, clutter, blur"
ACT-34,ACT,RF33,Trocar uma peça,ativo,halfmesh,48,act-34-ativo-halfmesh.png,"A circular app icon badge in soft 3D clay-render style, front view, centered, on a pure white background. Outer ring: a thick dark espresso-brown disc (#2A211C) with a subtly beveled rim. On the disc: a sparse network mesh of thin cream-colored threads with half the usual number of round glossy nodes in yellow, orange, green, blue and brown, larger nodes near the outer edge. Behind the mesh, a vibrant orange halo (#F57C1F) surrounds a smooth matte cream medallion (#F5EBD7) in the center. On the medallion: two clothes hangers with two curved arrows swapping them, rendered as a single chunky matte-black object (#1E1B18) with rounded edges, soft studio lighting from the top-left, a short soft shadow on the cream medallion. With accent details in bright orange (#F57C1F): orange arrows. No text, no letters, no numbers anywhere. Flat composition, no perspective tilt, no extra objects, no background scene, no watermark, crisp edges, high detail, 1024x1024.","text, letters, watermark, logo of real brands, photorealistic person, face, hands, gradient background, perspective, multiple objects, clutter, blur"
ACT-34,ACT,RF33,Trocar uma peça,ativo,nomesh,24,act-34-ativo-nomesh.png,"A circular app icon badge in soft 3D clay-render style, front view, centered, on a pure white background. Outer ring: a thick dark espresso-brown disc (#2A211C) with a subtly beveled rim. The dark disc is plain, no network mesh, no nodes. Behind the mesh, a vibrant orange halo (#F57C1F) surrounds a smooth matte cream medallion (#F5EBD7) in the center. On the medallion: two clothes hangers with two curved arrows swapping them, rendered as a single chunky matte-black object (#1E1B18) with rounded edges, soft studio lighting from the top-left, a short soft shadow on the cream medallion. With accent details in bright orange (#F57C1F): orange arrows. No text, no letters, no numbers anywhere. Flat composition, no perspective tilt, no extra objects, no background scene, no watermark, crisp edges, high detail, 1024x1024.","text, letters, watermark, logo of real brands, photorealistic person, face, hands, gradient background, perspective, multiple objects, clutter, blur"
ACT-35,ACT,RF33,Sugerir calçado,normal,full,"512,96",act-35-normal.png,"A circular app icon badge in soft 3D clay-render style, front view, centered, on a pure white background. Outer ring: a thick dark espresso-brown disc (#2A211C) with a subtly beveled rim. On the disc: a network mesh of thin cream-colored threads forming triangles, connecting round glossy nodes in yellow, orange, green, blue and brown, larger nodes near the outer edge, smaller near the center. Behind the mesh, a vibrant orange halo (#F57C1F) surrounds a smooth matte cream medallion (#F5EBD7) in the center. On the medallion: a sneaker with a small four-point sparkle above it, rendered as a single chunky matte-black object (#1E1B18) with rounded edges, soft studio lighting from the top-left, a short soft shadow on the cream medallion. No text, no letters, no numbers anywhere. Flat composition, no perspective tilt, no extra objects, no background scene, no watermark, crisp edges, high detail, 1024x1024.","text, letters, watermark, logo of real brands, photorealistic person, face, hands, gradient background, perspective, multiple objects, clutter, blur"
ACT-35,ACT,RF33,Sugerir calçado,normal,halfmesh,48,act-35-normal-halfmesh.png,"A circular app icon badge in soft 3D clay-render style, front view, centered, on a pure white background. Outer ring: a thick dark espresso-brown disc (#2A211C) with a subtly beveled rim. On the disc: a sparse network mesh of thin cream-colored threads with half the usual number of round glossy nodes in yellow, orange, green, blue and brown, larger nodes near the outer edge. Behind the mesh, a vibrant orange halo (#F57C1F) surrounds a smooth matte cream medallion (#F5EBD7) in the center. On the medallion: a sneaker with a small four-point sparkle above it, rendered as a single chunky matte-black object (#1E1B18) with rounded edges, soft studio lighting from the top-left, a short soft shadow on the cream medallion. No text, no letters, no numbers anywhere. Flat composition, no perspective tilt, no extra objects, no background scene, no watermark, crisp edges, high detail, 1024x1024.","text, letters, watermark, logo of real brands, photorealistic person, face, hands, gradient background, perspective, multiple objects, clutter, blur"
ACT-35,ACT,RF33,Sugerir calçado,normal,nomesh,24,act-35-normal-nomesh.png,"A circular app icon badge in soft 3D clay-render style, front view, centered, on a pure white background. Outer ring: a thick dark espresso-brown disc (#2A211C) with a subtly beveled rim. The dark disc is plain, no network mesh, no nodes. Behind the mesh, a vibrant orange halo (#F57C1F) surrounds a smooth matte cream medallion (#F5EBD7) in the center. On the medallion: a sneaker with a small four-point sparkle above it, rendered as a single chunky matte-black object (#1E1B18) with rounded edges, soft studio lighting from the top-left, a short soft shadow on the cream medallion. No text, no letters, no numbers anywhere. Flat composition, no perspective tilt, no extra objects, no background scene, no watermark, crisp edges, high detail, 1024x1024.","text, letters, watermark, logo of real brands, photorealistic person, face, hands, gradient background, perspective, multiple objects, clutter, blur"
ACT-35,ACT,RF33,Sugerir calçado,ativo,full,"512,96",act-35-ativo.png,"A circular app icon badge in soft 3D clay-render style, front view, centered, on a pure white background. Outer ring: a thick dark espresso-brown disc (#2A211C) with a subtly beveled rim. On the disc: a network mesh of thin cream-colored threads forming triangles, connecting round glossy nodes in yellow, orange, green, blue and brown, larger nodes near the outer edge, smaller near the center. Behind the mesh, a vibrant orange halo (#F57C1F) surrounds a smooth matte cream medallion (#F5EBD7) in the center. On the medallion: a sneaker with a small four-point sparkle above it, rendered as a single chunky matte-black object (#1E1B18) with rounded edges, soft studio lighting from the top-left, a short soft shadow on the cream medallion. With accent details in bright orange (#F57C1F): an orange sparkle. No text, no letters, no numbers anywhere. Flat composition, no perspective tilt, no extra objects, no background scene, no watermark, crisp edges, high detail, 1024x1024.","text, letters, watermark, logo of real brands, photorealistic person, face, hands, gradient background, perspective, multiple objects, clutter, blur"
ACT-35,ACT,RF33,Sugerir calçado,ativo,halfmesh,48,act-35-ativo-halfmesh.png,"A circular app icon badge in soft 3D clay-render style, front view, centered, on a pure white background. Outer ring: a thick dark espresso-brown disc (#2A211C) with a subtly beveled rim. On the disc: a sparse network mesh of thin cream-colored threads with half the usual number of round glossy nodes in yellow, orange, green, blue and brown, larger nodes near the outer edge. Behind the mesh, a vibrant orange halo (#F57C1F) surrounds a smooth matte cream medallion (#F5EBD7) in the center. On the medallion: a sneaker with a small four-point sparkle above it, rendered as a single chunky matte-black object (#1E1B18) with rounded edges, soft studio lighting from the top-left, a short soft shadow on the cream medallion. With accent details in bright orange (#F57C1F): an orange sparkle. No text, no letters, no numbers anywhere. Flat composition, no perspective tilt, no extra objects, no background scene, no watermark, crisp edges, high detail, 1024x1024.","text, letters, watermark, logo of real brands, photorealistic person, face, hands, gradient background, perspective, multiple objects, clutter, blur"
ACT-35,ACT,RF33,Sugerir calçado,ativo,nomesh,24,act-35-ativo-nomesh.png,"A circular app icon badge in soft 3D clay-render style, front view, centered, on a pure white background. Outer ring: a thick dark espresso-brown disc (#2A211C) with a subtly beveled rim. The dark disc is plain, no network mesh, no nodes. Behind the mesh, a vibrant orange halo (#F57C1F) surrounds a smooth matte cream medallion (#F5EBD7) in the center. On the medallion: a sneaker with a small four-point sparkle above it, rendered as a single chunky matte-black object (#1E1B18) with rounded edges, soft studio lighting from the top-left, a short soft shadow on the cream medallion. With accent details in bright orange (#F57C1F): an orange sparkle. No text, no letters, no numbers anywhere. Flat composition, no perspective tilt, no extra objects, no background scene, no watermark, crisp edges, high detail, 1024x1024.","text, letters, watermark, logo of real brands, photorealistic person, face, hands, gradient background, perspective, multiple objects, clutter, blur"
ACT-36,ACT,RF33,Usar este look,normal,full,"512,96",act-36-normal.png,"A circular app icon badge in soft 3D clay-render style, front view, centered, on a pure white background. Outer ring: a thick dark espresso-brown disc (#2A211C) with a subtly beveled rim. On the disc: a network mesh of thin cream-colored threads forming triangles, connecting round glossy nodes in yellow, orange, green, blue and brown, larger nodes near the outer edge, smaller near the center. Behind the mesh, a vibrant orange halo (#F57C1F) surrounds a smooth matte cream medallion (#F5EBD7) in the center. On the medallion: a clothes hanger holding a full outfit, with a round check-mark tag, rendered as a single chunky matte-black object (#1E1B18) with rounded edges, soft studio lighting from the top-left, a short soft shadow on the cream medallion. No text, no letters, no numbers anywhere. Flat composition, no perspective tilt, no extra objects, no background scene, no watermark, crisp edges, high detail, 1024x1024.","text, letters, watermark, logo of real brands, photorealistic person, face, hands, gradient background, perspective, multiple objects, clutter, blur"
ACT-36,ACT,RF33,Usar este look,normal,halfmesh,48,act-36-normal-halfmesh.png,"A circular app icon badge in soft 3D clay-render style, front view, centered, on a pure white background. Outer ring: a thick dark espresso-brown disc (#2A211C) with a subtly beveled rim. On the disc: a sparse network mesh of thin cream-colored threads with half the usual number of round glossy nodes in yellow, orange, green, blue and brown, larger nodes near the outer edge. Behind the mesh, a vibrant orange halo (#F57C1F) surrounds a smooth matte cream medallion (#F5EBD7) in the center. On the medallion: a clothes hanger holding a full outfit, with a round check-mark tag, rendered as a single chunky matte-black object (#1E1B18) with rounded edges, soft studio lighting from the top-left, a short soft shadow on the cream medallion. No text, no letters, no numbers anywhere. Flat composition, no perspective tilt, no extra objects, no background scene, no watermark, crisp edges, high detail, 1024x1024.","text, letters, watermark, logo of real brands, photorealistic person, face, hands, gradient background, perspective, multiple objects, clutter, blur"
ACT-36,ACT,RF33,Usar este look,normal,nomesh,24,act-36-normal-nomesh.png,"A circular app icon badge in soft 3D clay-render style, front view, centered, on a pure white background. Outer ring: a thick dark espresso-brown disc (#2A211C) with a subtly beveled rim. The dark disc is plain, no network mesh, no nodes. Behind the mesh, a vibrant orange halo (#F57C1F) surrounds a smooth matte cream medallion (#F5EBD7) in the center. On the medallion: a clothes hanger holding a full outfit, with a round check-mark tag, rendered as a single chunky matte-black object (#1E1B18) with rounded edges, soft studio lighting from the top-left, a short soft shadow on the cream medallion. No text, no letters, no numbers anywhere. Flat composition, no perspective tilt, no extra objects, no background scene, no watermark, crisp edges, high detail, 1024x1024.","text, letters, watermark, logo of real brands, photorealistic person, face, hands, gradient background, perspective, multiple objects, clutter, blur"
ACT-36,ACT,RF33,Usar este look,ativo,full,"512,96",act-36-ativo.png,"A circular app icon badge in soft 3D clay-render style, front view, centered, on a pure white background. Outer ring: a thick dark espresso-brown disc (#2A211C) with a subtly beveled rim. On the disc: a network mesh of thin cream-colored threads forming triangles, connecting round glossy nodes in yellow, orange, green, blue and brown, larger nodes near the outer edge, smaller near the center. Behind the mesh, a vibrant orange halo (#F57C1F) surrounds a smooth matte cream medallion (#F5EBD7) in the center. On the medallion: a clothes hanger holding a full outfit, with a round check-mark tag, rendered as a single chunky matte-black object (#1E1B18) with rounded edges, soft studio lighting from the top-left, a short soft shadow on the cream medallion. With accent details in bright orange (#F57C1F): an orange check tag. No text, no letters, no numbers anywhere. Flat composition, no perspective tilt, no extra objects, no background scene, no watermark, crisp edges, high detail, 1024x1024.","text, letters, watermark, logo of real brands, photorealistic person, face, hands, gradient background, perspective, multiple objects, clutter, blur"
ACT-36,ACT,RF33,Usar este look,ativo,halfmesh,48,act-36-ativo-halfmesh.png,"A circular app icon badge in soft 3D clay-render style, front view, centered, on a pure white background. Outer ring: a thick dark espresso-brown disc (#2A211C) with a subtly beveled rim. On the disc: a sparse network mesh of thin cream-colored threads with half the usual number of round glossy nodes in yellow, orange, green, blue and brown, larger nodes near the outer edge. Behind the mesh, a vibrant orange halo (#F57C1F) surrounds a smooth matte cream medallion (#F5EBD7) in the center. On the medallion: a clothes hanger holding a full outfit, with a round check-mark tag, rendered as a single chunky matte-black object (#1E1B18) with rounded edges, soft studio lighting from the top-left, a short soft shadow on the cream medallion. With accent details in bright orange (#F57C1F): an orange check tag. No text, no letters, no numbers anywhere. Flat composition, no perspective tilt, no extra objects, no background scene, no watermark, crisp edges, high detail, 1024x1024.","text, letters, watermark, logo of real brands, photorealistic person, face, hands, gradient background, perspective, multiple objects, clutter, blur"
ACT-36,ACT,RF33,Usar este look,ativo,nomesh,24,act-36-ativo-nomesh.png,"A circular app icon badge in soft 3D clay-render style, front view, centered, on a pure white background. Outer ring: a thick dark espresso-brown disc (#2A211C) with a subtly beveled rim. The dark disc is plain, no network mesh, no nodes. Behind the mesh, a vibrant orange halo (#F57C1F) surrounds a smooth matte cream medallion (#F5EBD7) in the center. On the medallion: a clothes hanger holding a full outfit, with a round check-mark tag, rendered as a single chunky matte-black object (#1E1B18) with rounded edges, soft studio lighting from the top-left, a short soft shadow on the cream medallion. With accent details in bright orange (#F57C1F): an orange check tag. No text, no letters, no numbers anywhere. Flat composition, no perspective tilt, no extra objects, no background scene, no watermark, crisp edges, high detail, 1024x1024.","text, letters, watermark, logo of real brands, photorealistic person, face, hands, gradient background, perspective, multiple objects, clutter, blur"
ACT-37,ACT,RF34,Destaques,normal,full,"512,96",act-37-normal.png,"A circular app icon badge in soft 3D clay-render style, front view, centered, on a pure white background. Outer ring: a thick dark espresso-brown disc (#2A211C) with a subtly beveled rim. On the disc: a network mesh of thin cream-colored threads forming triangles, connecting round glossy nodes in yellow, orange, green, blue and brown, larger nodes near the outer edge, smaller near the center. Behind the mesh, a vibrant orange halo (#F57C1F) surrounds a smooth matte cream medallion (#F5EBD7) in the center. On the medallion: a trophy cup whose handles are two clothes hangers, rendered as a single chunky matte-black object (#1E1B18) with rounded edges, soft studio lighting from the top-left, a short soft shadow on the cream medallion. No text, no letters, no numbers anywhere. Flat composition, no perspective tilt, no extra objects, no background scene, no watermark, crisp edges, high detail, 1024x1024.","text, letters, watermark, logo of real brands, photorealistic person, face, hands, gradient background, perspective, multiple objects, clutter, blur"
ACT-37,ACT,RF34,Destaques,normal,halfmesh,48,act-37-normal-halfmesh.png,"A circular app icon badge in soft 3D clay-render style, front view, centered, on a pure white background. Outer ring: a thick dark espresso-brown disc (#2A211C) with a subtly beveled rim. On the disc: a sparse network mesh of thin cream-colored threads with half the usual number of round glossy nodes in yellow, orange, green, blue and brown, larger nodes near the outer edge. Behind the mesh, a vibrant orange halo (#F57C1F) surrounds a smooth matte cream medallion (#F5EBD7) in the center. On the medallion: a trophy cup whose handles are two clothes hangers, rendered as a single chunky matte-black object (#1E1B18) with rounded edges, soft studio lighting from the top-left, a short soft shadow on the cream medallion. No text, no letters, no numbers anywhere. Flat composition, no perspective tilt, no extra objects, no background scene, no watermark, crisp edges, high detail, 1024x1024.","text, letters, watermark, logo of real brands, photorealistic person, face, hands, gradient background, perspective, multiple objects, clutter, blur"
ACT-37,ACT,RF34,Destaques,normal,nomesh,24,act-37-normal-nomesh.png,"A circular app icon badge in soft 3D clay-render style, front view, centered, on a pure white background. Outer ring: a thick dark espresso-brown disc (#2A211C) with a subtly beveled rim. The dark disc is plain, no network mesh, no nodes. Behind the mesh, a vibrant orange halo (#F57C1F) surrounds a smooth matte cream medallion (#F5EBD7) in the center. On the medallion: a trophy cup whose handles are two clothes hangers, rendered as a single chunky matte-black object (#1E1B18) with rounded edges, soft studio lighting from the top-left, a short soft shadow on the cream medallion. No text, no letters, no numbers anywhere. Flat composition, no perspective tilt, no extra objects, no background scene, no watermark, crisp edges, high detail, 1024x1024.","text, letters, watermark, logo of real brands, photorealistic person, face, hands, gradient background, perspective, multiple objects, clutter, blur"
ACT-37,ACT,RF34,Destaques,ativo,full,"512,96",act-37-ativo.png,"A circular app icon badge in soft 3D clay-render style, front view, centered, on a pure white background. Outer ring: a thick dark espresso-brown disc (#2A211C) with a subtly beveled rim. On the disc: a network mesh of thin cream-colored threads forming triangles, connecting round glossy nodes in yellow, orange, green, blue and brown, larger nodes near the outer edge, smaller near the center. Behind the mesh, a vibrant orange halo (#F57C1F) surrounds a smooth matte cream medallion (#F5EBD7) in the center. On the medallion: a trophy cup whose handles are two clothes hangers, rendered as a single chunky matte-black object (#1E1B18) with rounded edges, soft studio lighting from the top-left, a short soft shadow on the cream medallion. With accent details in bright orange (#F57C1F): orange hanger handles. No text, no letters, no numbers anywhere. Flat composition, no perspective tilt, no extra objects, no background scene, no watermark, crisp edges, high detail, 1024x1024.","text, letters, watermark, logo of real brands, photorealistic person, face, hands, gradient background, perspective, multiple objects, clutter, blur"
ACT-37,ACT,RF34,Destaques,ativo,halfmesh,48,act-37-ativo-halfmesh.png,"A circular app icon badge in soft 3D clay-render style, front view, centered, on a pure white background. Outer ring: a thick dark espresso-brown disc (#2A211C) with a subtly beveled rim. On the disc: a sparse network mesh of thin cream-colored threads with half the usual number of round glossy nodes in yellow, orange, green, blue and brown, larger nodes near the outer edge. Behind the mesh, a vibrant orange halo (#F57C1F) surrounds a smooth matte cream medallion (#F5EBD7) in the center. On the medallion: a trophy cup whose handles are two clothes hangers, rendered as a single chunky matte-black object (#1E1B18) with rounded edges, soft studio lighting from the top-left, a short soft shadow on the cream medallion. With accent details in bright orange (#F57C1F): orange hanger handles. No text, no letters, no numbers anywhere. Flat composition, no perspective tilt, no extra objects, no background scene, no watermark, crisp edges, high detail, 1024x1024.","text, letters, watermark, logo of real brands, photorealistic person, face, hands, gradient background, perspective, multiple objects, clutter, blur"
ACT-37,ACT,RF34,Destaques,ativo,nomesh,24,act-37-ativo-nomesh.png,"A circular app icon badge in soft 3D clay-render style, front view, centered, on a pure white background. Outer ring: a thick dark espresso-brown disc (#2A211C) with a subtly beveled rim. The dark disc is plain, no network mesh, no nodes. Behind the mesh, a vibrant orange halo (#F57C1F) surrounds a smooth matte cream medallion (#F5EBD7) in the center. On the medallion: a trophy cup whose handles are two clothes hangers, rendered as a single chunky matte-black object (#1E1B18) with rounded edges, soft studio lighting from the top-left, a short soft shadow on the cream medallion. With accent details in bright orange (#F57C1F): orange hanger handles. No text, no letters, no numbers anywhere. Flat composition, no perspective tilt, no extra objects, no background scene, no watermark, crisp edges, high detail, 1024x1024.","text, letters, watermark, logo of real brands, photorealistic person, face, hands, gradient background, perspective, multiple objects, clutter, blur"
ACT-38,ACT,RF34,Como melhorar meu inventário,normal,full,"512,96",act-38-normal.png,"A circular app icon badge in soft 3D clay-render style, front view, centered, on a pure white background. Outer ring: a thick dark espresso-brown disc (#2A211C) with a subtly beveled rim. On the disc: a network mesh of thin cream-colored threads forming triangles, connecting round glossy nodes in yellow, orange, green, blue and brown, larger nodes near the outer edge, smaller near the center. Behind the mesh, a vibrant orange halo (#F57C1F) surrounds a smooth matte cream medallion (#F5EBD7) in the center. On the medallion: a light bulb whose filament is a thread with a needle, rendered as a single chunky matte-black object (#1E1B18) with rounded edges, soft studio lighting from the top-left, a short soft shadow on the cream medallion. No text, no letters, no numbers anywhere. Flat composition, no perspective tilt, no extra objects, no background scene, no watermark, crisp edges, high detail, 1024x1024.","text, letters, watermark, logo of real brands, photorealistic person, face, hands, gradient background, perspective, multiple objects, clutter, blur"
ACT-38,ACT,RF34,Como melhorar meu inventário,normal,halfmesh,48,act-38-normal-halfmesh.png,"A circular app icon badge in soft 3D clay-render style, front view, centered, on a pure white background. Outer ring: a thick dark espresso-brown disc (#2A211C) with a subtly beveled rim. On the disc: a sparse network mesh of thin cream-colored threads with half the usual number of round glossy nodes in yellow, orange, green, blue and brown, larger nodes near the outer edge. Behind the mesh, a vibrant orange halo (#F57C1F) surrounds a smooth matte cream medallion (#F5EBD7) in the center. On the medallion: a light bulb whose filament is a thread with a needle, rendered as a single chunky matte-black object (#1E1B18) with rounded edges, soft studio lighting from the top-left, a short soft shadow on the cream medallion. No text, no letters, no numbers anywhere. Flat composition, no perspective tilt, no extra objects, no background scene, no watermark, crisp edges, high detail, 1024x1024.","text, letters, watermark, logo of real brands, photorealistic person, face, hands, gradient background, perspective, multiple objects, clutter, blur"
ACT-38,ACT,RF34,Como melhorar meu inventário,normal,nomesh,24,act-38-normal-nomesh.png,"A circular app icon badge in soft 3D clay-render style, front view, centered, on a pure white background. Outer ring: a thick dark espresso-brown disc (#2A211C) with a subtly beveled rim. The dark disc is plain, no network mesh, no nodes. Behind the mesh, a vibrant orange halo (#F57C1F) surrounds a smooth matte cream medallion (#F5EBD7) in the center. On the medallion: a light bulb whose filament is a thread with a needle, rendered as a single chunky matte-black object (#1E1B18) with rounded edges, soft studio lighting from the top-left, a short soft shadow on the cream medallion. No text, no letters, no numbers anywhere. Flat composition, no perspective tilt, no extra objects, no background scene, no watermark, crisp edges, high detail, 1024x1024.","text, letters, watermark, logo of real brands, photorealistic person, face, hands, gradient background, perspective, multiple objects, clutter, blur"
ACT-38,ACT,RF34,Como melhorar meu inventário,ativo,full,"512,96",act-38-ativo.png,"A circular app icon badge in soft 3D clay-render style, front view, centered, on a pure white background. Outer ring: a thick dark espresso-brown disc (#2A211C) with a subtly beveled rim. On the disc: a network mesh of thin cream-colored threads forming triangles, connecting round glossy nodes in yellow, orange, green, blue and brown, larger nodes near the outer edge, smaller near the center. Behind the mesh, a vibrant orange halo (#F57C1F) surrounds a smooth matte cream medallion (#F5EBD7) in the center. On the medallion: a light bulb whose filament is a thread with a needle, rendered as a single chunky matte-black object (#1E1B18) with rounded edges, soft studio lighting from the top-left, a short soft shadow on the cream medallion. With accent details in bright orange (#F57C1F): an orange filament. No text, no letters, no numbers anywhere. Flat composition, no perspective tilt, no extra objects, no background scene, no watermark, crisp edges, high detail, 1024x1024.","text, letters, watermark, logo of real brands, photorealistic person, face, hands, gradient background, perspective, multiple objects, clutter, blur"
ACT-38,ACT,RF34,Como melhorar meu inventário,ativo,halfmesh,48,act-38-ativo-halfmesh.png,"A circular app icon badge in soft 3D clay-render style, front view, centered, on a pure white background. Outer ring: a thick dark espresso-brown disc (#2A211C) with a subtly beveled rim. On the disc: a sparse network mesh of thin cream-colored threads with half the usual number of round glossy nodes in yellow, orange, green, blue and brown, larger nodes near the outer edge. Behind the mesh, a vibrant orange halo (#F57C1F) surrounds a smooth matte cream medallion (#F5EBD7) in the center. On the medallion: a light bulb whose filament is a thread with a needle, rendered as a single chunky matte-black object (#1E1B18) with rounded edges, soft studio lighting from the top-left, a short soft shadow on the cream medallion. With accent details in bright orange (#F57C1F): an orange filament. No text, no letters, no numbers anywhere. Flat composition, no perspective tilt, no extra objects, no background scene, no watermark, crisp edges, high detail, 1024x1024.","text, letters, watermark, logo of real brands, photorealistic person, face, hands, gradient background, perspective, multiple objects, clutter, blur"
ACT-38,ACT,RF34,Como melhorar meu inventário,ativo,nomesh,24,act-38-ativo-nomesh.png,"A circular app icon badge in soft 3D clay-render style, front view, centered, on a pure white background. Outer ring: a thick dark espresso-brown disc (#2A211C) with a subtly beveled rim. The dark disc is plain, no network mesh, no nodes. Behind the mesh, a vibrant orange halo (#F57C1F) surrounds a smooth matte cream medallion (#F5EBD7) in the center. On the medallion: a light bulb whose filament is a thread with a needle, rendered as a single chunky matte-black object (#1E1B18) with rounded edges, soft studio lighting from the top-left, a short soft shadow on the cream medallion. With accent details in bright orange (#F57C1F): an orange filament. No text, no letters, no numbers anywhere. Flat composition, no perspective tilt, no extra objects, no background scene, no watermark, crisp edges, high detail, 1024x1024.","text, letters, watermark, logo of real brands, photorealistic person, face, hands, gradient background, perspective, multiple objects, clutter, blur"
ACT-39,ACT,RF34,Rankings,normal,full,"512,96",act-39-normal.png,"A circular app icon badge in soft 3D clay-render style, front view, centered, on a pure white background. Outer ring: a thick dark espresso-brown disc (#2A211C) with a subtly beveled rim. On the disc: a network mesh of thin cream-colored threads forming triangles, connecting round glossy nodes in yellow, orange, green, blue and brown, larger nodes near the outer edge, smaller near the center. Behind the mesh, a vibrant orange halo (#F57C1F) surrounds a smooth matte cream medallion (#F5EBD7) in the center. On the medallion: a three-step podium with a tiny folded shirt on the top step, rendered as a single chunky matte-black object (#1E1B18) with rounded edges, soft studio lighting from the top-left, a short soft shadow on the cream medallion. No text, no letters, no numbers anywhere. Flat composition, no perspective tilt, no extra objects, no background scene, no watermark, crisp edges, high detail, 1024x1024.","text, letters, watermark, logo of real brands, photorealistic person, face, hands, gradient background, perspective, multiple objects, clutter, blur"
ACT-39,ACT,RF34,Rankings,normal,halfmesh,48,act-39-normal-halfmesh.png,"A circular app icon badge in soft 3D clay-render style, front view, centered, on a pure white background. Outer ring: a thick dark espresso-brown disc (#2A211C) with a subtly beveled rim. On the disc: a sparse network mesh of thin cream-colored threads with half the usual number of round glossy nodes in yellow, orange, green, blue and brown, larger nodes near the outer edge. Behind the mesh, a vibrant orange halo (#F57C1F) surrounds a smooth matte cream medallion (#F5EBD7) in the center. On the medallion: a three-step podium with a tiny folded shirt on the top step, rendered as a single chunky matte-black object (#1E1B18) with rounded edges, soft studio lighting from the top-left, a short soft shadow on the cream medallion. No text, no letters, no numbers anywhere. Flat composition, no perspective tilt, no extra objects, no background scene, no watermark, crisp edges, high detail, 1024x1024.","text, letters, watermark, logo of real brands, photorealistic person, face, hands, gradient background, perspective, multiple objects, clutter, blur"
ACT-39,ACT,RF34,Rankings,normal,nomesh,24,act-39-normal-nomesh.png,"A circular app icon badge in soft 3D clay-render style, front view, centered, on a pure white background. Outer ring: a thick dark espresso-brown disc (#2A211C) with a subtly beveled rim. The dark disc is plain, no network mesh, no nodes. Behind the mesh, a vibrant orange halo (#F57C1F) surrounds a smooth matte cream medallion (#F5EBD7) in the center. On the medallion: a three-step podium with a tiny folded shirt on the top step, rendered as a single chunky matte-black object (#1E1B18) with rounded edges, soft studio lighting from the top-left, a short soft shadow on the cream medallion. No text, no letters, no numbers anywhere. Flat composition, no perspective tilt, no extra objects, no background scene, no watermark, crisp edges, high detail, 1024x1024.","text, letters, watermark, logo of real brands, photorealistic person, face, hands, gradient background, perspective, multiple objects, clutter, blur"
ACT-39,ACT,RF34,Rankings,ativo,full,"512,96",act-39-ativo.png,"A circular app icon badge in soft 3D clay-render style, front view, centered, on a pure white background. Outer ring: a thick dark espresso-brown disc (#2A211C) with a subtly beveled rim. On the disc: a network mesh of thin cream-colored threads forming triangles, connecting round glossy nodes in yellow, orange, green, blue and brown, larger nodes near the outer edge, smaller near the center. Behind the mesh, a vibrant orange halo (#F57C1F) surrounds a smooth matte cream medallion (#F5EBD7) in the center. On the medallion: a three-step podium with a tiny folded shirt on the top step, rendered as a single chunky matte-black object (#1E1B18) with rounded edges, soft studio lighting from the top-left, a short soft shadow on the cream medallion. With accent details in bright orange (#F57C1F): an orange top step. No text, no letters, no numbers anywhere. Flat composition, no perspective tilt, no extra objects, no background scene, no watermark, crisp edges, high detail, 1024x1024.","text, letters, watermark, logo of real brands, photorealistic person, face, hands, gradient background, perspective, multiple objects, clutter, blur"
ACT-39,ACT,RF34,Rankings,ativo,halfmesh,48,act-39-ativo-halfmesh.png,"A circular app icon badge in soft 3D clay-render style, front view, centered, on a pure white background. Outer ring: a thick dark espresso-brown disc (#2A211C) with a subtly beveled rim. On the disc: a sparse network mesh of thin cream-colored threads with half the usual number of round glossy nodes in yellow, orange, green, blue and brown, larger nodes near the outer edge. Behind the mesh, a vibrant orange halo (#F57C1F) surrounds a smooth matte cream medallion (#F5EBD7) in the center. On the medallion: a three-step podium with a tiny folded shirt on the top step, rendered as a single chunky matte-black object (#1E1B18) with rounded edges, soft studio lighting from the top-left, a short soft shadow on the cream medallion. With accent details in bright orange (#F57C1F): an orange top step. No text, no letters, no numbers anywhere. Flat composition, no perspective tilt, no extra objects, no background scene, no watermark, crisp edges, high detail, 1024x1024.","text, letters, watermark, logo of real brands, photorealistic person, face, hands, gradient background, perspective, multiple objects, clutter, blur"
ACT-39,ACT,RF34,Rankings,ativo,nomesh,24,act-39-ativo-nomesh.png,"A circular app icon badge in soft 3D clay-render style, front view, centered, on a pure white background. Outer ring: a thick dark espresso-brown disc (#2A211C) with a subtly beveled rim. The dark disc is plain, no network mesh, no nodes. Behind the mesh, a vibrant orange halo (#F57C1F) surrounds a smooth matte cream medallion (#F5EBD7) in the center. On the medallion: a three-step podium with a tiny folded shirt on the top step, rendered as a single chunky matte-black object (#1E1B18) with rounded edges, soft studio lighting from the top-left, a short soft shadow on the cream medallion. With accent details in bright orange (#F57C1F): an orange top step. No text, no letters, no numbers anywhere. Flat composition, no perspective tilt, no extra objects, no background scene, no watermark, crisp edges, high detail, 1024x1024.","text, letters, watermark, logo of real brands, photorealistic person, face, hands, gradient background, perspective, multiple objects, clutter, blur"
ACT-40,ACT,RF35,Saldo de FAI Points,normal,full,"512,96",act-40-normal.png,"A circular app icon badge in soft 3D clay-render style, front view, centered, on a pure white background. Outer ring: a thick dark espresso-brown disc (#2A211C) with a subtly beveled rim. On the disc: a network mesh of thin cream-colored threads forming triangles, connecting round glossy nodes in yellow, orange, green, blue and brown, larger nodes near the outer edge, smaller near the center. Behind the mesh, a vibrant orange halo (#F57C1F) surrounds a smooth matte cream medallion (#F5EBD7) in the center. On the medallion: a thick coin designed as a four-hole sewing button, rendered as a single chunky matte-black object (#1E1B18) with rounded edges, soft studio lighting from the top-left, a short soft shadow on the cream medallion. No text, no letters, no numbers anywhere. Flat composition, no perspective tilt, no extra objects, no background scene, no watermark, crisp edges, high detail, 1024x1024.","text, letters, watermark, logo of real brands, photorealistic person, face, hands, gradient background, perspective, multiple objects, clutter, blur"
ACT-40,ACT,RF35,Saldo de FAI Points,normal,halfmesh,48,act-40-normal-halfmesh.png,"A circular app icon badge in soft 3D clay-render style, front view, centered, on a pure white background. Outer ring: a thick dark espresso-brown disc (#2A211C) with a subtly beveled rim. On the disc: a sparse network mesh of thin cream-colored threads with half the usual number of round glossy nodes in yellow, orange, green, blue and brown, larger nodes near the outer edge. Behind the mesh, a vibrant orange halo (#F57C1F) surrounds a smooth matte cream medallion (#F5EBD7) in the center. On the medallion: a thick coin designed as a four-hole sewing button, rendered as a single chunky matte-black object (#1E1B18) with rounded edges, soft studio lighting from the top-left, a short soft shadow on the cream medallion. No text, no letters, no numbers anywhere. Flat composition, no perspective tilt, no extra objects, no background scene, no watermark, crisp edges, high detail, 1024x1024.","text, letters, watermark, logo of real brands, photorealistic person, face, hands, gradient background, perspective, multiple objects, clutter, blur"
ACT-40,ACT,RF35,Saldo de FAI Points,normal,nomesh,24,act-40-normal-nomesh.png,"A circular app icon badge in soft 3D clay-render style, front view, centered, on a pure white background. Outer ring: a thick dark espresso-brown disc (#2A211C) with a subtly beveled rim. The dark disc is plain, no network mesh, no nodes. Behind the mesh, a vibrant orange halo (#F57C1F) surrounds a smooth matte cream medallion (#F5EBD7) in the center. On the medallion: a thick coin designed as a four-hole sewing button, rendered as a single chunky matte-black object (#1E1B18) with rounded edges, soft studio lighting from the top-left, a short soft shadow on the cream medallion. No text, no letters, no numbers anywhere. Flat composition, no perspective tilt, no extra objects, no background scene, no watermark, crisp edges, high detail, 1024x1024.","text, letters, watermark, logo of real brands, photorealistic person, face, hands, gradient background, perspective, multiple objects, clutter, blur"
ACT-40,ACT,RF35,Saldo de FAI Points,ativo,full,"512,96",act-40-ativo.png,"A circular app icon badge in soft 3D clay-render style, front view, centered, on a pure white background. Outer ring: a thick dark espresso-brown disc (#2A211C) with a subtly beveled rim. On the disc: a network mesh of thin cream-colored threads forming triangles, connecting round glossy nodes in yellow, orange, green, blue and brown, larger nodes near the outer edge, smaller near the center. Behind the mesh, a vibrant orange halo (#F57C1F) surrounds a smooth matte cream medallion (#F5EBD7) in the center. On the medallion: a thick coin designed as a four-hole sewing button, rendered as a single chunky matte-black object (#1E1B18) with rounded edges, soft studio lighting from the top-left, a short soft shadow on the cream medallion. With accent details in bright orange (#F57C1F): an orange coin rim. No text, no letters, no numbers anywhere. Flat composition, no perspective tilt, no extra objects, no background scene, no watermark, crisp edges, high detail, 1024x1024.","text, letters, watermark, logo of real brands, photorealistic person, face, hands, gradient background, perspective, multiple objects, clutter, blur"
ACT-40,ACT,RF35,Saldo de FAI Points,ativo,halfmesh,48,act-40-ativo-halfmesh.png,"A circular app icon badge in soft 3D clay-render style, front view, centered, on a pure white background. Outer ring: a thick dark espresso-brown disc (#2A211C) with a subtly beveled rim. On the disc: a sparse network mesh of thin cream-colored threads with half the usual number of round glossy nodes in yellow, orange, green, blue and brown, larger nodes near the outer edge. Behind the mesh, a vibrant orange halo (#F57C1F) surrounds a smooth matte cream medallion (#F5EBD7) in the center. On the medallion: a thick coin designed as a four-hole sewing button, rendered as a single chunky matte-black object (#1E1B18) with rounded edges, soft studio lighting from the top-left, a short soft shadow on the cream medallion. With accent details in bright orange (#F57C1F): an orange coin rim. No text, no letters, no numbers anywhere. Flat composition, no perspective tilt, no extra objects, no background scene, no watermark, crisp edges, high detail, 1024x1024.","text, letters, watermark, logo of real brands, photorealistic person, face, hands, gradient background, perspective, multiple objects, clutter, blur"
ACT-40,ACT,RF35,Saldo de FAI Points,ativo,nomesh,24,act-40-ativo-nomesh.png,"A circular app icon badge in soft 3D clay-render style, front view, centered, on a pure white background. Outer ring: a thick dark espresso-brown disc (#2A211C) with a subtly beveled rim. The dark disc is plain, no network mesh, no nodes. Behind the mesh, a vibrant orange halo (#F57C1F) surrounds a smooth matte cream medallion (#F5EBD7) in the center. On the medallion: a thick coin designed as a four-hole sewing button, rendered as a single chunky matte-black object (#1E1B18) with rounded edges, soft studio lighting from the top-left, a short soft shadow on the cream medallion. With accent details in bright orange (#F57C1F): an orange coin rim. No text, no letters, no numbers anywhere. Flat composition, no perspective tilt, no extra objects, no background scene, no watermark, crisp edges, high detail, 1024x1024.","text, letters, watermark, logo of real brands, photorealistic person, face, hands, gradient background, perspective, multiple objects, clutter, blur"
ACT-41,ACT,RF35,Loja do quarto,normal,full,"512,96",act-41-normal.png,"A circular app icon badge in soft 3D clay-render style, front view, centered, on a pure white background. Outer ring: a thick dark espresso-brown disc (#2A211C) with a subtly beveled rim. On the disc: a network mesh of thin cream-colored threads forming triangles, connecting round glossy nodes in yellow, orange, green, blue and brown, larger nodes near the outer edge, smaller near the center. Behind the mesh, a vibrant orange halo (#F57C1F) surrounds a smooth matte cream medallion (#F5EBD7) in the center. On the medallion: a shopping tote bag with rounded handles, rendered as a single chunky matte-black object (#1E1B18) with rounded edges, soft studio lighting from the top-left, a short soft shadow on the cream medallion. No text, no letters, no numbers anywhere. Flat composition, no perspective tilt, no extra objects, no background scene, no watermark, crisp edges, high detail, 1024x1024.","text, letters, watermark, logo of real brands, photorealistic person, face, hands, gradient background, perspective, multiple objects, clutter, blur"
ACT-41,ACT,RF35,Loja do quarto,normal,halfmesh,48,act-41-normal-halfmesh.png,"A circular app icon badge in soft 3D clay-render style, front view, centered, on a pure white background. Outer ring: a thick dark espresso-brown disc (#2A211C) with a subtly beveled rim. On the disc: a sparse network mesh of thin cream-colored threads with half the usual number of round glossy nodes in yellow, orange, green, blue and brown, larger nodes near the outer edge. Behind the mesh, a vibrant orange halo (#F57C1F) surrounds a smooth matte cream medallion (#F5EBD7) in the center. On the medallion: a shopping tote bag with rounded handles, rendered as a single chunky matte-black object (#1E1B18) with rounded edges, soft studio lighting from the top-left, a short soft shadow on the cream medallion. No text, no letters, no numbers anywhere. Flat composition, no perspective tilt, no extra objects, no background scene, no watermark, crisp edges, high detail, 1024x1024.","text, letters, watermark, logo of real brands, photorealistic person, face, hands, gradient background, perspective, multiple objects, clutter, blur"
ACT-41,ACT,RF35,Loja do quarto,normal,nomesh,24,act-41-normal-nomesh.png,"A circular app icon badge in soft 3D clay-render style, front view, centered, on a pure white background. Outer ring: a thick dark espresso-brown disc (#2A211C) with a subtly beveled rim. The dark disc is plain, no network mesh, no nodes. Behind the mesh, a vibrant orange halo (#F57C1F) surrounds a smooth matte cream medallion (#F5EBD7) in the center. On the medallion: a shopping tote bag with rounded handles, rendered as a single chunky matte-black object (#1E1B18) with rounded edges, soft studio lighting from the top-left, a short soft shadow on the cream medallion. No text, no letters, no numbers anywhere. Flat composition, no perspective tilt, no extra objects, no background scene, no watermark, crisp edges, high detail, 1024x1024.","text, letters, watermark, logo of real brands, photorealistic person, face, hands, gradient background, perspective, multiple objects, clutter, blur"
ACT-41,ACT,RF35,Loja do quarto,ativo,full,"512,96",act-41-ativo.png,"A circular app icon badge in soft 3D clay-render style, front view, centered, on a pure white background. Outer ring: a thick dark espresso-brown disc (#2A211C) with a subtly beveled rim. On the disc: a network mesh of thin cream-colored threads forming triangles, connecting round glossy nodes in yellow, orange, green, blue and brown, larger nodes near the outer edge, smaller near the center. Behind the mesh, a vibrant orange halo (#F57C1F) surrounds a smooth matte cream medallion (#F5EBD7) in the center. On the medallion: a shopping tote bag with rounded handles, rendered as a single chunky matte-black object (#1E1B18) with rounded edges, soft studio lighting from the top-left, a short soft shadow on the cream medallion. With accent details in bright orange (#F57C1F): orange handles. No text, no letters, no numbers anywhere. Flat composition, no perspective tilt, no extra objects, no background scene, no watermark, crisp edges, high detail, 1024x1024.","text, letters, watermark, logo of real brands, photorealistic person, face, hands, gradient background, perspective, multiple objects, clutter, blur"
ACT-41,ACT,RF35,Loja do quarto,ativo,halfmesh,48,act-41-ativo-halfmesh.png,"A circular app icon badge in soft 3D clay-render style, front view, centered, on a pure white background. Outer ring: a thick dark espresso-brown disc (#2A211C) with a subtly beveled rim. On the disc: a sparse network mesh of thin cream-colored threads with half the usual number of round glossy nodes in yellow, orange, green, blue and brown, larger nodes near the outer edge. Behind the mesh, a vibrant orange halo (#F57C1F) surrounds a smooth matte cream medallion (#F5EBD7) in the center. On the medallion: a shopping tote bag with rounded handles, rendered as a single chunky matte-black object (#1E1B18) with rounded edges, soft studio lighting from the top-left, a short soft shadow on the cream medallion. With accent details in bright orange (#F57C1F): orange handles. No text, no letters, no numbers anywhere. Flat composition, no perspective tilt, no extra objects, no background scene, no watermark, crisp edges, high detail, 1024x1024.","text, letters, watermark, logo of real brands, photorealistic person, face, hands, gradient background, perspective, multiple objects, clutter, blur"
ACT-41,ACT,RF35,Loja do quarto,ativo,nomesh,24,act-41-ativo-nomesh.png,"A circular app icon badge in soft 3D clay-render style, front view, centered, on a pure white background. Outer ring: a thick dark espresso-brown disc (#2A211C) with a subtly beveled rim. The dark disc is plain, no network mesh, no nodes. Behind the mesh, a vibrant orange halo (#F57C1F) surrounds a smooth matte cream medallion (#F5EBD7) in the center. On the medallion: a shopping tote bag with rounded handles, rendered as a single chunky matte-black object (#1E1B18) with rounded edges, soft studio lighting from the top-left, a short soft shadow on the cream medallion. With accent details in bright orange (#F57C1F): orange handles. No text, no letters, no numbers anywhere. Flat composition, no perspective tilt, no extra objects, no background scene, no watermark, crisp edges, high detail, 1024x1024.","text, letters, watermark, logo of real brands, photorealistic person, face, hands, gradient background, perspective, multiple objects, clutter, blur"
ACT-42,ACT,RF35,Provar no quarto,normal,full,"512,96",act-42-normal.png,"A circular app icon badge in soft 3D clay-render style, front view, centered, on a pure white background. Outer ring: a thick dark espresso-brown disc (#2A211C) with a subtly beveled rim. On the disc: a network mesh of thin cream-colored threads forming triangles, connecting round glossy nodes in yellow, orange, green, blue and brown, larger nodes near the outer edge, smaller near the center. Behind the mesh, a vibrant orange halo (#F57C1F) surrounds a smooth matte cream medallion (#F5EBD7) in the center. On the medallion: a wardrobe door with a small price swing tag hanging from its handle, rendered as a single chunky matte-black object (#1E1B18) with rounded edges, soft studio lighting from the top-left, a short soft shadow on the cream medallion. No text, no letters, no numbers anywhere. Flat composition, no perspective tilt, no extra objects, no background scene, no watermark, crisp edges, high detail, 1024x1024.","text, letters, watermark, logo of real brands, photorealistic person, face, hands, gradient background, perspective, multiple objects, clutter, blur"
ACT-42,ACT,RF35,Provar no quarto,normal,halfmesh,48,act-42-normal-halfmesh.png,"A circular app icon badge in soft 3D clay-render style, front view, centered, on a pure white background. Outer ring: a thick dark espresso-brown disc (#2A211C) with a subtly beveled rim. On the disc: a sparse network mesh of thin cream-colored threads with half the usual number of round glossy nodes in yellow, orange, green, blue and brown, larger nodes near the outer edge. Behind the mesh, a vibrant orange halo (#F57C1F) surrounds a smooth matte cream medallion (#F5EBD7) in the center. On the medallion: a wardrobe door with a small price swing tag hanging from its handle, rendered as a single chunky matte-black object (#1E1B18) with rounded edges, soft studio lighting from the top-left, a short soft shadow on the cream medallion. No text, no letters, no numbers anywhere. Flat composition, no perspective tilt, no extra objects, no background scene, no watermark, crisp edges, high detail, 1024x1024.","text, letters, watermark, logo of real brands, photorealistic person, face, hands, gradient background, perspective, multiple objects, clutter, blur"
ACT-42,ACT,RF35,Provar no quarto,normal,nomesh,24,act-42-normal-nomesh.png,"A circular app icon badge in soft 3D clay-render style, front view, centered, on a pure white background. Outer ring: a thick dark espresso-brown disc (#2A211C) with a subtly beveled rim. The dark disc is plain, no network mesh, no nodes. Behind the mesh, a vibrant orange halo (#F57C1F) surrounds a smooth matte cream medallion (#F5EBD7) in the center. On the medallion: a wardrobe door with a small price swing tag hanging from its handle, rendered as a single chunky matte-black object (#1E1B18) with rounded edges, soft studio lighting from the top-left, a short soft shadow on the cream medallion. No text, no letters, no numbers anywhere. Flat composition, no perspective tilt, no extra objects, no background scene, no watermark, crisp edges, high detail, 1024x1024.","text, letters, watermark, logo of real brands, photorealistic person, face, hands, gradient background, perspective, multiple objects, clutter, blur"
ACT-42,ACT,RF35,Provar no quarto,ativo,full,"512,96",act-42-ativo.png,"A circular app icon badge in soft 3D clay-render style, front view, centered, on a pure white background. Outer ring: a thick dark espresso-brown disc (#2A211C) with a subtly beveled rim. On the disc: a network mesh of thin cream-colored threads forming triangles, connecting round glossy nodes in yellow, orange, green, blue and brown, larger nodes near the outer edge, smaller near the center. Behind the mesh, a vibrant orange halo (#F57C1F) surrounds a smooth matte cream medallion (#F5EBD7) in the center. On the medallion: a wardrobe door with a small price swing tag hanging from its handle, rendered as a single chunky matte-black object (#1E1B18) with rounded edges, soft studio lighting from the top-left, a short soft shadow on the cream medallion. With accent details in bright orange (#F57C1F): an orange price tag. No text, no letters, no numbers anywhere. Flat composition, no perspective tilt, no extra objects, no background scene, no watermark, crisp edges, high detail, 1024x1024.","text, letters, watermark, logo of real brands, photorealistic person, face, hands, gradient background, perspective, multiple objects, clutter, blur"
ACT-42,ACT,RF35,Provar no quarto,ativo,halfmesh,48,act-42-ativo-halfmesh.png,"A circular app icon badge in soft 3D clay-render style, front view, centered, on a pure white background. Outer ring: a thick dark espresso-brown disc (#2A211C) with a subtly beveled rim. On the disc: a sparse network mesh of thin cream-colored threads with half the usual number of round glossy nodes in yellow, orange, green, blue and brown, larger nodes near the outer edge. Behind the mesh, a vibrant orange halo (#F57C1F) surrounds a smooth matte cream medallion (#F5EBD7) in the center. On the medallion: a wardrobe door with a small price swing tag hanging from its handle, rendered as a single chunky matte-black object (#1E1B18) with rounded edges, soft studio lighting from the top-left, a short soft shadow on the cream medallion. With accent details in bright orange (#F57C1F): an orange price tag. No text, no letters, no numbers anywhere. Flat composition, no perspective tilt, no extra objects, no background scene, no watermark, crisp edges, high detail, 1024x1024.","text, letters, watermark, logo of real brands, photorealistic person, face, hands, gradient background, perspective, multiple objects, clutter, blur"
ACT-42,ACT,RF35,Provar no quarto,ativo,nomesh,24,act-42-ativo-nomesh.png,"A circular app icon badge in soft 3D clay-render style, front view, centered, on a pure white background. Outer ring: a thick dark espresso-brown disc (#2A211C) with a subtly beveled rim. The dark disc is plain, no network mesh, no nodes. Behind the mesh, a vibrant orange halo (#F57C1F) surrounds a smooth matte cream medallion (#F5EBD7) in the center. On the medallion: a wardrobe door with a small price swing tag hanging from its handle, rendered as a single chunky matte-black object (#1E1B18) with rounded edges, soft studio lighting from the top-left, a short soft shadow on the cream medallion. With accent details in bright orange (#F57C1F): an orange price tag. No text, no letters, no numbers anywhere. Flat composition, no perspective tilt, no extra objects, no background scene, no watermark, crisp edges, high detail, 1024x1024.","text, letters, watermark, logo of real brands, photorealistic person, face, hands, gradient background, perspective, multiple objects, clutter, blur"
ACT-43,ACT,RF36,Desafios,normal,full,"512,96",act-43-normal.png,"A circular app icon badge in soft 3D clay-render style, front view, centered, on a pure white background. Outer ring: a thick dark espresso-brown disc (#2A211C) with a subtly beveled rim. On the disc: a network mesh of thin cream-colored threads forming triangles, connecting round glossy nodes in yellow, orange, green, blue and brown, larger nodes near the outer edge, smaller near the center. Behind the mesh, a vibrant orange halo (#F57C1F) surrounds a smooth matte cream medallion (#F5EBD7) in the center. On the medallion: a stopwatch whose strap is a rolled measuring tape, rendered as a single chunky matte-black object (#1E1B18) with rounded edges, soft studio lighting from the top-left, a short soft shadow on the cream medallion. No text, no letters, no numbers anywhere. Flat composition, no perspective tilt, no extra objects, no background scene, no watermark, crisp edges, high detail, 1024x1024.","text, letters, watermark, logo of real brands, photorealistic person, face, hands, gradient background, perspective, multiple objects, clutter, blur"
ACT-43,ACT,RF36,Desafios,normal,halfmesh,48,act-43-normal-halfmesh.png,"A circular app icon badge in soft 3D clay-render style, front view, centered, on a pure white background. Outer ring: a thick dark espresso-brown disc (#2A211C) with a subtly beveled rim. On the disc: a sparse network mesh of thin cream-colored threads with half the usual number of round glossy nodes in yellow, orange, green, blue and brown, larger nodes near the outer edge. Behind the mesh, a vibrant orange halo (#F57C1F) surrounds a smooth matte cream medallion (#F5EBD7) in the center. On the medallion: a stopwatch whose strap is a rolled measuring tape, rendered as a single chunky matte-black object (#1E1B18) with rounded edges, soft studio lighting from the top-left, a short soft shadow on the cream medallion. No text, no letters, no numbers anywhere. Flat composition, no perspective tilt, no extra objects, no background scene, no watermark, crisp edges, high detail, 1024x1024.","text, letters, watermark, logo of real brands, photorealistic person, face, hands, gradient background, perspective, multiple objects, clutter, blur"
ACT-43,ACT,RF36,Desafios,normal,nomesh,24,act-43-normal-nomesh.png,"A circular app icon badge in soft 3D clay-render style, front view, centered, on a pure white background. Outer ring: a thick dark espresso-brown disc (#2A211C) with a subtly beveled rim. The dark disc is plain, no network mesh, no nodes. Behind the mesh, a vibrant orange halo (#F57C1F) surrounds a smooth matte cream medallion (#F5EBD7) in the center. On the medallion: a stopwatch whose strap is a rolled measuring tape, rendered as a single chunky matte-black object (#1E1B18) with rounded edges, soft studio lighting from the top-left, a short soft shadow on the cream medallion. No text, no letters, no numbers anywhere. Flat composition, no perspective tilt, no extra objects, no background scene, no watermark, crisp edges, high detail, 1024x1024.","text, letters, watermark, logo of real brands, photorealistic person, face, hands, gradient background, perspective, multiple objects, clutter, blur"
ACT-43,ACT,RF36,Desafios,ativo,full,"512,96",act-43-ativo.png,"A circular app icon badge in soft 3D clay-render style, front view, centered, on a pure white background. Outer ring: a thick dark espresso-brown disc (#2A211C) with a subtly beveled rim. On the disc: a network mesh of thin cream-colored threads forming triangles, connecting round glossy nodes in yellow, orange, green, blue and brown, larger nodes near the outer edge, smaller near the center. Behind the mesh, a vibrant orange halo (#F57C1F) surrounds a smooth matte cream medallion (#F5EBD7) in the center. On the medallion: a stopwatch whose strap is a rolled measuring tape, rendered as a single chunky matte-black object (#1E1B18) with rounded edges, soft studio lighting from the top-left, a short soft shadow on the cream medallion. With accent details in bright orange (#F57C1F): an orange stopwatch hand. No text, no letters, no numbers anywhere. Flat composition, no perspective tilt, no extra objects, no background scene, no watermark, crisp edges, high detail, 1024x1024.","text, letters, watermark, logo of real brands, photorealistic person, face, hands, gradient background, perspective, multiple objects, clutter, blur"
ACT-43,ACT,RF36,Desafios,ativo,halfmesh,48,act-43-ativo-halfmesh.png,"A circular app icon badge in soft 3D clay-render style, front view, centered, on a pure white background. Outer ring: a thick dark espresso-brown disc (#2A211C) with a subtly beveled rim. On the disc: a sparse network mesh of thin cream-colored threads with half the usual number of round glossy nodes in yellow, orange, green, blue and brown, larger nodes near the outer edge. Behind the mesh, a vibrant orange halo (#F57C1F) surrounds a smooth matte cream medallion (#F5EBD7) in the center. On the medallion: a stopwatch whose strap is a rolled measuring tape, rendered as a single chunky matte-black object (#1E1B18) with rounded edges, soft studio lighting from the top-left, a short soft shadow on the cream medallion. With accent details in bright orange (#F57C1F): an orange stopwatch hand. No text, no letters, no numbers anywhere. Flat composition, no perspective tilt, no extra objects, no background scene, no watermark, crisp edges, high detail, 1024x1024.","text, letters, watermark, logo of real brands, photorealistic person, face, hands, gradient background, perspective, multiple objects, clutter, blur"
ACT-43,ACT,RF36,Desafios,ativo,nomesh,24,act-43-ativo-nomesh.png,"A circular app icon badge in soft 3D clay-render style, front view, centered, on a pure white background. Outer ring: a thick dark espresso-brown disc (#2A211C) with a subtly beveled rim. The dark disc is plain, no network mesh, no nodes. Behind the mesh, a vibrant orange halo (#F57C1F) surrounds a smooth matte cream medallion (#F5EBD7) in the center. On the medallion: a stopwatch whose strap is a rolled measuring tape, rendered as a single chunky matte-black object (#1E1B18) with rounded edges, soft studio lighting from the top-left, a short soft shadow on the cream medallion. With accent details in bright orange (#F57C1F): an orange stopwatch hand. No text, no letters, no numbers anywhere. Flat composition, no perspective tilt, no extra objects, no background scene, no watermark, crisp edges, high detail, 1024x1024.","text, letters, watermark, logo of real brands, photorealistic person, face, hands, gradient background, perspective, multiple objects, clutter, blur"
ACT-44,ACT,RF36,Modo Solo,normal,full,"512,96",act-44-normal.png,"A circular app icon badge in soft 3D clay-render style, front view, centered, on a pure white background. Outer ring: a thick dark espresso-brown disc (#2A211C) with a subtly beveled rim. On the disc: a network mesh of thin cream-colored threads forming triangles, connecting round glossy nodes in yellow, orange, green, blue and brown, larger nodes near the outer edge, smaller near the center. Behind the mesh, a vibrant orange halo (#F57C1F) surrounds a smooth matte cream medallion (#F5EBD7) in the center. On the medallion: a single clothes hanger, rendered as a single chunky matte-black object (#1E1B18) with rounded edges, soft studio lighting from the top-left, a short soft shadow on the cream medallion. No text, no letters, no numbers anywhere. Flat composition, no perspective tilt, no extra objects, no background scene, no watermark, crisp edges, high detail, 1024x1024.","text, letters, watermark, logo of real brands, photorealistic person, face, hands, gradient background, perspective, multiple objects, clutter, blur"
ACT-44,ACT,RF36,Modo Solo,normal,halfmesh,48,act-44-normal-halfmesh.png,"A circular app icon badge in soft 3D clay-render style, front view, centered, on a pure white background. Outer ring: a thick dark espresso-brown disc (#2A211C) with a subtly beveled rim. On the disc: a sparse network mesh of thin cream-colored threads with half the usual number of round glossy nodes in yellow, orange, green, blue and brown, larger nodes near the outer edge. Behind the mesh, a vibrant orange halo (#F57C1F) surrounds a smooth matte cream medallion (#F5EBD7) in the center. On the medallion: a single clothes hanger, rendered as a single chunky matte-black object (#1E1B18) with rounded edges, soft studio lighting from the top-left, a short soft shadow on the cream medallion. No text, no letters, no numbers anywhere. Flat composition, no perspective tilt, no extra objects, no background scene, no watermark, crisp edges, high detail, 1024x1024.","text, letters, watermark, logo of real brands, photorealistic person, face, hands, gradient background, perspective, multiple objects, clutter, blur"
ACT-44,ACT,RF36,Modo Solo,normal,nomesh,24,act-44-normal-nomesh.png,"A circular app icon badge in soft 3D clay-render style, front view, centered, on a pure white background. Outer ring: a thick dark espresso-brown disc (#2A211C) with a subtly beveled rim. The dark disc is plain, no network mesh, no nodes. Behind the mesh, a vibrant orange halo (#F57C1F) surrounds a smooth matte cream medallion (#F5EBD7) in the center. On the medallion: a single clothes hanger, rendered as a single chunky matte-black object (#1E1B18) with rounded edges, soft studio lighting from the top-left, a short soft shadow on the cream medallion. No text, no letters, no numbers anywhere. Flat composition, no perspective tilt, no extra objects, no background scene, no watermark, crisp edges, high detail, 1024x1024.","text, letters, watermark, logo of real brands, photorealistic person, face, hands, gradient background, perspective, multiple objects, clutter, blur"
ACT-44,ACT,RF36,Modo Solo,ativo,full,"512,96",act-44-ativo.png,"A circular app icon badge in soft 3D clay-render style, front view, centered, on a pure white background. Outer ring: a thick dark espresso-brown disc (#2A211C) with a subtly beveled rim. On the disc: a network mesh of thin cream-colored threads forming triangles, connecting round glossy nodes in yellow, orange, green, blue and brown, larger nodes near the outer edge, smaller near the center. Behind the mesh, a vibrant orange halo (#F57C1F) surrounds a smooth matte cream medallion (#F5EBD7) in the center. On the medallion: a single clothes hanger, rendered as a single chunky matte-black object (#1E1B18) with rounded edges, soft studio lighting from the top-left, a short soft shadow on the cream medallion. With accent details in bright orange (#F57C1F): an orange hook. No text, no letters, no numbers anywhere. Flat composition, no perspective tilt, no extra objects, no background scene, no watermark, crisp edges, high detail, 1024x1024.","text, letters, watermark, logo of real brands, photorealistic person, face, hands, gradient background, perspective, multiple objects, clutter, blur"
ACT-44,ACT,RF36,Modo Solo,ativo,halfmesh,48,act-44-ativo-halfmesh.png,"A circular app icon badge in soft 3D clay-render style, front view, centered, on a pure white background. Outer ring: a thick dark espresso-brown disc (#2A211C) with a subtly beveled rim. On the disc: a sparse network mesh of thin cream-colored threads with half the usual number of round glossy nodes in yellow, orange, green, blue and brown, larger nodes near the outer edge. Behind the mesh, a vibrant orange halo (#F57C1F) surrounds a smooth matte cream medallion (#F5EBD7) in the center. On the medallion: a single clothes hanger, rendered as a single chunky matte-black object (#1E1B18) with rounded edges, soft studio lighting from the top-left, a short soft shadow on the cream medallion. With accent details in bright orange (#F57C1F): an orange hook. No text, no letters, no numbers anywhere. Flat composition, no perspective tilt, no extra objects, no background scene, no watermark, crisp edges, high detail, 1024x1024.","text, letters, watermark, logo of real brands, photorealistic person, face, hands, gradient background, perspective, multiple objects, clutter, blur"
ACT-44,ACT,RF36,Modo Solo,ativo,nomesh,24,act-44-ativo-nomesh.png,"A circular app icon badge in soft 3D clay-render style, front view, centered, on a pure white background. Outer ring: a thick dark espresso-brown disc (#2A211C) with a subtly beveled rim. The dark disc is plain, no network mesh, no nodes. Behind the mesh, a vibrant orange halo (#F57C1F) surrounds a smooth matte cream medallion (#F5EBD7) in the center. On the medallion: a single clothes hanger, rendered as a single chunky matte-black object (#1E1B18) with rounded edges, soft studio lighting from the top-left, a short soft shadow on the cream medallion. With accent details in bright orange (#F57C1F): an orange hook. No text, no letters, no numbers anywhere. Flat composition, no perspective tilt, no extra objects, no background scene, no watermark, crisp edges, high detail, 1024x1024.","text, letters, watermark, logo of real brands, photorealistic person, face, hands, gradient background, perspective, multiple objects, clutter, blur"
ACT-45,ACT,RF36,Modo Equipe,normal,full,"512,96",act-45-normal.png,"A circular app icon badge in soft 3D clay-render style, front view, centered, on a pure white background. Outer ring: a thick dark espresso-brown disc (#2A211C) with a subtly beveled rim. On the disc: a network mesh of thin cream-colored threads forming triangles, connecting round glossy nodes in yellow, orange, green, blue and brown, larger nodes near the outer edge, smaller near the center. Behind the mesh, a vibrant orange halo (#F57C1F) surrounds a smooth matte cream medallion (#F5EBD7) in the center. On the medallion: three clothes hangers linked hook to hook in a row, rendered as a single chunky matte-black object (#1E1B18) with rounded edges, soft studio lighting from the top-left, a short soft shadow on the cream medallion. No text, no letters, no numbers anywhere. Flat composition, no perspective tilt, no extra objects, no background scene, no watermark, crisp edges, high detail, 1024x1024.","text, letters, watermark, logo of real brands, photorealistic person, face, hands, gradient background, perspective, multiple objects, clutter, blur"
ACT-45,ACT,RF36,Modo Equipe,normal,halfmesh,48,act-45-normal-halfmesh.png,"A circular app icon badge in soft 3D clay-render style, front view, centered, on a pure white background. Outer ring: a thick dark espresso-brown disc (#2A211C) with a subtly beveled rim. On the disc: a sparse network mesh of thin cream-colored threads with half the usual number of round glossy nodes in yellow, orange, green, blue and brown, larger nodes near the outer edge. Behind the mesh, a vibrant orange halo (#F57C1F) surrounds a smooth matte cream medallion (#F5EBD7) in the center. On the medallion: three clothes hangers linked hook to hook in a row, rendered as a single chunky matte-black object (#1E1B18) with rounded edges, soft studio lighting from the top-left, a short soft shadow on the cream medallion. No text, no letters, no numbers anywhere. Flat composition, no perspective tilt, no extra objects, no background scene, no watermark, crisp edges, high detail, 1024x1024.","text, letters, watermark, logo of real brands, photorealistic person, face, hands, gradient background, perspective, multiple objects, clutter, blur"
ACT-45,ACT,RF36,Modo Equipe,normal,nomesh,24,act-45-normal-nomesh.png,"A circular app icon badge in soft 3D clay-render style, front view, centered, on a pure white background. Outer ring: a thick dark espresso-brown disc (#2A211C) with a subtly beveled rim. The dark disc is plain, no network mesh, no nodes. Behind the mesh, a vibrant orange halo (#F57C1F) surrounds a smooth matte cream medallion (#F5EBD7) in the center. On the medallion: three clothes hangers linked hook to hook in a row, rendered as a single chunky matte-black object (#1E1B18) with rounded edges, soft studio lighting from the top-left, a short soft shadow on the cream medallion. No text, no letters, no numbers anywhere. Flat composition, no perspective tilt, no extra objects, no background scene, no watermark, crisp edges, high detail, 1024x1024.","text, letters, watermark, logo of real brands, photorealistic person, face, hands, gradient background, perspective, multiple objects, clutter, blur"
ACT-45,ACT,RF36,Modo Equipe,ativo,full,"512,96",act-45-ativo.png,"A circular app icon badge in soft 3D clay-render style, front view, centered, on a pure white background. Outer ring: a thick dark espresso-brown disc (#2A211C) with a subtly beveled rim. On the disc: a network mesh of thin cream-colored threads forming triangles, connecting round glossy nodes in yellow, orange, green, blue and brown, larger nodes near the outer edge, smaller near the center. Behind the mesh, a vibrant orange halo (#F57C1F) surrounds a smooth matte cream medallion (#F5EBD7) in the center. On the medallion: three clothes hangers linked hook to hook in a row, rendered as a single chunky matte-black object (#1E1B18) with rounded edges, soft studio lighting from the top-left, a short soft shadow on the cream medallion. With accent details in bright orange (#F57C1F): orange hooks. No text, no letters, no numbers anywhere. Flat composition, no perspective tilt, no extra objects, no background scene, no watermark, crisp edges, high detail, 1024x1024.","text, letters, watermark, logo of real brands, photorealistic person, face, hands, gradient background, perspective, multiple objects, clutter, blur"
ACT-45,ACT,RF36,Modo Equipe,ativo,halfmesh,48,act-45-ativo-halfmesh.png,"A circular app icon badge in soft 3D clay-render style, front view, centered, on a pure white background. Outer ring: a thick dark espresso-brown disc (#2A211C) with a subtly beveled rim. On the disc: a sparse network mesh of thin cream-colored threads with half the usual number of round glossy nodes in yellow, orange, green, blue and brown, larger nodes near the outer edge. Behind the mesh, a vibrant orange halo (#F57C1F) surrounds a smooth matte cream medallion (#F5EBD7) in the center. On the medallion: three clothes hangers linked hook to hook in a row, rendered as a single chunky matte-black object (#1E1B18) with rounded edges, soft studio lighting from the top-left, a short soft shadow on the cream medallion. With accent details in bright orange (#F57C1F): orange hooks. No text, no letters, no numbers anywhere. Flat composition, no perspective tilt, no extra objects, no background scene, no watermark, crisp edges, high detail, 1024x1024.","text, letters, watermark, logo of real brands, photorealistic person, face, hands, gradient background, perspective, multiple objects, clutter, blur"
ACT-45,ACT,RF36,Modo Equipe,ativo,nomesh,24,act-45-ativo-nomesh.png,"A circular app icon badge in soft 3D clay-render style, front view, centered, on a pure white background. Outer ring: a thick dark espresso-brown disc (#2A211C) with a subtly beveled rim. The dark disc is plain, no network mesh, no nodes. Behind the mesh, a vibrant orange halo (#F57C1F) surrounds a smooth matte cream medallion (#F5EBD7) in the center. On the medallion: three clothes hangers linked hook to hook in a row, rendered as a single chunky matte-black object (#1E1B18) with rounded edges, soft studio lighting from the top-left, a short soft shadow on the cream medallion. With accent details in bright orange (#F57C1F): orange hooks. No text, no letters, no numbers anywhere. Flat composition, no perspective tilt, no extra objects, no background scene, no watermark, crisp edges, high detail, 1024x1024.","text, letters, watermark, logo of real brands, photorealistic person, face, hands, gradient background, perspective, multiple objects, clutter, blur"
ACT-46,ACT,RF36,Modo Duelo,normal,full,"512,96",act-46-normal.png,"A circular app icon badge in soft 3D clay-render style, front view, centered, on a pure white background. Outer ring: a thick dark espresso-brown disc (#2A211C) with a subtly beveled rim. On the disc: a network mesh of thin cream-colored threads forming triangles, connecting round glossy nodes in yellow, orange, green, blue and brown, larger nodes near the outer edge, smaller near the center. Behind the mesh, a vibrant orange halo (#F57C1F) surrounds a smooth matte cream medallion (#F5EBD7) in the center. On the medallion: two clothes hangers crossed like fencing swords, rendered as a single chunky matte-black object (#1E1B18) with rounded edges, soft studio lighting from the top-left, a short soft shadow on the cream medallion. No text, no letters, no numbers anywhere. Flat composition, no perspective tilt, no extra objects, no background scene, no watermark, crisp edges, high detail, 1024x1024.","text, letters, watermark, logo of real brands, photorealistic person, face, hands, gradient background, perspective, multiple objects, clutter, blur"
ACT-46,ACT,RF36,Modo Duelo,normal,halfmesh,48,act-46-normal-halfmesh.png,"A circular app icon badge in soft 3D clay-render style, front view, centered, on a pure white background. Outer ring: a thick dark espresso-brown disc (#2A211C) with a subtly beveled rim. On the disc: a sparse network mesh of thin cream-colored threads with half the usual number of round glossy nodes in yellow, orange, green, blue and brown, larger nodes near the outer edge. Behind the mesh, a vibrant orange halo (#F57C1F) surrounds a smooth matte cream medallion (#F5EBD7) in the center. On the medallion: two clothes hangers crossed like fencing swords, rendered as a single chunky matte-black object (#1E1B18) with rounded edges, soft studio lighting from the top-left, a short soft shadow on the cream medallion. No text, no letters, no numbers anywhere. Flat composition, no perspective tilt, no extra objects, no background scene, no watermark, crisp edges, high detail, 1024x1024.","text, letters, watermark, logo of real brands, photorealistic person, face, hands, gradient background, perspective, multiple objects, clutter, blur"
ACT-46,ACT,RF36,Modo Duelo,normal,nomesh,24,act-46-normal-nomesh.png,"A circular app icon badge in soft 3D clay-render style, front view, centered, on a pure white background. Outer ring: a thick dark espresso-brown disc (#2A211C) with a subtly beveled rim. The dark disc is plain, no network mesh, no nodes. Behind the mesh, a vibrant orange halo (#F57C1F) surrounds a smooth matte cream medallion (#F5EBD7) in the center. On the medallion: two clothes hangers crossed like fencing swords, rendered as a single chunky matte-black object (#1E1B18) with rounded edges, soft studio lighting from the top-left, a short soft shadow on the cream medallion. No text, no letters, no numbers anywhere. Flat composition, no perspective tilt, no extra objects, no background scene, no watermark, crisp edges, high detail, 1024x1024.","text, letters, watermark, logo of real brands, photorealistic person, face, hands, gradient background, perspective, multiple objects, clutter, blur"
ACT-46,ACT,RF36,Modo Duelo,ativo,full,"512,96",act-46-ativo.png,"A circular app icon badge in soft 3D clay-render style, front view, centered, on a pure white background. Outer ring: a thick dark espresso-brown disc (#2A211C) with a subtly beveled rim. On the disc: a network mesh of thin cream-colored threads forming triangles, connecting round glossy nodes in yellow, orange, green, blue and brown, larger nodes near the outer edge, smaller near the center. Behind the mesh, a vibrant orange halo (#F57C1F) surrounds a smooth matte cream medallion (#F5EBD7) in the center. On the medallion: two clothes hangers crossed like fencing swords, rendered as a single chunky matte-black object (#1E1B18) with rounded edges, soft studio lighting from the top-left, a short soft shadow on the cream medallion. With accent details in bright orange (#F57C1F): orange hooks. No text, no letters, no numbers anywhere. Flat composition, no perspective tilt, no extra objects, no background scene, no watermark, crisp edges, high detail, 1024x1024.","text, letters, watermark, logo of real brands, photorealistic person, face, hands, gradient background, perspective, multiple objects, clutter, blur"
ACT-46,ACT,RF36,Modo Duelo,ativo,halfmesh,48,act-46-ativo-halfmesh.png,"A circular app icon badge in soft 3D clay-render style, front view, centered, on a pure white background. Outer ring: a thick dark espresso-brown disc (#2A211C) with a subtly beveled rim. On the disc: a sparse network mesh of thin cream-colored threads with half the usual number of round glossy nodes in yellow, orange, green, blue and brown, larger nodes near the outer edge. Behind the mesh, a vibrant orange halo (#F57C1F) surrounds a smooth matte cream medallion (#F5EBD7) in the center. On the medallion: two clothes hangers crossed like fencing swords, rendered as a single chunky matte-black object (#1E1B18) with rounded edges, soft studio lighting from the top-left, a short soft shadow on the cream medallion. With accent details in bright orange (#F57C1F): orange hooks. No text, no letters, no numbers anywhere. Flat composition, no perspective tilt, no extra objects, no background scene, no watermark, crisp edges, high detail, 1024x1024.","text, letters, watermark, logo of real brands, photorealistic person, face, hands, gradient background, perspective, multiple objects, clutter, blur"
ACT-46,ACT,RF36,Modo Duelo,ativo,nomesh,24,act-46-ativo-nomesh.png,"A circular app icon badge in soft 3D clay-render style, front view, centered, on a pure white background. Outer ring: a thick dark espresso-brown disc (#2A211C) with a subtly beveled rim. The dark disc is plain, no network mesh, no nodes. Behind the mesh, a vibrant orange halo (#F57C1F) surrounds a smooth matte cream medallion (#F5EBD7) in the center. On the medallion: two clothes hangers crossed like fencing swords, rendered as a single chunky matte-black object (#1E1B18) with rounded edges, soft studio lighting from the top-left, a short soft shadow on the cream medallion. With accent details in bright orange (#F57C1F): orange hooks. No text, no letters, no numbers anywhere. Flat composition, no perspective tilt, no extra objects, no background scene, no watermark, crisp edges, high detail, 1024x1024.","text, letters, watermark, logo of real brands, photorealistic person, face, hands, gradient background, perspective, multiple objects, clutter, blur"
